Return_ID,Order_ID,Product_ID,Return_Date,Return_Quantity,Return_Reason,Refund_Amount
R10001,SO58872,P1049,20-Jan-2025,2,Quality Issue,24980
R10002,SO55937,P1395,21-Apr-2025,12,Size Issue,595200
R10003,SO40297,P1018,18-May-2025,1,Wrong Item,5790
R10004,SO43513,P1141,28-May-2025,9,Defective,211230
R10005,SO51061,P1434,06-Aug-2025,4,Wrong Item,99000
R10006,SO42477,P1291,30-May-2025,7,Damaged,207550
R10007,SO62855,P1125,26-Sep-2025,2,Damaged,22600
R10008,SO21250,P1172,26-Jul-2025,7,Wrong Item,177450
R10009,SO30276,P1848,16-Sep-2025,8,Wrong Item,273440
R10010,SO54064,P1787,11-Jun-2025,9,Late Delivery,499230
R10011,SO68283,P1939,28-Aug-2025,7,Quality Issue,413140
R10012,SO62801,P1273,18-Jan-2025,7,Quality Issue,325080
R10013,SO60300,P1041,02-Nov-2025,1,Size Issue,33910
R10014,SO29514,P1193,27-Jun-2025,2,Size Issue,37540
R10015,SO37388,P1455,15-Dec-2025,13,Not Required,425750
R10016,SO44405,P1975,14-Jun-2025,4,Late Delivery,95440
R10017,SO52680,P1108,10-Jun-2025,1,Quality Issue,57500
R10018,SO69176,P1930,13-Oct-2025,9,Damaged,470340
R10019,SO16236,P1838,03-May-2025,5,Size Issue,20150
R10020,SO22946,P1900,24-Jun-2025,1,Damaged,68220
R10021,SO31043,P1820,20-Mar-2025,4,Wrong Item,30920
R10022,SO15225,P1458,26-Sep-2025,1,Size Issue,55790
R10023,SO22349,P1929,13-Aug-2025,5,Defective,267800
R10024,SO27376,P1805,30-Jun-2025,2,Not Required,61020
R10025,SO13092,P1475,02-Jan-2026,11,Wrong Item,187550
R10026,SO47527,P1504,06-Dec-2025,1,Not Required,40580
R10027,SO34917,P1792,28-Apr-2025,3,Size Issue,195150
R10028,SO61158,P1106,01-Mar-2025,3,Defective,134430
R10029,SO41543,P1220,02-Feb-2025,1,Defective,72730
R10030,SO32038,P1287,04-Mar-2025,1,Size Issue,6150
R10031,SO36802,P1342,13-May-2025,1,Late Delivery,79490
R10032,SO19799,P1753,21-May-2025,2,Damaged,88580
R10033,SO32409,P1045,28-May-2025,2,Quality Issue,88880
R10034,SO69012,P1249,01-May-2025,2,Quality Issue,9440
R10035,SO17439,P1680,12-Oct-2025,10,Late Delivery,443900
R10036,SO21251,P1753,09-Mar-2025,4,Defective,177160
R10037,SO21941,P1234,28-Sep-2025,6,Not Required,76320
R10038,SO18072,P1293,08-Nov-2025,3,Late Delivery,7230
R10039,SO19859,P1821,25-Nov-2025,11,Quality Issue,727760
R10040,SO56150,P1373,13-Mar-2025,17,Late Delivery,1133900
R10041,SO62119,P1168,08-Apr-2025,4,Not Required,222800
R10042,SO22605,P1519,03-Mar-2025,1,Quality Issue,13800
R10043,SO44655,P1039,04-Apr-2025,6,Defective,187860
R10044,SO32820,P1717,16-Dec-2025,4,Size Issue,183440
R10045,SO52474,P1495,05-Sep-2025,9,Damaged,186120
R10046,SO24868,P1760,16-May-2025,4,Size Issue,282560
R10047,SO48496,P1266,19-Sep-2025,2,Defective,16480
R10048,SO67825,P1114,26-Feb-2025,7,Damaged,367640
R10049,SO13780,P1149,19-Oct-2025,1,Size Issue,7150
R10050,SO65667,P1997,18-Jan-2025,11,Size Issue,290730
R10051,SO33405,P1211,02-Sep-2025,6,Defective,30780
R10052,SO42433,P1360,25-Apr-2025,8,Size Issue,286160
R10053,SO25468,P1699,09-Feb-2025,8,Defective,190480
R10054,SO22823,P1815,29-Mar-2025,1,Defective,25520
R10055,SO26396,P1662,16-Jan-2025,13,Not Required,908830
R10056,SO52865,P1449,20-Jul-2025,1,Defective,16000
R10057,SO61900,P1468,23-Jan-2025,16,Wrong Item,115680
R10058,SO63163,P1142,27-Dec-2025,7,Not Required,8330
R10059,SO47643,P1123,24-Dec-2025,1,Not Required,61890
R10060,SO38463,P1142,12-Aug-2025,9,Defective,10710
R10061,SO11210,P1884,18-Mar-2025,7,Defective,102270
R10062,SO23839,P1719,18-May-2025,1,Damaged,15140
R10063,SO51015,P1070,12-Dec-2025,2,Size Issue,146860
R10064,SO31841,P1846,31-May-2025,1,Not Required,56760
R10065,SO57967,P1489,20-Jul-2025,15,Wrong Item,172950
R10066,SO67540,P1689,19-Apr-2025,2,Defective,98220
R10067,SO40881,P1049,17-Apr-2025,3,Not Required,37470
R10068,SO60290,P1940,23-Sep-2025,4,Defective,287840
R10069,SO61261,P1446,06-Jan-2026,3,Late Delivery,193530
R10070,SO42767,P1303,30-Nov-2025,5,Not Required,61850
R10071,SO11813,P1601,07-May-2025,4,Defective,40520
R10072,SO29579,P1066,17-Jun-2025,14,Late Delivery,297920
R10073,SO13321,P1552,12-Jan-2025,5,Quality Issue,332250
R10074,SO61560,P1441,10-Jul-2025,4,Defective,235120
R10075,SO13020,P1900,17-Dec-2025,4,Size Issue,272880
R10076,SO53390,P1650,22-Nov-2025,7,Late Delivery,323680
R10077,SO58647,P1045,27-Sep-2025,4,Defective,177760
R10078,SO52161,P1716,16-Jan-2025,1,Wrong Item,34800
R10079,SO63251,P1846,01-Apr-2025,6,Damaged,340560
R10080,SO38841,P1933,23-Jan-2025,11,Not Required,65780
R10081,SO23808,P1920,13-May-2025,1,Quality Issue,61930
R10082,SO22063,P1452,27-Aug-2025,16,Not Required,1115200
R10083,SO59497,P1648,03-Oct-2025,8,Damaged,522080
R10084,SO28325,P1079,12-Oct-2025,4,Damaged,190320
R10085,SO14598,P1133,17-Jul-2025,3,Defective,218760
R10086,SO19111,P1742,21-Aug-2025,1,Defective,74910
R10087,SO54619,P1649,18-Oct-2025,1,Not Required,42310
R10088,SO12431,P1473,31-Aug-2025,2,Defective,70400
R10089,SO39338,P1208,27-Nov-2025,11,Damaged,678590
R10090,SO13687,P1935,30-Aug-2025,13,Defective,402220
R10091,SO14992,P1109,25-Jan-2025,2,Defective,88220
R10092,SO61681,P1465,09-Feb-2025,1,Defective,9980
R10093,SO56865,P1463,11-Nov-2025,12,Damaged,233400
R10094,SO42268,P1146,15-Jul-2025,1,Late Delivery,67400
R10095,SO14495,P1621,19-Sep-2025,1,Late Delivery,10070
R10096,SO15124,P1128,09-Jan-2026,10,Late Delivery,716100
R10097,SO49881,P1468,10-Sep-2025,2,Late Delivery,14460
R10098,SO58816,P1172,29-Dec-2025,1,Not Required,25350
R10099,SO30177,P1144,08-May-2025,4,Not Required,278320
R10100,SO55019,P1793,20-Jul-2025,11,Late Delivery,658790
R10101,SO66438,P1219,27-Jan-2025,7,Defective,14630
R10102,SO62537,P1582,09-Aug-2025,1,Quality Issue,26120
R10103,SO39548,P1805,25-Oct-2025,3,Not Required,91530
R10104,SO13449,P1556,06-Feb-2025,16,Wrong Item,719840
R10105,SO67155,P1777,30-Jan-2025,1,Wrong Item,39890
R10106,SO21725,P1084,08-Feb-2025,6,Size Issue,454800
R10107,SO28449,P1537,19-Mar-2025,8,Quality Issue,206080
R10108,SO68027,P1416,16-Sep-2025,6,Damaged,28320
R10109,SO22001,P1743,19-May-2025,13,Defective,532740
R10110,SO69225,P1265,30-Jan-2025,3,Size Issue,113520
R10111,SO50201,P1426,26-Oct-2025,12,Damaged,750480
R10112,SO19971,P1906,11-Aug-2025,16,Damaged,2240
R10113,SO69482,P1848,12-Mar-2025,3,Late Delivery,102540
R10114,SO25258,P1888,21-Oct-2025,9,Quality Issue,235710
R10115,SO15961,P1918,05-Jul-2025,5,Size Issue,7350
R10116,SO14108,P1979,05-Sep-2025,4,Size Issue,207360
R10117,SO41134,P1154,29-Apr-2025,7,Defective,171920
R10118,SO63101,P1620,04-Jun-2025,9,Wrong Item,50580
R10119,SO51189,P1467,22-Jun-2025,10,Not Required,286100
R10120,SO47793,P1694,21-Jul-2025,8,Not Required,534960
R10121,SO34247,P1869,09-Aug-2025,4,Wrong Item,214280
R10122,SO56704,P1077,03-Jun-2025,4,Quality Issue,101240
R10123,SO55545,P1919,31-Aug-2025,3,Size Issue,16500
R10124,SO58435,P1292,13-May-2025,4,Size Issue,191560
R10125,SO66022,P1706,26-Sep-2025,6,Defective,19560
R10126,SO62936,P1896,09-Oct-2025,3,Quality Issue,174600
R10127,SO20789,P1025,25-Feb-2025,2,Size Issue,76380
R10128,SO18015,P1067,08-Mar-2025,4,Wrong Item,129520
R10129,SO47857,P1663,25-Jul-2025,15,Defective,612600
R10130,SO68726,P1331,11-Oct-2025,3,Late Delivery,15240
R10131,SO27781,P1056,20-Jan-2025,9,Damaged,645210
R10132,SO69487,P1510,18-Mar-2025,11,Damaged,33550
R10133,SO47536,P1787,11-Apr-2025,3,Quality Issue,166410
R10134,SO22521,P1431,09-Dec-2025,5,Defective,334900
R10135,SO46392,P1404,20-Oct-2025,4,Not Required,289920
R10136,SO24991,P1693,21-Mar-2025,1,Not Required,65430
R10137,SO26606,P1299,07-Mar-2025,2,Wrong Item,45380
R10138,SO17633,P1895,12-Oct-2025,10,Damaged,527900
R10139,SO54352,P1510,03-Apr-2025,2,Late Delivery,6100
R10140,SO17160,P1829,10-Apr-2025,3,Size Issue,119520
R10141,SO48886,P1860,22-Jul-2025,4,Quality Issue,270680
R10142,SO32037,P1222,21-Jul-2025,1,Damaged,23670
R10143,SO40090,P1394,26-Jun-2025,6,Defective,261300
R10144,SO57732,P1002,06-Feb-2025,6,Not Required,394440
R10145,SO51495,P1578,20-Sep-2025,16,Defective,115360
R10146,SO64670,P1706,14-Dec-2025,3,Damaged,9780
R10147,SO48058,P1633,08-Jun-2025,14,Wrong Item,207340
R10148,SO69232,P1165,21-Feb-2025,5,Not Required,91800
R10149,SO24594,P1051,13-Jun-2025,12,Wrong Item,421440
R10150,SO59034,P1829,25-Jan-2025,7,Late Delivery,278880
R10151,SO66251,P1505,10-Sep-2025,4,Wrong Item,130360
R10152,SO31409,P1080,28-Feb-2025,7,Quality Issue,313040
R10153,SO46578,P1624,20-Jun-2025,1,Not Required,71150
R10154,SO56738,P1852,21-Jul-2025,18,Damaged,668880
R10155,SO52518,P1901,19-Nov-2025,4,Damaged,12640
R10156,SO59691,P1947,30-Nov-2025,5,Late Delivery,177750
R10157,SO60768,P1434,02-Aug-2025,15,Defective,371250
R10158,SO59356,P1785,17-Jul-2025,5,Damaged,102700
R10159,SO67265,P1584,01-Jul-2025,4,Quality Issue,214960
R10160,SO54249,P1576,12-Jul-2025,10,Quality Issue,321700
R10161,SO40820,P1131,24-May-2025,6,Late Delivery,30540
R10162,SO11208,P1089,07-Oct-2025,6,Damaged,194040
R10163,SO33858,P1388,02-Aug-2025,12,Wrong Item,708240
R10164,SO58592,P1221,06-Oct-2025,5,Not Required,113450
R10165,SO26819,P1872,05-Dec-2025,8,Size Issue,320000
R10166,SO59846,P1406,09-Jun-2025,7,Defective,520030
R10167,SO30882,P1465,02-Mar-2025,12,Size Issue,119760
R10168,SO55479,P1198,30-Jun-2025,4,Size Issue,72160
R10169,SO47157,P1213,09-Jul-2025,10,Defective,503800
R10170,SO53263,P1023,09-Mar-2025,9,Late Delivery,203130
R10171,SO26492,P1058,05-Oct-2025,2,Late Delivery,103260
R10172,SO10497,P1727,08-Feb-2025,2,Late Delivery,137960
R10173,SO23766,P1650,19-Jun-2025,8,Damaged,369920
R10174,SO67365,P1607,06-Aug-2025,2,Wrong Item,142460
R10175,SO63537,P1447,06-Mar-2025,5,Late Delivery,105250
R10176,SO45496,P1239,17-Sep-2025,1,Late Delivery,83120
R10177,SO27118,P1892,11-Jun-2025,4,Quality Issue,111520
R10178,SO61945,P1682,19-Jun-2025,5,Size Issue,121450
R10179,SO65426,P1306,06-Jul-2025,2,Late Delivery,50920
R10180,SO33966,P1598,23-Aug-2025,2,Damaged,76920
R10181,SO15605,P1017,02-Apr-2025,8,Quality Issue,212640
R10182,SO32296,P1875,25-Jun-2025,4,Damaged,141360
R10183,SO45085,P1146,30-Nov-2025,8,Quality Issue,539200
R10184,SO46478,P1356,13-Sep-2025,13,Size Issue,346320
R10185,SO41443,P1858,30-Mar-2025,1,Not Required,69000
R10186,SO56993,P1678,27-Mar-2025,12,Not Required,304920
R10187,SO21691,P1002,15-Mar-2025,2,Quality Issue,131480
R10188,SO38255,P1330,30-Aug-2025,7,Late Delivery,337610
R10189,SO52681,P1362,14-Oct-2025,14,Not Required,911820
R10190,SO17944,P1616,29-Jan-2025,1,Not Required,1940
R10191,SO37341,P1829,15-Aug-2025,8,Damaged,318720
R10192,SO63041,P1752,11-Mar-2025,12,Quality Issue,365520
R10193,SO44413,P1797,05-Jun-2025,3,Defective,17850
R10194,SO22604,P1330,29-Mar-2025,1,Damaged,48230
R10195,SO25412,P1206,08-May-2025,16,Wrong Item,1101440
R10196,SO25941,P1056,11-Jun-2025,3,Damaged,215070
R10197,SO11600,P1032,15-Sep-2025,5,Wrong Item,245700
R10198,SO56083,P1928,13-Jul-2025,3,Late Delivery,61920
R10199,SO40458,P1444,21-Aug-2025,2,Size Issue,129840
R10200,SO60858,P1343,14-Oct-2025,19,Late Delivery,1010800
R10201,SO38345,P1532,05-Jan-2026,3,Not Required,51720
R10202,SO62552,P1981,15-Nov-2025,3,Defective,68280
R10203,SO25137,P1445,28-Oct-2025,3,Late Delivery,7470
R10204,SO53642,P1660,27-Jul-2025,3,Quality Issue,48810
R10205,SO67913,P1661,19-May-2025,2,Quality Issue,10700
R10206,SO28866,P1888,09-Jun-2025,6,Size Issue,157140
R10207,SO62161,P1958,12-Mar-2025,10,Late Delivery,741200
R10208,SO60202,P1832,10-Jul-2025,1,Size Issue,19990
R10209,SO48400,P1879,16-Nov-2025,9,Defective,455940
R10210,SO38353,P1191,23-May-2025,5,Wrong Item,314350
R10211,SO58383,P1300,21-May-2025,5,Defective,68200
R10212,SO17607,P1993,08-Nov-2025,5,Damaged,100700
R10213,SO26782,P1839,30-May-2025,2,Quality Issue,10240
R10214,SO41360,P1227,09-Mar-2025,8,Size Issue,411360
R10215,SO60628,P1128,08-Dec-2025,2,Size Issue,143220
R10216,SO53342,P1178,26-Feb-2025,1,Size Issue,43380
R10217,SO28232,P1070,18-Apr-2025,1,Quality Issue,73430
R10218,SO32606,P1890,06-Mar-2025,7,Quality Issue,489020
R10219,SO33750,P1824,28-Jan-2025,12,Defective,113280
R10220,SO54441,P1039,25-Dec-2025,5,Late Delivery,156550
R10221,SO39147,P1915,23-Sep-2025,15,Late Delivery,220350
R10222,SO58630,P1203,05-Aug-2025,3,Damaged,52860
R10223,SO30150,P1147,09-Feb-2025,6,Late Delivery,243780
R10224,SO63213,P1019,26-Jun-2025,5,Defective,298700
R10225,SO19100,P1187,07-Dec-2025,11,Not Required,323510
R10226,SO54350,P1656,13-Apr-2025,3,Quality Issue,176010
R10227,SO24806,P1803,20-Aug-2025,14,Defective,642600
R10228,SO49028,P1972,12-Mar-2025,2,Wrong Item,111020
R10229,SO61289,P1450,19-Nov-2025,4,Size Issue,41520
R10230,SO12729,P1102,15-Mar-2025,3,Defective,189750
R10231,SO38077,P1524,30-Sep-2025,2,Not Required,118720
R10232,SO41557,P1357,07-Oct-2025,1,Size Issue,58270
R10233,SO54078,P1937,25-Aug-2025,11,Late Delivery,446380
R10234,SO17267,P1207,25-Jan-2025,13,Not Required,688350
R10235,SO34448,P1320,08-Jul-2025,3,Wrong Item,78930
R10236,SO39129,P1273,14-May-2025,11,Defective,510840
R10237,SO45581,P1085,15-Jun-2025,1,Damaged,57540
R10238,SO44131,P1403,26-Nov-2025,1,Not Required,25340
R10239,SO31060,P1582,20-Mar-2025,2,Defective,52240
R10240,SO62548,P1696,07-Sep-2025,9,Quality Issue,415980
R10241,SO22401,P1006,08-Oct-2025,3,Damaged,58320
R10242,SO40842,P1240,14-Aug-2025,2,Damaged,42080
R10243,SO24811,P1155,21-Aug-2025,4,Quality Issue,2360
R10244,SO34203,P1092,20-Jun-2025,12,Late Delivery,876720
R10245,SO67159,P1820,29-Jan-2025,15,Wrong Item,115950
R10246,SO69793,P1855,07-Jan-2026,14,Not Required,1039080
R10247,SO26131,P1514,28-May-2025,2,Not Required,14260
R10248,SO28549,P1259,12-Mar-2025,4,Wrong Item,251360
R10249,SO28984,P1557,05-Jun-2025,1,Size Issue,10610
R10250,SO25397,P1819,14-Apr-2025,9,Damaged,549360
R10251,SO10376,P1014,21-Aug-2025,1,Late Delivery,51050
R10252,SO40226,P1604,21-Jun-2025,3,Late Delivery,71460
R10253,SO40826,P1574,13-Jul-2025,4,Quality Issue,181440
R10254,SO18177,P1764,07-Apr-2025,2,Defective,145040
R10255,SO32115,P1462,20-May-2025,1,Not Required,31370
R10256,SO36953,P1793,30-Nov-2025,8,Size Issue,479120
R10257,SO22956,P1859,09-Oct-2025,7,Defective,233170
R10258,SO60371,P1434,23-May-2025,6,Defective,148500
R10259,SO27743,P1675,11-Jul-2025,4,Damaged,187400
R10260,SO42354,P1781,17-Aug-2025,9,Late Delivery,547020
R10261,SO19009,P1214,07-Jun-2025,8,Size Issue,219360
R10262,SO32771,P1731,15-Jan-2025,1,Late Delivery,59700
R10263,SO39407,P1299,01-Dec-2025,1,Damaged,22690
R10264,SO32393,P1957,07-Jan-2025,10,Defective,124500
R10265,SO67350,P1458,29-Jul-2025,1,Defective,55790
R10266,SO41043,P1948,21-Mar-2025,3,Damaged,95700
R10267,SO29522,P1799,28-Aug-2025,7,Late Delivery,263340
R10268,SO32588,P1876,02-Jan-2026,15,Damaged,349050
R10269,SO21274,P1188,20-Jun-2025,4,Not Required,332360
R10270,SO53712,P1451,24-May-2025,2,Wrong Item,120880
R10271,SO68664,P1728,25-Dec-2025,1,Damaged,43070
R10272,SO61039,P1365,16-Mar-2025,4,Not Required,280720
R10273,SO65754,P1176,23-Nov-2025,4,Late Delivery,154040
R10274,SO15624,P1315,15-Apr-2025,12,Not Required,785160
R10275,SO66132,P1771,05-May-2025,2,Size Issue,97820
R10276,SO59441,P1034,31-Aug-2025,5,Wrong Item,341150
R10277,SO36037,P1583,16-Sep-2025,8,Not Required,407680
R10278,SO11945,P1162,08-Aug-2025,9,Defective,171000
R10279,SO60456,P1635,12-Sep-2025,4,Wrong Item,271440
R10280,SO31747,P1571,04-Nov-2025,5,Damaged,318950
R10281,SO18533,P1587,27-Oct-2025,10,Not Required,429700
R10282,SO11556,P1551,29-Jan-2025,7,Wrong Item,334740
R10283,SO43025,P1942,09-Mar-2025,1,Late Delivery,32830
R10284,SO38426,P1809,27-Jun-2025,1,Defective,4350
R10285,SO37233,P1724,07-May-2025,5,Wrong Item,124400
R10286,SO20256,P1376,30-Nov-2025,1,Quality Issue,66040
R10287,SO64675,P1943,21-Sep-2025,4,Damaged,170840
R10288,SO56980,P1184,11-Oct-2025,1,Wrong Item,71240
R10289,SO45132,P1208,07-Aug-2025,6,Damaged,370140
R10290,SO48891,P1864,01-Oct-2025,16,Not Required,773280
R10291,SO19293,P1859,04-Sep-2025,4,Quality Issue,133240
R10292,SO52150,P1543,16-Jan-2026,11,Damaged,246070
R10293,SO56949,P1749,07-Jan-2026,1,Damaged,26420
R10294,SO30216,P1499,26-Apr-2025,2,Wrong Item,45420
R10295,SO20797,P1545,02-Jan-2026,4,Wrong Item,54040
R10296,SO28367,P1433,08-Jul-2025,5,Late Delivery,99550
R10297,SO25092,P1619,14-May-2025,15,Late Delivery,360000
R10298,SO60032,P1974,04-Mar-2025,1,Size Issue,47180
R10299,SO60660,P1473,23-Sep-2025,3,Size Issue,105600
R10300,SO47079,P1243,06-Mar-2025,1,Damaged,77540
R10301,SO62771,P1270,12-Feb-2025,12,Size Issue,695760
R10302,SO52753,P1513,29-May-2025,3,Damaged,22770
R10303,SO41993,P1626,21-Aug-2025,9,Not Required,352800
R10304,SO18882,P1140,02-May-2025,7,Quality Issue,247030
R10305,SO29892,P1539,16-Jan-2026,5,Size Issue,123450
R10306,SO60740,P1202,26-Aug-2025,5,Late Delivery,349800
R10307,SO36297,P1716,14-Jan-2025,1,Wrong Item,34800
R10308,SO63445,P1838,24-Apr-2025,6,Wrong Item,24180
R10309,SO46554,P1590,01-Apr-2025,11,Defective,387090
R10310,SO37208,P1146,31-Jul-2025,3,Defective,202200
R10311,SO62033,P1013,20-May-2025,8,Quality Issue,456320
R10312,SO23700,P1797,09-Apr-2025,4,Late Delivery,23800
R10313,SO12512,P1967,01-May-2025,4,Damaged,260240
R10314,SO18014,P1213,14-Dec-2025,6,Defective,302280
R10315,SO24692,P1499,05-Mar-2025,12,Not Required,272520
R10316,SO30789,P1658,22-Jun-2025,2,Wrong Item,71240
R10317,SO60127,P1197,24-Dec-2025,4,Size Issue,184240
R10318,SO26461,P1670,28-Feb-2025,3,Quality Issue,85110
R10319,SO43356,P1075,25-Sep-2025,6,Size Issue,409080
R10320,SO37902,P1513,22-Sep-2025,1,Damaged,7590
R10321,SO21086,P1179,26-Nov-2025,7,Damaged,414260
R10322,SO30862,P1407,24-Mar-2025,1,Defective,62040
R10323,SO43199,P1988,28-Nov-2025,3,Quality Issue,130020
R10324,SO43871,P1599,09-Jan-2025,2,Wrong Item,21640
R10325,SO30410,P1896,13-Dec-2025,9,Wrong Item,523800
R10326,SO46993,P1139,10-Jan-2026,11,Not Required,61050
R10327,SO41773,P1211,01-Aug-2025,2,Wrong Item,10260
R10328,SO43727,P1021,22-Aug-2025,12,Wrong Item,243360
R10329,SO64340,P1667,06-Nov-2025,5,Wrong Item,28000
R10330,SO17025,P1441,03-Jun-2025,1,Quality Issue,58780
R10331,SO25827,P1201,17-Nov-2025,9,Size Issue,717030
R10332,SO49359,P1938,01-Mar-2025,8,Damaged,182240
R10333,SO42597,P1034,15-Nov-2025,3,Quality Issue,204690
R10334,SO11033,P1501,01-Nov-2025,6,Quality Issue,60180
R10335,SO60519,P1775,19-Mar-2025,14,Wrong Item,957040
R10336,SO42322,P1769,01-Nov-2025,5,Defective,215650
R10337,SO40128,P1715,01-Jan-2026,4,Size Issue,296280
R10338,SO26120,P1377,27-Mar-2025,2,Not Required,20000
R10339,SO62258,P1190,20-Oct-2025,4,Late Delivery,141400
R10340,SO17243,P1751,29-Jan-2025,2,Late Delivery,109080
R10341,SO35424,P1216,19-Apr-2025,12,Not Required,651720
R10342,SO63874,P1295,06-Sep-2025,5,Wrong Item,27000
R10343,SO35149,P1469,18-Mar-2025,8,Quality Issue,316160
R10344,SO12465,P1597,14-Apr-2025,11,Damaged,755040
R10345,SO50372,P1120,24-Dec-2025,2,Size Issue,46720
R10346,SO55990,P1843,14-Mar-2025,1,Defective,39590
R10347,SO22942,P1767,19-Apr-2025,1,Damaged,50980
R10348,SO47547,P1417,05-Aug-2025,10,Late Delivery,166200
R10349,SO28647,P1115,01-Apr-2025,11,Late Delivery,174350
R10350,SO64316,P1200,27-May-2025,9,Size Issue,117810
R10351,SO53044,P1395,18-Aug-2025,4,Defective,198400
R10352,SO63344,P1744,08-Aug-2025,1,Late Delivery,2900
R10353,SO15630,P1810,23-Sep-2025,1,Quality Issue,70500
R10354,SO24913,P1441,02-Nov-2025,8,Wrong Item,470240
R10355,SO18693,P1618,10-Aug-2025,1,Wrong Item,50740
R10356,SO63669,P1923,04-Dec-2025,5,Not Required,188800
R10357,SO54673,P1159,17-Jul-2025,2,Wrong Item,131200
R10358,SO19963,P1346,26-Oct-2025,1,Damaged,55560
R10359,SO39663,P1477,22-Jul-2025,5,Quality Issue,85150
R10360,SO68375,P1449,10-Jun-2025,1,Quality Issue,16000
R10361,SO56851,P1307,01-Jun-2025,9,Size Issue,588510
R10362,SO18940,P1121,11-Apr-2025,7,Wrong Item,129710
R10363,SO36517,P1146,14-Sep-2025,8,Size Issue,539200
R10364,SO53864,P1014,09-Apr-2025,9,Not Required,459450
R10365,SO10823,P1411,12-Jan-2025,10,Defective,663400
R10366,SO30260,P1629,19-Jan-2025,3,Late Delivery,109290
R10367,SO44003,P1567,12-Sep-2025,3,Late Delivery,22950
R10368,SO38153,P1770,25-Nov-2025,11,Damaged,184800
R10369,SO44888,P1808,01-Jun-2025,4,Damaged,272880
R10370,SO66673,P1529,07-Jul-2025,3,Not Required,195720
R10371,SO29102,P1102,29-May-2025,2,Defective,126500
R10372,SO61208,P1082,13-Jul-2025,4,Damaged,126640
R10373,SO15830,P1918,26-Apr-2025,13,Quality Issue,19110
R10374,SO22598,P1131,09-Sep-2025,4,Late Delivery,20360
R10375,SO47996,P1083,18-Jul-2025,3,Late Delivery,54090
R10376,SO25938,P1018,02-Aug-2025,2,Size Issue,11580
R10377,SO62942,P1775,13-Jan-2025,1,Wrong Item,68360
R10378,SO60704,P1107,12-Dec-2025,2,Wrong Item,3780
R10379,SO39165,P1685,27-Jan-2025,1,Not Required,32050
R10380,SO23063,P1422,16-Jun-2025,2,Defective,59600
R10381,SO25993,P1790,19-Jun-2025,5,Damaged,295850
R10382,SO66964,P1285,15-Jun-2025,1,Size Issue,36600
R10383,SO45941,P1035,12-Sep-2025,1,Wrong Item,20370
R10384,SO27117,P1218,07-Dec-2025,3,Late Delivery,46890
R10385,SO32288,P1907,04-Sep-2025,3,Wrong Item,7920
R10386,SO13073,P1593,25-Jan-2025,3,Defective,93450
R10387,SO36298,P1079,29-Jun-2025,2,Defective,95160
R10388,SO24198,P1164,18-Aug-2025,9,Wrong Item,83790
R10389,SO66627,P1940,26-Aug-2025,6,Late Delivery,431760
R10390,SO62226,P1023,12-Aug-2025,15,Size Issue,338550
R10391,SO67965,P1745,20-Jun-2025,1,Wrong Item,71120
R10392,SO31349,P1257,24-Jul-2025,8,Size Issue,368320
R10393,SO24149,P1865,01-May-2025,2,Defective,148560
R10394,SO21419,P1366,21-Oct-2025,9,Wrong Item,331290
R10395,SO50625,P1828,22-Nov-2025,4,Damaged,18160
R10396,SO19930,P1682,05-Mar-2025,13,Size Issue,315770
R10397,SO48062,P1475,14-Sep-2025,2,Size Issue,34100
R10398,SO57616,P1949,07-Jan-2026,8,Quality Issue,237280
R10399,SO12946,P1956,01-Sep-2025,16,Quality Issue,1091200
R10400,SO46041,P1607,27-Oct-2025,1,Defective,71230
R10401,SO15994,P1738,22-Feb-2025,6,Late Delivery,68940
R10402,SO16127,P1346,07-Jun-2025,1,Quality Issue,55560
R10403,SO50792,P1686,27-Oct-2025,15,Size Issue,198300
R10404,SO67382,P1575,01-May-2025,14,Not Required,133700
R10405,SO21564,P1458,23-Jan-2025,7,Late Delivery,390530
R10406,SO25477,P1932,21-Oct-2025,4,Late Delivery,270440
R10407,SO39568,P1508,23-Sep-2025,8,Quality Issue,280880
R10408,SO42802,P1751,01-Oct-2025,7,Size Issue,381780
R10409,SO56356,P1443,23-Jun-2025,8,Defective,312640
R10410,SO30106,P1571,07-Jun-2025,5,Damaged,318950
R10411,SO18017,P1167,02-Sep-2025,10,Damaged,220700
R10412,SO53905,P1853,07-Aug-2025,1,Not Required,54770
R10413,SO63831,P1298,12-Mar-2025,8,Late Delivery,570160
R10414,SO46151,P1290,22-Mar-2025,2,Quality Issue,134940
R10415,SO39901,P1891,27-Sep-2025,1,Defective,10840
R10416,SO63086,P1775,08-Oct-2025,6,Quality Issue,410160
R10417,SO13677,P1135,20-Mar-2025,6,Not Required,311160
R10418,SO37162,P2000,24-Sep-2025,5,Wrong Item,354000
R10419,SO17370,P1917,24-Jun-2025,1,Wrong Item,2480
R10420,SO37061,P1028,30-Sep-2025,3,Defective,150360
R10421,SO51100,P1596,29-May-2025,2,Wrong Item,74420
R10422,SO26649,P1161,11-Jan-2026,5,Late Delivery,87150
R10423,SO31955,P1370,22-May-2025,10,Wrong Item,45300
R10424,SO29635,P1879,14-Dec-2025,1,Late Delivery,50660
R10425,SO27522,P1904,25-Jan-2025,1,Damaged,41360
R10426,SO67914,P1161,13-Aug-2025,12,Not Required,209160
R10427,SO51152,P1455,07-Sep-2025,1,Size Issue,32750
R10428,SO34823,P1200,23-Sep-2025,1,Damaged,13090
R10429,SO61223,P1959,27-Apr-2025,2,Quality Issue,41140
R10430,SO17878,P1680,17-Jun-2025,5,Not Required,221950
R10431,SO60933,P1744,04-Apr-2025,11,Not Required,31900
R10432,SO49147,P1255,25-Nov-2025,3,Damaged,58860
R10433,SO32440,P1518,16-Aug-2025,5,Defective,218200
R10434,SO26159,P1477,15-Dec-2025,7,Quality Issue,119210
R10435,SO66576,P1491,22-May-2025,1,Wrong Item,76420
R10436,SO46215,P1840,20-Dec-2025,2,Damaged,142200
R10437,SO68856,P1779,08-Aug-2025,2,Quality Issue,21280
R10438,SO69875,P1039,01-Oct-2025,2,Quality Issue,62620
R10439,SO39588,P1838,23-Mar-2025,8,Wrong Item,32240
R10440,SO49000,P1374,14-Mar-2025,1,Quality Issue,51750
R10441,SO24815,P1749,09-Dec-2025,7,Not Required,184940
R10442,SO21688,P1527,11-Jan-2026,7,Defective,8610
R10443,SO22634,P1527,05-Apr-2025,11,Late Delivery,13530
R10444,SO17349,P1120,23-Jan-2025,1,Quality Issue,23360
R10445,SO29905,P1055,21-Feb-2025,12,Defective,757440
R10446,SO16931,P1851,19-Jun-2025,6,Quality Issue,153240
R10447,SO40435,P1051,17-Apr-2025,2,Damaged,70240
R10448,SO38199,P1095,09-Jul-2025,4,Quality Issue,88000
R10449,SO59163,P1858,21-Oct-2025,5,Late Delivery,345000
R10450,SO25741,P1280,11-Nov-2025,9,Late Delivery,292860
R10451,SO62194,P1467,22-Jan-2025,3,Size Issue,85830
R10452,SO59464,P1431,02-Aug-2025,1,Defective,66980
R10453,SO45871,P1962,05-Jun-2025,5,Wrong Item,169200
R10454,SO39675,P1413,21-Mar-2025,10,Defective,73100
R10455,SO24388,P1710,12-Nov-2025,1,Wrong Item,36020
R10456,SO33686,P1242,19-Mar-2025,3,Not Required,35370
R10457,SO18172,P1171,09-Sep-2025,13,Defective,529750
R10458,SO36698,P1173,05-Sep-2025,9,Wrong Item,622170
R10459,SO30983,P1561,11-Nov-2025,3,Damaged,164760
R10460,SO64682,P1710,20-Feb-2025,4,Quality Issue,144080
R10461,SO62072,P1080,08-Sep-2025,3,Size Issue,134160
R10462,SO18915,P1892,24-May-2025,10,Wrong Item,278800
R10463,SO58746,P1020,17-May-2025,17,Defective,1056890
R10464,SO22285,P1338,24-Apr-2025,5,Size Issue,27000
R10465,SO27639,P1585,11-Oct-2025,5,Quality Issue,286900
R10466,SO64862,P1301,01-Oct-2025,14,Not Required,327040
R10467,SO68494,P1424,26-Dec-2025,5,Size Issue,300300
R10468,SO54891,P1824,16-Nov-2025,11,Damaged,103840
R10469,SO51219,P1162,03-Jun-2025,11,Defective,209000
R10470,SO37180,P1922,18-Mar-2025,5,Damaged,163150
R10471,SO35264,P1844,27-Sep-2025,12,Not Required,301200
R10472,SO55017,P1227,10-Aug-2025,12,Late Delivery,617040
R10473,SO18870,P1031,10-Mar-2025,5,Late Delivery,306200
R10474,SO44792,P1241,10-Nov-2025,2,Not Required,94820
R10475,SO49194,P1104,29-Mar-2025,8,Damaged,57360
R10476,SO31538,P1559,11-Dec-2025,4,Size Issue,290480
R10477,SO35758,P1860,11-Aug-2025,2,Defective,135340
R10478,SO49290,P1015,20-Nov-2025,8,Size Issue,365760
R10479,SO28501,P1865,18-Feb-2025,7,Quality Issue,519960
R10480,SO60085,P1923,30-Nov-2025,3,Damaged,113280
R10481,SO44751,P1224,12-Apr-2025,4,Wrong Item,78560
R10482,SO17815,P1735,06-Aug-2025,14,Size Issue,324100
R10483,SO54841,P1519,10-Feb-2025,2,Quality Issue,27600
R10484,SO50489,P1148,16-Aug-2025,4,Wrong Item,220040
R10485,SO15842,P1824,17-Aug-2025,2,Wrong Item,18880
R10486,SO10313,P1786,31-May-2025,11,Not Required,769450
R10487,SO41673,P1080,23-May-2025,11,Defective,491920
R10488,SO69308,P1912,27-Aug-2025,3,Wrong Item,164190
R10489,SO68904,P1173,18-Jan-2025,7,Damaged,483910
R10490,SO20947,P1233,31-Mar-2025,1,Not Required,12070
R10491,SO11802,P1485,14-Mar-2025,3,Quality Issue,162030
R10492,SO51322,P1214,02-Aug-2025,16,Damaged,438720
R10493,SO62930,P1383,25-Nov-2025,4,Defective,199000
R10494,SO63004,P1389,13-Dec-2025,5,Size Issue,92950
R10495,SO28327,P1734,11-Sep-2025,2,Late Delivery,115140
R10496,SO33263,P1359,03-Oct-2025,1,Size Issue,3100
R10497,SO11186,P1727,06-Nov-2025,10,Defective,689800
R10498,SO48935,P1553,06-Oct-2025,15,Damaged,213150
R10499,SO47147,P1952,23-Jun-2025,1,Defective,37450
R10500,SO32271,P1518,23-Apr-2025,7,Defective,305480
R10501,SO52009,P1551,27-Jun-2025,1,Not Required,47820
R10502,SO57592,P1262,25-Jun-2025,9,Not Required,288000
R10503,SO11725,P1918,11-Jun-2025,15,Late Delivery,22050
R10504,SO58988,P1549,09-Mar-2025,5,Quality Issue,215100
R10505,SO68768,P1667,12-Jun-2025,5,Quality Issue,28000
R10506,SO61952,P1154,26-Nov-2025,3,Damaged,73680
R10507,SO64742,P1078,16-Sep-2025,1,Wrong Item,13620
R10508,SO30386,P1658,30-Nov-2025,2,Damaged,71240
R10509,SO66176,P1727,19-Mar-2025,8,Wrong Item,551840
R10510,SO40126,P1086,31-Oct-2025,3,Damaged,191400
R10511,SO69479,P1576,14-Jul-2025,4,Wrong Item,128680
R10512,SO57047,P1197,19-Jul-2025,9,Size Issue,414540
R10513,SO31785,P1474,23-Sep-2025,12,Size Issue,830640
R10514,SO34578,P1551,07-Jul-2025,1,Not Required,47820
R10515,SO60661,P1895,08-Feb-2025,2,Wrong Item,105580
R10516,SO12612,P1309,20-Jun-2025,6,Late Delivery,204180
R10517,SO54869,P1281,23-Mar-2025,2,Late Delivery,2380
R10518,SO45584,P1814,25-Jul-2025,3,Late Delivery,129720
R10519,SO36748,P1985,06-Jul-2025,14,Late Delivery,1132880
R10520,SO25244,P1611,31-Jul-2025,2,Late Delivery,50280
R10521,SO57181,P1157,03-Apr-2025,18,Not Required,114120
R10522,SO36416,P1575,31-Jul-2025,1,Damaged,9550
R10523,SO43095,P1111,28-Jul-2025,12,Defective,838800
R10524,SO16960,P1068,22-Oct-2025,5,Quality Issue,89650
R10525,SO22949,P1056,21-Sep-2025,9,Quality Issue,645210
R10526,SO39978,P1109,28-Jan-2025,3,Defective,132330
R10527,SO37684,P1658,21-Aug-2025,10,Damaged,356200
R10528,SO63698,P1205,20-Nov-2025,5,Defective,19250
R10529,SO34454,P1904,25-Oct-2025,4,Quality Issue,165440
R10530,SO53106,P1978,24-Feb-2025,3,Defective,46020
R10531,SO45101,P1040,22-Oct-2025,6,Size Issue,105120
R10532,SO54743,P1782,19-Jul-2025,1,Not Required,10480
R10533,SO20721,P1262,16-Jan-2025,7,Size Issue,224000
R10534,SO62229,P1901,12-Aug-2025,7,Late Delivery,22120
R10535,SO44670,P1935,23-Mar-2025,13,Defective,402220
R10536,SO53070,P1089,13-Nov-2025,1,Quality Issue,32340
R10537,SO35491,P1140,24-Nov-2025,11,Size Issue,388190
R10538,SO58386,P1053,21-Nov-2025,5,Quality Issue,146600
R10539,SO17106,P1450,14-Nov-2025,1,Late Delivery,10380
R10540,SO39313,P1426,25-Aug-2025,4,Size Issue,250160
R10541,SO66933,P1347,02-Jan-2026,9,Not Required,413820
R10542,SO49460,P1514,11-Nov-2025,18,Size Issue,128340
R10543,SO18120,P1273,08-Apr-2025,9,Defective,417960
R10544,SO66257,P1702,09-Oct-2025,14,Defective,39340
R10545,SO62900,P1641,07-Nov-2025,1,Defective,24890
R10546,SO55331,P1492,06-May-2025,1,Late Delivery,42640
R10547,SO41329,P1562,20-Feb-2025,1,Quality Issue,54300
R10548,SO36539,P1670,03-Nov-2025,1,Damaged,28370
R10549,SO17636,P1392,23-Oct-2025,2,Wrong Item,62900
R10550,SO68004,P1395,22-Nov-2025,1,Damaged,49600
R10551,SO68766,P1916,26-Nov-2025,9,Size Issue,673740
R10552,SO28017,P1002,05-Mar-2025,6,Damaged,394440
R10553,SO35072,P1183,17-Mar-2025,8,Size Issue,104480
R10554,SO11986,P1754,17-Nov-2025,1,Not Required,860
R10555,SO47400,P1326,26-Jan-2025,4,Damaged,45160
R10556,SO25503,P1743,13-Mar-2025,19,Not Required,778620
R10557,SO53045,P1167,07-Nov-2025,1,Late Delivery,22070
R10558,SO12106,P1371,20-Dec-2025,3,Damaged,224940
R10559,SO52896,P1350,23-Mar-2025,5,Wrong Item,251300
R10560,SO16269,P1738,13-Mar-2025,8,Quality Issue,91920
R10561,SO18524,P1187,27-Aug-2025,17,Defective,499970
R10562,SO11034,P1498,24-May-2025,4,Wrong Item,271440
R10563,SO67331,P1899,10-Apr-2025,9,Wrong Item,606420
R10564,SO43571,P1356,09-Jun-2025,2,Size Issue,53280
R10565,SO59518,P1943,17-Sep-2025,2,Wrong Item,85420
R10566,SO25772,P1852,29-Dec-2025,2,Defective,74320
R10567,SO62812,P1459,29-Jan-2025,14,Damaged,344120
R10568,SO66475,P1643,06-May-2025,3,Wrong Item,203100
R10569,SO51195,P1968,31-Jan-2025,1,Size Issue,45550
R10570,SO63426,P1992,01-Sep-2025,9,Wrong Item,619560
R10571,SO29740,P1465,05-Jun-2025,3,Not Required,29940
R10572,SO59838,P1536,20-Jan-2025,6,Late Delivery,348540
R10573,SO69339,P1406,13-Jan-2025,2,Damaged,148580
R10574,SO63439,P1373,08-Feb-2025,16,Size Issue,1067200
R10575,SO48657,P1091,05-Jan-2025,1,Defective,17630
R10576,SO22496,P1663,19-Dec-2025,2,Not Required,81680
R10577,SO39564,P1417,02-Mar-2025,18,Wrong Item,299160
R10578,SO26151,P1985,03-Dec-2025,6,Defective,485520
R10579,SO30893,P1739,15-May-2025,4,Size Issue,117280
R10580,SO54222,P1013,30-Jun-2025,9,Damaged,513360
R10581,SO21931,P1675,06-Oct-2025,1,Damaged,46850
R10582,SO38712,P1093,02-Mar-2025,7,Size Issue,103250
R10583,SO33379,P1266,10-Jun-2025,12,Defective,98880
R10584,SO32570,P1165,21-Jan-2025,2,Quality Issue,36720
R10585,SO32957,P1295,24-Jan-2025,6,Damaged,32400
R10586,SO12495,P1464,12-Mar-2025,2,Late Delivery,16680
R10587,SO67504,P1637,11-Apr-2025,2,Wrong Item,15240
R10588,SO27314,P1504,04-Sep-2025,1,Late Delivery,40580
R10589,SO68828,P1746,07-Apr-2025,1,Size Issue,63070
R10590,SO24545,P1924,28-Apr-2025,9,Quality Issue,519660
R10591,SO12197,P1211,05-Sep-2025,3,Defective,15390
R10592,SO28055,P1472,16-Mar-2025,3,Not Required,28620
R10593,SO45448,P1542,15-May-2025,2,Size Issue,158480
R10594,SO19713,P1220,25-Jan-2025,1,Wrong Item,72730
R10595,SO27344,P1898,16-Nov-2025,14,Late Delivery,380100
R10596,SO12142,P1481,05-Nov-2025,5,Defective,232150
R10597,SO17318,P1285,17-Nov-2025,15,Quality Issue,549000
R10598,SO42459,P1556,17-Oct-2025,9,Quality Issue,404910
R10599,SO62036,P1594,24-Oct-2025,1,Not Required,54740
R10600,SO61717,P1162,29-Jun-2025,9,Wrong Item,171000
R10601,SO52876,P1278,31-Mar-2025,6,Defective,328260
R10602,SO68866,P1278,13-Jul-2025,1,Wrong Item,54710
R10603,SO20861,P1911,10-Jul-2025,4,Wrong Item,192120
R10604,SO57989,P1819,10-Dec-2025,8,Size Issue,488320
R10605,SO32252,P1619,12-Aug-2025,4,Size Issue,96000
R10606,SO46924,P1829,16-Jan-2025,3,Not Required,119520
R10607,SO57026,P1240,28-Feb-2025,2,Not Required,42080
R10608,SO16116,P1201,31-Aug-2025,7,Late Delivery,557690
R10609,SO10292,P1201,05-Oct-2025,14,Defective,1115380
R10610,SO66951,P1644,11-Dec-2025,11,Late Delivery,362780
R10611,SO59623,P1309,22-Nov-2025,10,Wrong Item,340300
R10612,SO40100,P1997,11-Apr-2025,8,Size Issue,211440
R10613,SO20525,P1828,19-Oct-2025,12,Quality Issue,54480
R10614,SO10019,P1198,11-Jun-2025,4,Defective,72160
R10615,SO14577,P1902,07-Jul-2025,1,Wrong Item,57060
R10616,SO44804,P1451,20-Jul-2025,2,Late Delivery,120880
R10617,SO34504,P1080,13-Feb-2025,1,Wrong Item,44720
R10618,SO59645,P1567,07-Mar-2025,3,Size Issue,22950
R10619,SO52942,P1493,09-Aug-2025,10,Damaged,209200
R10620,SO66937,P1849,24-Jul-2025,3,Quality Issue,81420
R10621,SO64928,P1598,23-Jul-2025,1,Quality Issue,38460
R10622,SO57766,P1206,17-Aug-2025,1,Defective,68840
R10623,SO47366,P1246,22-Sep-2025,16,Quality Issue,434880
R10624,SO24754,P1637,30-May-2025,9,Wrong Item,68580
R10625,SO17468,P1649,20-Apr-2025,2,Defective,84620
R10626,SO50018,P1941,16-Feb-2025,11,Late Delivery,625900
R10627,SO50935,P1287,09-Mar-2025,16,Wrong Item,98400
R10628,SO44891,P1005,14-Aug-2025,2,Quality Issue,76660
R10629,SO47267,P1095,04-Jun-2025,1,Late Delivery,22000
R10630,SO62183,P1922,29-Jun-2025,18,Defective,587340
R10631,SO69896,P1869,30-Dec-2025,14,Late Delivery,749980
R10632,SO43924,P1308,28-Jul-2025,16,Size Issue,160000
R10633,SO53372,P1841,16-Jul-2025,4,Late Delivery,80960
R10634,SO27015,P1898,18-Sep-2025,7,Wrong Item,190050
R10635,SO48335,P1614,27-Mar-2025,2,Damaged,9780
R10636,SO61974,P1215,08-May-2025,7,Not Required,419580
R10637,SO20346,P1339,23-Apr-2025,7,Not Required,467950
R10638,SO26211,P1746,31-Jan-2025,3,Not Required,189210
R10639,SO34513,P1283,29-Nov-2025,1,Wrong Item,51090
R10640,SO45883,P1777,27-Aug-2025,8,Not Required,319120
R10641,SO53935,P1840,08-Oct-2025,5,Not Required,355500
R10642,SO10793,P1215,13-May-2025,2,Wrong Item,119880
R10643,SO58849,P1452,07-Jun-2025,7,Late Delivery,487900
R10644,SO24558,P1238,27-Dec-2025,4,Damaged,89000
R10645,SO63796,P1944,19-Jan-2025,2,Not Required,76460
R10646,SO36467,P1160,08-Jan-2026,9,Defective,168840
R10647,SO45765,P1206,09-Jan-2026,4,Size Issue,275360
R10648,SO24071,P1880,08-May-2025,1,Defective,41440
R10649,SO69629,P1285,26-Aug-2025,6,Wrong Item,219600
R10650,SO11798,P1374,22-Oct-2025,1,Damaged,51750
R10651,SO51621,P1844,25-Nov-2025,5,Wrong Item,125500
R10652,SO22279,P1398,08-Oct-2025,15,Size Issue,177150
R10653,SO18463,P1329,05-Apr-2025,1,Damaged,6730
R10654,SO11826,P1001,27-Aug-2025,15,Not Required,710400
R10655,SO56969,P1290,03-May-2025,6,Damaged,404820
R10656,SO43009,P1125,25-Jun-2025,2,Late Delivery,22600
R10657,SO27028,P1461,13-Aug-2025,10,Wrong Item,126000
R10658,SO55111,P1477,24-Oct-2025,11,Late Delivery,187330
R10659,SO17075,P1596,08-Nov-2025,8,Wrong Item,297680
R10660,SO32859,P1391,14-Jul-2025,1,Wrong Item,54400
R10661,SO10535,P1109,06-Jan-2025,8,Damaged,352880
R10662,SO67431,P1165,25-Apr-2025,15,Late Delivery,275400
R10663,SO38488,P1007,30-Dec-2025,2,Wrong Item,43860
R10664,SO65191,P1503,29-Apr-2025,3,Not Required,129600
R10665,SO51597,P1074,02-Jan-2026,6,Damaged,285660
R10666,SO31281,P1839,14-Oct-2025,5,Quality Issue,25600
R10667,SO18702,P1926,10-May-2025,6,Damaged,3420
R10668,SO13596,P1520,05-Aug-2025,1,Late Delivery,3590
R10669,SO23430,P1153,05-Nov-2025,7,Late Delivery,343490
R10670,SO53612,P1983,15-Jul-2025,1,Wrong Item,82620
R10671,SO48756,P1093,08-Jun-2025,12,Not Required,177000
R10672,SO28397,P1986,11-Aug-2025,1,Defective,63390
R10673,SO68555,P1117,11-Jun-2025,2,Late Delivery,127560
R10674,SO60156,P1953,28-Apr-2025,2,Wrong Item,130320
R10675,SO20448,P1116,10-Nov-2025,11,Late Delivery,136620
R10676,SO53470,P1806,20-Jan-2025,5,Size Issue,186650
R10677,SO17258,P1513,13-Apr-2025,14,Not Required,106260
R10678,SO25840,P1531,01-Sep-2025,10,Defective,50500
R10679,SO66153,P1858,04-Mar-2025,1,Not Required,69000
R10680,SO30800,P1182,22-Oct-2025,1,Late Delivery,63060
R10681,SO11441,P1749,01-May-2025,7,Size Issue,184940
R10682,SO56498,P1801,05-Jul-2025,5,Damaged,329950
R10683,SO61884,P1939,06-May-2025,1,Quality Issue,59020
R10684,SO20025,P1646,05-Jul-2025,8,Wrong Item,416800
R10685,SO66439,P1739,15-Jan-2026,5,Damaged,146600
R10686,SO27876,P1025,04-Nov-2025,17,Damaged,649230
R10687,SO51493,P1830,21-Nov-2025,3,Size Issue,77040
R10688,SO26446,P1844,10-Mar-2025,4,Late Delivery,100400
R10689,SO33020,P1746,11-Sep-2025,10,Damaged,630700
R10690,SO48241,P1139,01-Mar-2025,7,Late Delivery,38850
R10691,SO58051,P1685,05-Jun-2025,1,Wrong Item,32050
R10692,SO41380,P1829,08-May-2025,6,Not Required,239040
R10693,SO62670,P1460,11-May-2025,3,Not Required,110520
R10694,SO29870,P1314,18-Jul-2025,4,Quality Issue,19920
R10695,SO62076,P1115,06-Mar-2025,3,Not Required,47550
R10696,SO47705,P1545,08-Oct-2025,6,Damaged,81060
R10697,SO52226,P1403,17-Jun-2025,1,Late Delivery,25340
R10698,SO49553,P1737,19-Feb-2025,1,Damaged,30260
R10699,SO69237,P1145,22-Feb-2025,11,Wrong Item,53790
R10700,SO16544,P1251,01-Dec-2025,1,Defective,48220
R10701,SO41522,P1814,04-Nov-2025,9,Wrong Item,389160
R10702,SO45278,P1317,08-Nov-2025,18,Late Delivery,1080900
R10703,SO43011,P1784,23-May-2025,3,Damaged,149580
R10704,SO16475,P1618,17-Dec-2025,6,Defective,304440
R10705,SO16093,P1611,19-May-2025,2,Damaged,50280
R10706,SO68025,P1844,08-Sep-2025,5,Size Issue,125500
R10707,SO31728,P1838,20-Nov-2025,3,Defective,12090
R10708,SO67891,P1676,02-Jul-2025,10,Size Issue,697700
R10709,SO14496,P1555,03-Apr-2025,5,Quality Issue,174900
R10710,SO41988,P1640,14-Apr-2025,10,Size Issue,259800
R10711,SO12272,P1276,10-Aug-2025,12,Late Delivery,53760
R10712,SO51397,P1612,27-Mar-2025,7,Size Issue,28280
R10713,SO66120,P1266,01-Jul-2025,4,Defective,32960
R10714,SO18253,P1309,20-Mar-2025,8,Wrong Item,272240
R10715,SO49918,P1451,21-Oct-2025,11,Damaged,664840
R10716,SO18151,P1947,25-May-2025,19,Quality Issue,675450
R10717,SO48383,P1490,20-Dec-2025,6,Defective,60300
R10718,SO63673,P1442,02-Oct-2025,13,Size Issue,258440
R10719,SO13933,P1884,03-Feb-2025,3,Defective,43830
R10720,SO61782,P1839,04-Nov-2025,1,Not Required,5120
R10721,SO21600,P1517,01-May-2025,4,Damaged,80720
R10722,SO66956,P1306,18-Oct-2025,8,Size Issue,203680
R10723,SO62744,P1228,04-Nov-2025,10,Wrong Item,482600
R10724,SO32481,P1038,27-Nov-2025,8,Late Delivery,208240
R10725,SO19970,P1628,16-Aug-2025,2,Defective,95780
R10726,SO12026,P1933,09-May-2025,11,Defective,65780
R10727,SO23512,P1440,04-Sep-2025,2,Not Required,46800
R10728,SO64183,P1506,04-Jul-2025,1,Wrong Item,19630
R10729,SO31589,P1589,10-May-2025,7,Damaged,117460
R10730,SO57041,P1408,20-Apr-2025,2,Late Delivery,110260
R10731,SO50658,P1214,09-Mar-2025,2,Quality Issue,54840
R10732,SO67253,P1112,01-Feb-2025,2,Late Delivery,74280
R10733,SO19657,P1949,04-Apr-2025,12,Wrong Item,355920
R10734,SO49980,P1230,15-Oct-2025,6,Damaged,223980
R10735,SO66312,P1812,25-Feb-2025,7,Defective,474250
R10736,SO52375,P1375,28-Aug-2025,6,Quality Issue,76560
R10737,SO21506,P1255,10-Mar-2025,6,Size Issue,117720
R10738,SO56809,P1090,02-Jan-2026,7,Size Issue,389760
R10739,SO39113,P1793,11-Apr-2025,8,Size Issue,479120
R10740,SO25665,P1627,04-Feb-2025,14,Not Required,862260
R10741,SO64606,P1668,23-Jul-2025,14,Not Required,259840
R10742,SO54374,P1294,02-Sep-2025,3,Not Required,158310
R10743,SO40652,P1040,03-Feb-2025,3,Damaged,52560
R10744,SO28772,P1762,08-Jan-2026,11,Late Delivery,268620
R10745,SO64470,P1548,18-Jun-2025,1,Damaged,52390
R10746,SO46125,P1457,01-Aug-2025,1,Wrong Item,25680
R10747,SO24162,P1914,01-Oct-2025,1,Damaged,67240
R10748,SO38068,P1646,15-Mar-2025,9,Defective,468900
R10749,SO61501,P1136,22-Jan-2025,8,Damaged,102400
R10750,SO57865,P1202,17-Oct-2025,2,Late Delivery,139920
R10751,SO28775,P1300,19-Jun-2025,13,Defective,177320
R10752,SO22160,P1674,16-Nov-2025,2,Quality Issue,78040
R10753,SO65516,P1526,17-Nov-2025,2,Defective,12480
R10754,SO59175,P1169,30-Sep-2025,2,Not Required,124300
R10755,SO52935,P1228,21-Feb-2025,7,Not Required,337820
R10756,SO28528,P1327,24-May-2025,2,Wrong Item,8200
R10757,SO54823,P1324,12-Apr-2025,1,Defective,67080
R10758,SO65094,P1902,01-May-2025,6,Wrong Item,342360
R10759,SO67242,P1187,25-Jan-2025,16,Damaged,470560
R10760,SO50980,P1606,09-Feb-2025,13,Not Required,235820
R10761,SO59610,P1778,07-Nov-2025,10,Not Required,371200
R10762,SO11684,P1174,12-Apr-2025,5,Quality Issue,77450
R10763,SO50034,P1131,14-Jan-2025,4,Late Delivery,20360
R10764,SO47703,P1314,31-Jul-2025,4,Not Required,19920
R10765,SO48060,P1065,02-Mar-2025,6,Quality Issue,193620
R10766,SO23035,P1955,22-Mar-2025,3,Size Issue,101160
R10767,SO29394,P1644,28-Dec-2025,1,Size Issue,32980
R10768,SO56521,P1682,11-Jan-2026,8,Size Issue,194320
R10769,SO50450,P1259,03-May-2025,10,Quality Issue,628400
R10770,SO67717,P1902,22-Sep-2025,5,Defective,285300
R10771,SO51415,P1529,16-Aug-2025,3,Defective,195720
R10772,SO49639,P1296,07-Dec-2025,11,Wrong Item,632390
R10773,SO17290,P1157,07-Sep-2025,2,Not Required,12680
R10774,SO27171,P1674,25-Nov-2025,2,Defective,78040
R10775,SO48692,P1800,08-Dec-2025,3,Size Issue,158280
R10776,SO18159,P1961,09-Apr-2025,2,Late Delivery,43520
R10777,SO46264,P1704,26-Dec-2025,2,Damaged,18700
R10778,SO42441,P1863,06-Jun-2025,2,Wrong Item,29140
R10779,SO65837,P1528,30-Aug-2025,14,Defective,541100
R10780,SO20031,P1734,29-Apr-2025,1,Late Delivery,57570
R10781,SO26237,P1676,02-Aug-2025,1,Size Issue,69770
R10782,SO60697,P1139,24-Oct-2025,1,Wrong Item,5550
R10783,SO66544,P1590,02-Oct-2025,1,Damaged,35190
R10784,SO49949,P1578,18-Nov-2025,1,Quality Issue,7210
R10785,SO27244,P1057,01-Jul-2025,1,Wrong Item,420
R10786,SO65153,P1396,20-Mar-2025,2,Damaged,15200
R10787,SO37311,P1740,10-Feb-2025,1,Late Delivery,35670
R10788,SO47815,P1197,17-Mar-2025,7,Size Issue,322420
R10789,SO12437,P1395,31-May-2025,1,Size Issue,49600
R10790,SO19363,P1095,11-Feb-2025,4,Size Issue,88000
R10791,SO63807,P1133,09-Nov-2025,2,Size Issue,145840
R10792,SO21342,P1437,16-Feb-2025,1,Defective,61490
R10793,SO62858,P1408,20-Sep-2025,7,Size Issue,385910
R10794,SO56235,P1748,17-Jan-2025,3,Late Delivery,34110
R10795,SO33059,P1362,05-Jun-2025,9,Size Issue,586170
R10796,SO37891,P1143,08-Nov-2025,1,Quality Issue,44490
R10797,SO60678,P1985,27-Jul-2025,12,Wrong Item,971040
R10798,SO14659,P1324,05-May-2025,7,Defective,469560
R10799,SO48725,P1174,01-Jan-2026,4,Quality Issue,61960
R10800,SO18841,P1261,05-Sep-2025,7,Defective,76090
R10801,SO34389,P1946,01-Sep-2025,4,Wrong Item,170760
R10802,SO49779,P1186,02-Jun-2025,4,Not Required,240480
R10803,SO38792,P1688,17-Dec-2025,6,Damaged,44640
R10804,SO14651,P1482,12-Aug-2025,3,Defective,207360
R10805,SO23829,P1901,24-Feb-2025,4,Not Required,12640
R10806,SO65428,P1607,07-Feb-2025,1,Quality Issue,71230
R10807,SO15622,P1653,02-Dec-2025,10,Late Delivery,716300
R10808,SO43784,P1546,07-Oct-2025,3,Defective,141900
R10809,SO10794,P1606,05-Jan-2026,1,Not Required,18140
R10810,SO29330,P1478,24-May-2025,5,Quality Issue,127200
R10811,SO26693,P1242,26-Aug-2025,4,Defective,47160
R10812,SO26535,P1242,23-Jul-2025,3,Late Delivery,35370
R10813,SO28480,P1494,24-Nov-2025,4,Quality Issue,103560
R10814,SO18460,P1742,13-Feb-2025,13,Defective,973830
R10815,SO55964,P1623,11-Jan-2025,9,Not Required,616410
R10816,SO35461,P1548,07-Jun-2025,9,Late Delivery,471510
R10817,SO52809,P1526,04-May-2025,2,Quality Issue,12480
R10818,SO49990,P1394,13-Oct-2025,4,Defective,174200
R10819,SO64614,P1768,07-Nov-2025,8,Defective,373040
R10820,SO68207,P1027,12-May-2025,4,Defective,127520
R10821,SO49764,P1645,18-Apr-2025,1,Late Delivery,61850
R10822,SO48086,P1123,06-Aug-2025,2,Damaged,123780
R10823,SO20235,P1135,17-Apr-2025,11,Size Issue,570460
R10824,SO63278,P1565,14-Aug-2025,8,Quality Issue,20000
R10825,SO63519,P1287,01-Dec-2025,1,Not Required,6150
R10826,SO61163,P1685,03-Nov-2025,15,Quality Issue,480750
R10827,SO25300,P1050,08-Dec-2025,1,Late Delivery,26540
R10828,SO30334,P1058,24-Feb-2025,6,Not Required,309780
R10829,SO58455,P1485,13-Jun-2025,4,Size Issue,216040
R10830,SO33555,P1649,31-Oct-2025,7,Damaged,296170
R10831,SO19395,P1300,08-Sep-2025,4,Late Delivery,54560
R10832,SO39969,P1915,22-Sep-2025,3,Defective,44070
R10833,SO21341,P1775,05-Aug-2025,11,Wrong Item,751960
R10834,SO16083,P1688,25-Oct-2025,2,Wrong Item,14880
R10835,SO62130,P1963,15-Jul-2025,11,Not Required,280610
R10836,SO54825,P1646,23-Sep-2025,7,Wrong Item,364700
R10837,SO29092,P1735,17-Sep-2025,1,Wrong Item,23150
R10838,SO57714,P1560,16-Dec-2025,9,Wrong Item,79560
R10839,SO66584,P1161,02-May-2025,2,Quality Issue,34860
R10840,SO12690,P1650,05-Jan-2026,4,Wrong Item,184960
R10841,SO56008,P1835,07-Mar-2025,7,Late Delivery,38150
R10842,SO67106,P1593,12-Dec-2025,4,Late Delivery,124600
R10843,SO69722,P1061,30-Dec-2025,7,Defective,268870
R10844,SO48034,P1916,14-Feb-2025,5,Late Delivery,374300
R10845,SO17088,P1191,20-Sep-2025,1,Damaged,62870
R10846,SO67230,P1068,09-Dec-2025,3,Not Required,53790
R10847,SO66600,P1550,24-Nov-2025,3,Size Issue,173100
R10848,SO64588,P1219,12-Aug-2025,3,Wrong Item,6270
R10849,SO33792,P1564,01-Aug-2025,16,Wrong Item,43840
R10850,SO12485,P1421,04-Jul-2025,3,Late Delivery,137220
R10851,SO53022,P1727,03-Dec-2025,8,Size Issue,551840
R10852,SO37212,P1612,03-Jun-2025,2,Defective,8080
R10853,SO39265,P1256,15-Sep-2025,8,Late Delivery,77920
R10854,SO31706,P1080,25-Aug-2025,2,Quality Issue,89440
R10855,SO50088,P1786,08-Feb-2025,15,Quality Issue,1049250
R10856,SO27533,P1439,05-Oct-2025,1,Size Issue,5900
R10857,SO65862,P1719,15-Nov-2025,2,Size Issue,30280
R10858,SO15587,P1931,15-Aug-2025,13,Late Delivery,89830
R10859,SO21743,P1511,22-Jun-2025,3,Quality Issue,61170
R10860,SO59446,P1922,31-Oct-2025,3,Not Required,97890
R10861,SO54508,P1519,13-Dec-2025,14,Wrong Item,193200
R10862,SO14995,P1942,08-May-2025,7,Damaged,229810
R10863,SO41279,P1004,18-Dec-2025,5,Wrong Item,239600
R10864,SO65258,P1415,04-Dec-2025,1,Late Delivery,17820
R10865,SO69114,P1157,28-Aug-2025,3,Wrong Item,19020
R10866,SO48121,P1691,09-Feb-2025,10,Wrong Item,318200
R10867,SO33474,P1994,29-Jul-2025,5,Quality Issue,254400
R10868,SO66472,P1963,07-Apr-2025,14,Wrong Item,357140
R10869,SO12321,P1138,30-May-2025,7,Wrong Item,373450
R10870,SO42665,P1165,23-Jul-2025,1,Defective,18360
R10871,SO64428,P1671,25-Sep-2025,1,Size Issue,16230
R10872,SO35002,P1548,13-Oct-2025,8,Wrong Item,419120
R10873,SO21800,P1851,29-Aug-2025,10,Size Issue,255400
R10874,SO21552,P1564,05-Oct-2025,6,Quality Issue,16440
R10875,SO52238,P1417,19-Aug-2025,11,Late Delivery,182820
R10876,SO49087,P1664,03-Mar-2025,18,Late Delivery,377640
R10877,SO19967,P1482,29-Apr-2025,6,Not Required,414720
R10878,SO67643,P1837,27-Mar-2025,7,Late Delivery,347480
R10879,SO55198,P1597,20-Nov-2025,5,Late Delivery,343200
R10880,SO38214,P1117,11-Aug-2025,1,Defective,63780
R10881,SO27154,P1827,31-Oct-2025,1,Not Required,37750
R10882,SO28601,P1700,20-Mar-2025,4,Wrong Item,111440
R10883,SO67712,P1359,04-Mar-2025,12,Late Delivery,37200
R10884,SO42509,P1952,13-May-2025,9,Quality Issue,337050
R10885,SO23098,P1417,21-May-2025,2,Not Required,33240
R10886,SO26949,P1356,09-Nov-2025,4,Quality Issue,106560
R10887,SO46678,P1645,16-Feb-2025,4,Wrong Item,247400
R10888,SO20063,P1503,09-May-2025,5,Late Delivery,216000
R10889,SO30536,P1507,30-Dec-2025,10,Not Required,739000
R10890,SO57747,P1034,25-Nov-2025,3,Defective,204690
R10891,SO70000,P1442,13-Dec-2025,3,Size Issue,59640
R10892,SO32313,P1340,22-Mar-2025,5,Size Issue,223950
R10893,SO41231,P1487,08-Jul-2025,16,Size Issue,918560
R10894,SO29830,P1893,27-Jan-2025,1,Defective,1680
R10895,SO47862,P1894,03-Feb-2025,2,Late Delivery,109720
R10896,SO26845,P1165,05-Apr-2025,8,Damaged,146880
R10897,SO15995,P1027,04-Sep-2025,9,Size Issue,286920
R10898,SO42858,P1026,05-Jan-2026,4,Damaged,234120
R10899,SO17162,P1500,08-Mar-2025,2,Size Issue,68340
R10900,SO41554,P1328,14-Jun-2025,14,Defective,749980
R10901,SO61732,P1756,21-Jan-2025,1,Quality Issue,64330
R10902,SO54721,P1373,19-Jun-2025,1,Damaged,66700
R10903,SO17153,P1947,09-Dec-2025,13,Late Delivery,462150
R10904,SO37194,P1064,19-Oct-2025,8,Wrong Item,37760
R10905,SO53226,P1767,26-Dec-2025,3,Wrong Item,152940
R10906,SO42205,P1704,23-Jun-2025,15,Wrong Item,140250
R10907,SO34956,P1383,07-Aug-2025,15,Size Issue,746250
R10908,SO41874,P1857,26-Jun-2025,6,Defective,357780
R10909,SO55634,P1173,24-Jan-2025,9,Defective,622170
R10910,SO21675,P1042,06-Nov-2025,6,Damaged,186180
R10911,SO46353,P1721,17-Nov-2025,7,Size Issue,436100
R10912,SO14269,P1271,25-Sep-2025,7,Late Delivery,304570
R10913,SO15957,P1139,06-Mar-2025,2,Defective,11100
R10914,SO36679,P1760,04-Apr-2025,2,Wrong Item,141280
R10915,SO25052,P1566,06-Aug-2025,10,Not Required,229800
R10916,SO46892,P1203,16-Sep-2025,4,Defective,70480
R10917,SO20854,P1982,11-Feb-2025,2,Quality Issue,94700
R10918,SO54337,P1470,15-Mar-2025,14,Not Required,165340
R10919,SO43353,P1684,07-Mar-2025,16,Quality Issue,1022080
R10920,SO52428,P1811,23-Sep-2025,2,Quality Issue,127980
R10921,SO61171,P1148,13-Jun-2025,1,Size Issue,55010
R10922,SO46765,P1221,16-Mar-2025,3,Quality Issue,68070
R10923,SO11379,P1435,04-Dec-2025,1,Wrong Item,47640
R10924,SO37423,P1328,24-Jan-2025,2,Late Delivery,107140
R10925,SO10843,P1828,16-Mar-2025,3,Size Issue,13620
R10926,SO35853,P1800,18-Mar-2025,9,Not Required,474840
R10927,SO21271,P1870,08-Jul-2025,5,Not Required,29450
R10928,SO15502,P1265,22-Aug-2025,1,Damaged,37840
R10929,SO45385,P1997,22-Nov-2025,4,Defective,105720
R10930,SO12707,P1027,08-Jan-2026,8,Size Issue,255040
R10931,SO28889,P1528,23-Jun-2025,3,Wrong Item,115950
R10932,SO14174,P1142,07-Sep-2025,3,Defective,3570
R10933,SO41284,P1230,01-May-2025,5,Late Delivery,186650
R10934,SO41799,P1037,08-Mar-2025,11,Defective,468490
R10935,SO12747,P1753,27-Mar-2025,4,Late Delivery,177160
R10936,SO66372,P1789,02-Dec-2025,10,Damaged,215300
R10937,SO32294,P1971,24-Aug-2025,7,Damaged,119280
R10938,SO55674,P1446,02-Feb-2025,3,Defective,193530
R10939,SO66685,P1651,03-Dec-2025,1,Wrong Item,14770
R10940,SO26546,P1774,23-Jun-2025,17,Damaged,789310
R10941,SO36216,P1321,20-Dec-2025,5,Late Delivery,321600
R10942,SO29278,P1287,08-May-2025,3,Late Delivery,18450
R10943,SO31537,P1587,03-Nov-2025,6,Late Delivery,257820
R10944,SO53837,P1738,26-Dec-2025,1,Size Issue,11490
R10945,SO69569,P1543,28-Mar-2025,7,Wrong Item,156590
R10946,SO25516,P1473,12-Apr-2025,1,Damaged,35200
R10947,SO56017,P1160,10-Nov-2025,6,Defective,112560
R10948,SO23395,P1732,31-Jan-2025,3,Size Issue,69060
R10949,SO10716,P1920,11-Oct-2025,3,Size Issue,185790
R10950,SO69327,P1226,19-Oct-2025,2,Quality Issue,118640
R10951,SO54462,P1522,23-Jul-2025,15,Defective,87000
R10952,SO38696,P1513,26-Jan-2025,2,Size Issue,15180
R10953,SO53961,P1757,19-Feb-2025,4,Not Required,146480
R10954,SO26187,P1627,18-Jul-2025,11,Wrong Item,677490
R10955,SO23890,P1253,14-Nov-2025,13,Late Delivery,276640
R10956,SO69519,P1589,26-Feb-2025,2,Late Delivery,33560
R10957,SO34225,P1515,29-Apr-2025,3,Not Required,192390
R10958,SO19167,P1952,22-Sep-2025,1,Wrong Item,37450
R10959,SO68450,P1718,03-Sep-2025,1,Defective,47660
R10960,SO13099,P1419,06-Jul-2025,3,Size Issue,238080
R10961,SO46772,P1882,06-May-2025,2,Not Required,39560
R10962,SO64089,P1919,27-Mar-2025,7,Not Required,38500
R10963,SO24684,P1034,18-Feb-2025,19,Quality Issue,1296370
R10964,SO45320,P1110,08-Feb-2025,3,Size Issue,134790
R10965,SO50466,P1309,10-Jan-2025,8,Quality Issue,272240
R10966,SO48571,P1591,23-Sep-2025,6,Damaged,4620
R10967,SO19752,P1110,10-Sep-2025,6,Wrong Item,269580
R10968,SO23863,P1311,19-Apr-2025,10,Defective,382800
R10969,SO35326,P1596,14-Mar-2025,6,Wrong Item,223260
R10970,SO17850,P1130,11-Aug-2025,5,Not Required,135550
R10971,SO34169,P1016,23-Feb-2025,1,Quality Issue,9210
R10972,SO57370,P1078,08-Nov-2025,1,Quality Issue,13620
R10973,SO63982,P1566,19-Oct-2025,8,Damaged,183840
R10974,SO41402,P1177,10-May-2025,1,Wrong Item,55780
R10975,SO52264,P1320,27-Mar-2025,5,Not Required,131550
R10976,SO65283,P1131,07-May-2025,1,Damaged,5090
R10977,SO49976,P1277,30-Apr-2025,6,Size Issue,35280
R10978,SO12441,P1209,19-Jul-2025,5,Defective,111950
R10979,SO54886,P1701,21-Jan-2025,6,Size Issue,388320
R10980,SO49397,P1945,19-Jun-2025,6,Damaged,337980
R10981,SO15941,P1186,01-Sep-2025,5,Size Issue,300600
R10982,SO13300,P1360,05-Dec-2025,14,Damaged,500780
R10983,SO34765,P1961,13-Oct-2025,4,Wrong Item,87040
R10984,SO13795,P1327,20-Sep-2025,13,Wrong Item,53300
R10985,SO63789,P1823,02-Jul-2025,10,Defective,799400
R10986,SO18722,P1272,26-Dec-2025,6,Damaged,394200
R10987,SO39695,P1786,16-Jun-2025,8,Quality Issue,559600
R10988,SO37877,P1759,12-Mar-2025,10,Quality Issue,256700
R10989,SO31231,P1490,20-Sep-2025,14,Late Delivery,140700
R10990,SO27356,P1391,12-Nov-2025,4,Quality Issue,217600
R10991,SO30484,P1154,25-Jul-2025,2,Wrong Item,49120
R10992,SO53306,P1734,17-Mar-2025,3,Defective,172710
R10993,SO30737,P1554,09-Feb-2025,1,Not Required,37300
R10994,SO39102,P1775,12-Mar-2025,5,Defective,341800
R10995,SO12849,P1047,21-Jun-2025,2,Not Required,17620
R10996,SO28710,P1221,04-Nov-2025,2,Size Issue,45380
R10997,SO22329,P1472,23-Jan-2025,10,Damaged,95400
R10998,SO27959,P1962,31-Mar-2025,1,Defective,33840
R10999,SO55009,P1657,07-May-2025,1,Damaged,75740
R11000,SO54113,P1620,04-Jul-2025,3,Not Required,16860
R11001,SO55562,P1187,16-Apr-2025,16,Wrong Item,470560
R11002,SO55901,P1004,18-Nov-2025,5,Damaged,239600
R11003,SO13741,P1765,29-Dec-2025,5,Defective,196450
R11004,SO15702,P1984,10-Oct-2025,7,Size Issue,1680
R11005,SO44109,P1285,11-Jul-2025,4,Quality Issue,146400
R11006,SO44730,P1810,13-Jan-2025,1,Quality Issue,70500
R11007,SO41114,P1066,31-May-2025,6,Wrong Item,127680
R11008,SO43785,P1533,12-Apr-2025,13,Defective,523250
R11009,SO40884,P1624,17-Jul-2025,3,Late Delivery,213450
R11010,SO42906,P1313,11-Mar-2025,4,Wrong Item,14880
R11011,SO20587,P1915,02-Sep-2025,1,Damaged,14690
R11012,SO16366,P1789,05-Oct-2025,8,Not Required,172240
R11013,SO41821,P1121,07-Mar-2025,6,Defective,111180
R11014,SO46956,P1402,17-Jun-2025,2,Damaged,127340
R11015,SO65245,P1801,23-Jan-2025,8,Size Issue,527920
R11016,SO50204,P1612,22-Aug-2025,10,Wrong Item,40400
R11017,SO18057,P1920,04-Jan-2025,8,Defective,495440
R11018,SO59409,P1004,28-Oct-2025,8,Size Issue,383360
R11019,SO42723,P1621,19-Feb-2025,2,Late Delivery,20140
R11020,SO11096,P1813,09-Jun-2025,1,Late Delivery,30400
R11021,SO28357,P1141,12-May-2025,3,Wrong Item,70410
R11022,SO61833,P1818,31-Jul-2025,10,Size Issue,421200
R11023,SO42997,P1764,27-Aug-2025,2,Late Delivery,145040
R11024,SO13009,P1170,14-Jun-2025,7,Late Delivery,422870
R11025,SO24068,P1028,07-Jan-2026,1,Size Issue,50120
R11026,SO57089,P1527,14-Dec-2025,1,Damaged,1230
R11027,SO46705,P1113,31-Mar-2025,2,Wrong Item,73940
R11028,SO60191,P1096,16-Jan-2025,8,Defective,447200
R11029,SO24459,P1121,01-Nov-2025,12,Quality Issue,222360
R11030,SO32619,P1100,13-May-2025,2,Quality Issue,38340
R11031,SO53923,P1121,09-Aug-2025,4,Damaged,74120
R11032,SO45010,P1804,13-Sep-2025,11,Damaged,691350
R11033,SO35304,P1404,17-Oct-2025,5,Not Required,362400
R11034,SO52433,P1380,11-Jul-2025,4,Wrong Item,88440
R11035,SO47468,P1952,24-Aug-2025,4,Wrong Item,149800
R11036,SO13356,P1764,15-Oct-2025,3,Not Required,217560
R11037,SO40143,P1595,12-Aug-2025,5,Defective,348950
R11038,SO11756,P1086,24-Feb-2025,6,Late Delivery,382800
R11039,SO66650,P1050,12-Jul-2025,1,Late Delivery,26540
R11040,SO42875,P1884,02-Oct-2025,4,Not Required,58440
R11041,SO30736,P1869,28-Jul-2025,1,Defective,53570
R11042,SO28994,P1509,05-Nov-2025,6,Wrong Item,291240
R11043,SO11170,P1423,06-Jun-2025,4,Not Required,52640
R11044,SO12775,P1444,31-Oct-2025,7,Quality Issue,454440
R11045,SO23453,P1315,28-Mar-2025,5,Damaged,327150
R11046,SO67407,P1720,07-Sep-2025,2,Defective,108520
R11047,SO13049,P1409,11-Mar-2025,2,Late Delivery,82840
R11048,SO36901,P1992,31-Dec-2025,4,Quality Issue,275360
R11049,SO65929,P1956,03-Nov-2025,1,Not Required,68200
R11050,SO55110,P1501,09-Apr-2025,11,Late Delivery,110330
R11051,SO11647,P1318,19-May-2025,5,Quality Issue,339100
R11052,SO20139,P1246,14-Apr-2025,3,Late Delivery,81540
R11053,SO62287,P1352,16-Nov-2025,4,Damaged,12120
R11054,SO50408,P1699,04-Apr-2025,7,Defective,166670
R11055,SO69135,P1206,26-Sep-2025,17,Late Delivery,1170280
R11056,SO56608,P1839,23-Oct-2025,1,Quality Issue,5120
R11057,SO46827,P1071,27-Aug-2025,1,Size Issue,10720
R11058,SO34406,P1608,22-Dec-2025,4,Late Delivery,328200
R11059,SO48813,P1108,05-Jun-2025,5,Size Issue,287500
R11060,SO63425,P1912,20-Aug-2025,7,Quality Issue,383110
R11061,SO56572,P1654,18-Mar-2025,13,Quality Issue,410150
R11062,SO52223,P1062,07-Jun-2025,19,Damaged,1171920
R11063,SO39945,P1937,08-Dec-2025,11,Size Issue,446380
R11064,SO16772,P1166,10-Aug-2025,17,Defective,858500
R11065,SO43170,P1200,15-Aug-2025,2,Damaged,26180
R11066,SO20960,P1473,22-Mar-2025,6,Damaged,211200
R11067,SO50035,P1969,14-Nov-2025,1,Quality Issue,47570
R11068,SO62859,P1309,02-Aug-2025,2,Defective,68060
R11069,SO24872,P1814,25-Aug-2025,9,Not Required,389160
R11070,SO44575,P1782,17-Aug-2025,4,Wrong Item,41920
R11071,SO28512,P1675,20-Feb-2025,8,Late Delivery,374800
R11072,SO64987,P1802,22-Mar-2025,6,Wrong Item,34200
R11073,SO41051,P1202,28-Apr-2025,2,Quality Issue,139920
R11074,SO62041,P1889,01-Jun-2025,3,Quality Issue,25230
R11075,SO18982,P1490,11-Mar-2025,13,Defective,130650
R11076,SO20824,P1826,23-Oct-2025,2,Not Required,80740
R11077,SO17493,P1447,24-Jun-2025,4,Wrong Item,84200
R11078,SO25410,P1546,03-Sep-2025,7,Quality Issue,331100
R11079,SO45228,P1541,23-Nov-2025,2,Damaged,144440
R11080,SO55406,P1466,25-Jul-2025,6,Damaged,219780
R11081,SO33765,P1052,02-Jul-2025,1,Not Required,11210
R11082,SO14610,P1052,20-Dec-2025,2,Wrong Item,22420
R11083,SO67368,P1866,03-Jun-2025,7,Size Issue,490210
R11084,SO11214,P1718,08-Dec-2025,3,Wrong Item,142980
R11085,SO67056,P1593,24-Jun-2025,18,Wrong Item,560700
R11086,SO39539,P1411,03-Oct-2025,1,Size Issue,66340
R11087,SO17818,P1026,28-Jun-2025,19,Size Issue,1112070
R11088,SO62097,P1554,03-Nov-2025,10,Damaged,373000
R11089,SO36044,P1721,19-Dec-2025,3,Damaged,186900
R11090,SO30637,P1288,06-Jul-2025,13,Defective,59670
R11091,SO12851,P1948,10-Sep-2025,4,Defective,127600
R11092,SO65751,P1732,27-Feb-2025,9,Not Required,207180
R11093,SO66947,P1913,20-Nov-2025,7,Defective,170730
R11094,SO43917,P1641,09-Sep-2025,4,Quality Issue,99560
R11095,SO10735,P1435,09-Apr-2025,1,Size Issue,47640
R11096,SO67415,P1360,14-Dec-2025,1,Quality Issue,35770
R11097,SO56253,P1542,25-Jun-2025,8,Defective,633920
R11098,SO43853,P1933,12-Jul-2025,4,Defective,23920
R11099,SO34303,P1668,17-Apr-2025,5,Quality Issue,92800
R11100,SO24985,P1477,01-Jun-2025,2,Damaged,34060
R11101,SO44415,P1833,19-Jun-2025,4,Quality Issue,122320
R11102,SO32125,P1207,19-Apr-2025,2,Late Delivery,105900
R11103,SO58217,P1275,19-May-2025,1,Late Delivery,46870
R11104,SO52023,P1412,25-Oct-2025,2,Late Delivery,64700
R11105,SO13801,P1271,02-Feb-2025,1,Quality Issue,43510
R11106,SO57482,P1352,02-Nov-2025,5,Not Required,15150
R11107,SO49172,P1809,09-Jan-2026,1,Size Issue,4350
R11108,SO14897,P1436,10-Apr-2025,2,Defective,2040
R11109,SO32265,P1817,24-Dec-2025,8,Defective,601120
R11110,SO60152,P1695,09-Oct-2025,8,Wrong Item,81680
R11111,SO55412,P1094,12-Jul-2025,3,Wrong Item,97680
R11112,SO66527,P1734,07-Sep-2025,10,Damaged,575700
R11113,SO12525,P1531,20-Oct-2025,1,Damaged,5050
R11114,SO39050,P1055,18-Mar-2025,16,Damaged,1009920
R11115,SO34622,P1984,10-Jun-2025,13,Wrong Item,3120
R11116,SO35006,P1208,18-Aug-2025,5,Not Required,308450
R11117,SO50599,P1040,25-Dec-2025,13,Late Delivery,227760
R11118,SO62433,P1063,10-Dec-2025,2,Not Required,64560
R11119,SO50960,P1437,02-Feb-2025,18,Wrong Item,1106820
R11120,SO10068,P1259,27-Apr-2025,2,Quality Issue,125680
R11121,SO49506,P1243,04-Dec-2025,9,Wrong Item,697860
R11122,SO16512,P1586,24-Apr-2025,2,Quality Issue,99200
R11123,SO64827,P1238,31-Jul-2025,9,Defective,200250
R11124,SO53676,P1324,15-Jan-2025,11,Quality Issue,737880
R11125,SO36668,P1126,11-May-2025,9,Wrong Item,174510
R11126,SO30038,P1509,15-Feb-2025,2,Size Issue,97080
R11127,SO46925,P1758,24-Apr-2025,5,Size Issue,176150
R11128,SO21689,P1986,20-Apr-2025,6,Damaged,380340
R11129,SO11271,P1664,26-Nov-2025,1,Not Required,20980
R11130,SO42279,P1096,16-Aug-2025,17,Damaged,950300
R11131,SO35195,P1193,31-Jan-2025,4,Wrong Item,75080
R11132,SO18815,P1077,30-May-2025,6,Quality Issue,151860
R11133,SO23731,P1063,08-Nov-2025,10,Damaged,322800
R11134,SO30188,P1513,20-Mar-2025,4,Size Issue,30360
R11135,SO67021,P1666,25-Dec-2025,12,Defective,23760
R11136,SO21433,P1965,24-May-2025,7,Size Issue,41370
R11137,SO63842,P1366,30-Mar-2025,8,Not Required,294480
R11138,SO21054,P1167,12-Jul-2025,7,Defective,154490
R11139,SO41470,P1742,27-Mar-2025,5,Late Delivery,374550
R11140,SO29479,P1405,27-Sep-2025,6,Late Delivery,369420
R11141,SO60072,P1490,18-Mar-2025,1,Damaged,10050
R11142,SO57859,P1682,05-May-2025,2,Late Delivery,48580
R11143,SO62883,P1373,29-Oct-2025,1,Not Required,66700
R11144,SO18408,P1773,01-Oct-2025,6,Wrong Item,483780
R11145,SO39361,P1538,25-Aug-2025,6,Size Issue,480960
R11146,SO68757,P1791,05-Oct-2025,2,Quality Issue,121760
R11147,SO45872,P1880,16-Mar-2025,2,Not Required,82880
R11148,SO64697,P1401,07-May-2025,3,Damaged,115410
R11149,SO10379,P1370,22-Dec-2025,1,Wrong Item,4530
R11150,SO17164,P1282,28-Mar-2025,2,Damaged,51080
R11151,SO16629,P1716,11-Feb-2025,7,Defective,243600
R11152,SO25507,P1810,08-Jun-2025,2,Not Required,141000
R11153,SO44851,P1370,04-Mar-2025,5,Defective,22650
R11154,SO64854,P1752,25-Jul-2025,1,Size Issue,30460
R11155,SO64908,P1493,01-Jun-2025,9,Not Required,188280
R11156,SO17099,P1010,02-May-2025,2,Size Issue,12620
R11157,SO54358,P1205,10-Jun-2025,3,Size Issue,11550
R11158,SO14160,P1796,30-Jan-2025,5,Quality Issue,42300
R11159,SO24282,P1472,06-Jan-2025,7,Size Issue,66780
R11160,SO33308,P1713,27-Mar-2025,3,Wrong Item,130740
R11161,SO13328,P1753,16-Oct-2025,4,Late Delivery,177160
R11162,SO19087,P1779,05-Dec-2025,6,Defective,63840
R11163,SO53041,P1849,15-Sep-2025,13,Size Issue,352820
R11164,SO14674,P1344,09-May-2025,2,Late Delivery,107480
R11165,SO49579,P1536,13-Dec-2025,4,Late Delivery,232360
R11166,SO31529,P1545,13-Jun-2025,14,Wrong Item,189140
R11167,SO32446,P1329,16-Aug-2025,11,Wrong Item,74030
R11168,SO45083,P1862,23-Jan-2025,11,Not Required,487630
R11169,SO31536,P1755,07-Mar-2025,9,Defective,499410
R11170,SO23947,P1632,09-Feb-2025,4,Wrong Item,20800
R11171,SO66234,P1331,23-May-2025,4,Quality Issue,20320
R11172,SO51286,P1381,27-Jul-2025,2,Late Delivery,47740
R11173,SO21355,P1679,14-Mar-2025,9,Defective,656280
R11174,SO63065,P1119,31-Dec-2025,13,Size Issue,490620
R11175,SO34394,P1334,24-Mar-2025,8,Size Issue,60080
R11176,SO13927,P1248,23-Feb-2025,1,Wrong Item,38540
R11177,SO26893,P1613,08-Feb-2025,4,Size Issue,305720
R11178,SO64873,P1140,07-Jun-2025,3,Not Required,105870
R11179,SO21366,P1203,15-Oct-2025,2,Damaged,35240
R11180,SO56815,P1791,24-Apr-2025,4,Damaged,243520
R11181,SO32270,P1476,10-Aug-2025,13,Wrong Item,269620
R11182,SO43489,P1620,31-May-2025,12,Wrong Item,67440
R11183,SO33868,P1306,13-Dec-2025,4,Size Issue,101840
R11184,SO20576,P1769,11-Jun-2025,3,Wrong Item,129390
R11185,SO38921,P1374,10-Jul-2025,4,Not Required,207000
R11186,SO42733,P1394,11-Nov-2025,3,Size Issue,130650
R11187,SO55492,P1410,26-Jun-2025,12,Size Issue,933000
R11188,SO49803,P1781,13-May-2025,6,Defective,364680
R11189,SO26146,P1194,04-Jul-2025,3,Late Delivery,19920
R11190,SO33832,P1521,31-Dec-2025,2,Size Issue,760
R11191,SO41633,P1352,30-Mar-2025,16,Not Required,48480
R11192,SO69037,P1868,18-Aug-2025,4,Wrong Item,79120
R11193,SO23242,P1472,22-Aug-2025,3,Quality Issue,28620
R11194,SO24573,P1478,07-Jun-2025,9,Damaged,228960
R11195,SO19667,P1310,27-Mar-2025,9,Defective,140130
R11196,SO60401,P1986,17-Sep-2025,5,Damaged,316950
R11197,SO11230,P1060,16-Jul-2025,1,Defective,29620
R11198,SO15909,P1359,31-May-2025,2,Wrong Item,6200
R11199,SO39871,P1889,26-Jan-2025,1,Damaged,8410
R11200,SO45299,P1876,04-Mar-2025,3,Not Required,69810
R11201,SO30311,P1855,25-Feb-2025,7,Wrong Item,519540
R11202,SO53322,P1532,21-May-2025,15,Size Issue,258600
R11203,SO26532,P1281,25-Aug-2025,12,Size Issue,14280
R11204,SO56473,P1480,19-Oct-2025,2,Damaged,52100
R11205,SO39077,P1917,02-Aug-2025,6,Wrong Item,14880
R11206,SO28937,P1199,01-Aug-2025,4,Wrong Item,44280
R11207,SO11695,P1361,10-Dec-2025,3,Size Issue,145290
R11208,SO23310,P1730,18-Feb-2025,10,Damaged,232000
R11209,SO22393,P1880,18-Mar-2025,3,Size Issue,124320
R11210,SO49498,P1665,29-Aug-2025,4,Not Required,223280
R11211,SO10264,P1321,03-Sep-2025,5,Wrong Item,321600
R11212,SO48276,P1779,02-Sep-2025,3,Size Issue,31920
R11213,SO12574,P1564,18-Jan-2025,4,Size Issue,10960
R11214,SO41918,P1041,25-Jun-2025,1,Size Issue,33910
R11215,SO51712,P1607,21-Jun-2025,5,Size Issue,356150
R11216,SO18213,P1605,14-Mar-2025,1,Late Delivery,38100
R11217,SO36204,P1294,20-Aug-2025,4,Size Issue,211080
R11218,SO51846,P1729,02-Aug-2025,13,Damaged,129610
R11219,SO43811,P1383,06-Apr-2025,17,Defective,845750
R11220,SO43575,P1889,02-Jan-2026,14,Size Issue,117740
R11221,SO33540,P1350,02-Mar-2025,1,Not Required,50260
R11222,SO27087,P1087,20-May-2025,11,Defective,372570
R11223,SO17030,P1532,10-Sep-2025,5,Wrong Item,86200
R11224,SO38711,P1515,25-Sep-2025,3,Late Delivery,192390
R11225,SO10060,P1692,14-May-2025,3,Wrong Item,165390
R11226,SO61335,P1611,19-Aug-2025,10,Quality Issue,251400
R11227,SO49077,P1359,09-Aug-2025,1,Size Issue,3100
R11228,SO13065,P1838,21-Jun-2025,5,Not Required,20150
R11229,SO21097,P1883,21-Apr-2025,5,Not Required,278250
R11230,SO58143,P1586,27-Nov-2025,1,Damaged,49600
R11231,SO40830,P1185,13-Dec-2025,6,Wrong Item,77520
R11232,SO50801,P1711,20-May-2025,3,Defective,73470
R11233,SO39176,P1974,26-May-2025,2,Late Delivery,94360
R11234,SO41755,P1008,24-Jan-2025,2,Late Delivery,124680
R11235,SO39002,P1876,06-Oct-2025,4,Wrong Item,93080
R11236,SO64496,P1370,02-Dec-2025,8,Size Issue,36240
R11237,SO10617,P1661,23-Jul-2025,8,Late Delivery,42800
R11238,SO13201,P1090,16-Jul-2025,1,Wrong Item,55680
R11239,SO32590,P1042,20-Dec-2025,11,Wrong Item,341330
R11240,SO57905,P1986,04-Feb-2025,2,Wrong Item,126780
R11241,SO22492,P1683,07-Sep-2025,8,Size Issue,484320
R11242,SO68008,P1825,14-Jan-2026,1,Damaged,39250
R11243,SO68622,P1296,28-Jun-2025,1,Size Issue,57490
R11244,SO20474,P1122,15-Oct-2025,2,Size Issue,88520
R11245,SO46232,P1004,16-Dec-2025,8,Quality Issue,383360
R11246,SO11351,P1954,24-Mar-2025,2,Damaged,133760
R11247,SO16602,P1468,16-Mar-2025,3,Quality Issue,21690
R11248,SO66819,P1191,04-Jan-2026,1,Defective,62870
R11249,SO58638,P1513,01-Apr-2025,1,Size Issue,7590
R11250,SO34123,P1619,04-Nov-2025,5,Not Required,120000
R11251,SO68680,P1530,30-Jun-2025,1,Defective,28930
R11252,SO58774,P1718,17-Dec-2025,2,Size Issue,95320
R11253,SO11808,P1047,02-Aug-2025,1,Defective,8810
R11254,SO61858,P1937,31-Jul-2025,4,Defective,162320
R11255,SO12783,P1801,04-Mar-2025,6,Defective,395940
R11256,SO17829,P1289,14-Sep-2025,14,Wrong Item,286580
R11257,SO30185,P1583,27-Dec-2025,2,Wrong Item,101920
R11258,SO47041,P1869,22-Oct-2025,5,Defective,267850
R11259,SO33000,P1487,14-Oct-2025,2,Defective,114820
R11260,SO61478,P1199,30-Apr-2025,13,Late Delivery,143910
R11261,SO37910,P1799,26-Apr-2025,1,Wrong Item,37620
R11262,SO66232,P1288,26-Aug-2025,13,Quality Issue,59670
R11263,SO25136,P1293,03-Jun-2025,7,Wrong Item,16870
R11264,SO45939,P1486,26-Apr-2025,2,Damaged,129220
R11265,SO58260,P1009,11-Apr-2025,3,Size Issue,17220
R11266,SO11545,P1429,09-Jul-2025,3,Defective,144540
R11267,SO40211,P1204,19-Jan-2025,7,Defective,111650
R11268,SO59089,P1554,11-Jan-2025,5,Wrong Item,186500
R11269,SO57690,P1182,10-Apr-2025,2,Wrong Item,126120
R11270,SO22209,P1437,16-Mar-2025,10,Quality Issue,614900
R11271,SO59937,P1737,29-Sep-2025,14,Wrong Item,423640
R11272,SO41344,P1503,18-Aug-2025,3,Size Issue,129600
R11273,SO21438,P1177,11-Sep-2025,11,Quality Issue,613580
R11274,SO22623,P1805,15-May-2025,1,Damaged,30510
R11275,SO31039,P1789,13-Feb-2025,8,Late Delivery,172240
R11276,SO33419,P1937,02-Jan-2026,2,Quality Issue,81160
R11277,SO18608,P1096,21-Mar-2025,7,Late Delivery,391300
R11278,SO49783,P1379,26-Mar-2025,11,Defective,439340
R11279,SO59427,P1463,25-Feb-2025,3,Wrong Item,58350
R11280,SO61589,P1266,23-May-2025,4,Wrong Item,32960
R11281,SO58676,P1043,27-Apr-2025,5,Size Issue,149100
R11282,SO26491,P1041,04-Jul-2025,14,Defective,474740
R11283,SO58402,P1129,28-Mar-2025,1,Late Delivery,25790
R11284,SO14661,P1972,27-Dec-2025,3,Wrong Item,166530
R11285,SO30171,P1899,03-May-2025,5,Late Delivery,336900
R11286,SO53638,P1047,27-Mar-2025,1,Quality Issue,8810
R11287,SO43437,P1932,05-Jun-2025,8,Damaged,540880
R11288,SO62326,P1854,25-May-2025,1,Quality Issue,6090
R11289,SO19103,P1969,10-Sep-2025,9,Not Required,428130
R11290,SO31315,P1180,17-Jun-2025,10,Wrong Item,643000
R11291,SO12549,P1459,20-Nov-2025,12,Size Issue,294960
R11292,SO39115,P1854,10-Nov-2025,1,Wrong Item,6090
R11293,SO66737,P1937,24-May-2025,4,Defective,162320
R11294,SO48979,P1039,23-Jun-2025,3,Late Delivery,93930
R11295,SO10517,P1012,28-Oct-2025,7,Size Issue,443170
R11296,SO22359,P1001,16-Feb-2025,2,Size Issue,94720
R11297,SO37517,P1649,12-Mar-2025,4,Wrong Item,169240
R11298,SO37524,P1463,07-Jul-2025,5,Quality Issue,97250
R11299,SO32695,P1468,20-Mar-2025,6,Late Delivery,43380
R11300,SO58791,P1399,21-Dec-2025,1,Not Required,40640
R11301,SO44527,P1892,28-Apr-2025,2,Defective,55760
R11302,SO45637,P1827,25-Mar-2025,1,Late Delivery,37750
R11303,SO29836,P1588,03-Jan-2026,3,Damaged,118230
R11304,SO22434,P1403,21-Mar-2025,1,Not Required,25340
R11305,SO15723,P1959,08-Feb-2025,6,Wrong Item,123420
R11306,SO40950,P1352,11-Apr-2025,1,Damaged,3030
R11307,SO20680,P1383,11-Sep-2025,5,Quality Issue,248750
R11308,SO62383,P1419,24-Mar-2025,2,Damaged,158720
R11309,SO29214,P1292,15-Jun-2025,5,Size Issue,239450
R11310,SO49447,P1640,01-Oct-2025,2,Defective,51960
R11311,SO55593,P1658,23-Dec-2025,18,Late Delivery,641160
R11312,SO56475,P1729,01-Nov-2025,2,Not Required,19940
R11313,SO24311,P1334,09-Jun-2025,7,Wrong Item,52570
R11314,SO43495,P1914,11-Sep-2025,10,Defective,672400
R11315,SO57818,P1076,13-Jan-2025,1,Damaged,440
R11316,SO19491,P1604,03-Jul-2025,1,Not Required,23820
R11317,SO30507,P1321,20-Dec-2025,1,Wrong Item,64320
R11318,SO53492,P1615,06-May-2025,7,Damaged,119770
R11319,SO58026,P1348,21-Jun-2025,2,Quality Issue,160880
R11320,SO67496,P1038,01-May-2025,1,Size Issue,26030
R11321,SO31268,P1307,20-May-2025,2,Defective,130780
R11322,SO19396,P1266,05-Sep-2025,4,Late Delivery,32960
R11323,SO46665,P1892,01-Sep-2025,9,Late Delivery,250920
R11324,SO53055,P1380,22-Jun-2025,4,Not Required,88440
R11325,SO19803,P1424,28-Jan-2025,2,Damaged,120120
R11326,SO44099,P1613,07-Sep-2025,6,Damaged,458580
R11327,SO66968,P1864,14-May-2025,8,Late Delivery,386640
R11328,SO48091,P1164,29-Dec-2025,9,Size Issue,83790
R11329,SO67730,P1476,21-Jul-2025,3,Quality Issue,62220
R11330,SO29754,P1291,11-Mar-2025,17,Wrong Item,504050
R11331,SO18418,P1505,26-Jun-2025,5,Damaged,162950
R11332,SO23584,P1585,12-Jul-2025,7,Defective,401660
R11333,SO26795,P1898,06-Oct-2025,4,Not Required,108600
R11334,SO62203,P1872,18-Jul-2025,1,Quality Issue,40000
R11335,SO35608,P1279,23-Apr-2025,5,Wrong Item,16300
R11336,SO37848,P1100,14-Jun-2025,7,Defective,134190
R11337,SO64417,P1223,25-Feb-2025,6,Defective,344700
R11338,SO31845,P1776,25-Sep-2025,2,Damaged,131780
R11339,SO46208,P1484,18-Sep-2025,1,Quality Issue,41240
R11340,SO50637,P1995,23-Sep-2025,1,Wrong Item,55280
R11341,SO41958,P1025,21-Oct-2025,7,Wrong Item,267330
R11342,SO53650,P1649,27-Oct-2025,1,Wrong Item,42310
R11343,SO40809,P1282,12-Oct-2025,9,Damaged,229860
R11344,SO35018,P1011,12-Oct-2025,1,Damaged,34260
R11345,SO64605,P1283,21-Apr-2025,3,Size Issue,153270
R11346,SO49145,P1419,31-Mar-2025,4,Late Delivery,317440
R11347,SO53248,P1021,23-Oct-2025,7,Quality Issue,141960
R11348,SO57068,P1801,11-Dec-2025,2,Wrong Item,131980
R11349,SO66926,P1707,10-Jun-2025,2,Damaged,3500
R11350,SO62508,P1857,19-Sep-2025,4,Late Delivery,238520
R11351,SO19473,P1104,20-Apr-2025,1,Size Issue,7170
R11352,SO35354,P1061,09-Jun-2025,4,Damaged,153640
R11353,SO57745,P1461,15-Sep-2025,3,Not Required,37800
R11354,SO50436,P1849,17-Dec-2025,12,Size Issue,325680
R11355,SO38170,P1898,20-Aug-2025,2,Defective,54300
R11356,SO37304,P1855,10-May-2025,7,Quality Issue,519540
R11357,SO29875,P1503,19-Oct-2025,1,Wrong Item,43200
R11358,SO38036,P1739,13-Aug-2025,5,Size Issue,146600
R11359,SO55467,P1007,05-Jun-2025,1,Defective,21930
R11360,SO45783,P1206,10-Apr-2025,3,Wrong Item,206520
R11361,SO53532,P1020,24-Feb-2025,4,Damaged,248680
R11362,SO17479,P1590,06-Feb-2025,3,Not Required,105570
R11363,SO25711,P1483,19-Feb-2025,12,Damaged,902280
R11364,SO52555,P1628,15-Sep-2025,6,Defective,287340
R11365,SO38172,P1903,16-Aug-2025,9,Quality Issue,507330
R11366,SO59928,P1624,31-Aug-2025,12,Damaged,853800
R11367,SO27867,P1891,01-Sep-2025,15,Damaged,162600
R11368,SO33048,P1885,31-Oct-2025,2,Not Required,8060
R11369,SO63836,P1105,15-Oct-2025,8,Size Issue,566640
R11370,SO14052,P1906,17-May-2025,6,Damaged,840
R11371,SO12547,P1936,03-Oct-2025,2,Size Issue,47820
R11372,SO60299,P1907,23-Aug-2025,8,Not Required,21120
R11373,SO49745,P1869,23-Aug-2025,17,Not Required,910690
R11374,SO39667,P1527,11-Jan-2026,1,Damaged,1230
R11375,SO67920,P1454,19-Oct-2025,17,Size Issue,942820
R11376,SO32900,P1204,10-May-2025,16,Damaged,255200
R11377,SO30704,P1478,12-May-2025,6,Wrong Item,152640
R11378,SO66686,P1654,30-Sep-2025,7,Defective,220850
R11379,SO13705,P1190,31-Dec-2025,4,Late Delivery,141400
R11380,SO21268,P1307,22-Feb-2025,1,Wrong Item,65390
R11381,SO23734,P1553,13-Jun-2025,2,Damaged,28420
R11382,SO58496,P1649,26-Aug-2025,13,Not Required,550030
R11383,SO43588,P1463,20-Oct-2025,7,Wrong Item,136150
R11384,SO20246,P1511,21-Sep-2025,3,Quality Issue,61170
R11385,SO20157,P1986,19-Mar-2025,1,Late Delivery,63390
R11386,SO48178,P1756,08-Apr-2025,3,Size Issue,192990
R11387,SO26720,P1408,08-May-2025,12,Damaged,661560
R11388,SO18006,P1572,21-Nov-2025,2,Quality Issue,103080
R11389,SO69035,P1188,07-Aug-2025,1,Quality Issue,83090
R11390,SO20946,P1407,03-Jun-2025,9,Wrong Item,558360
R11391,SO42140,P1023,05-Jul-2025,10,Not Required,225700
R11392,SO68888,P1658,02-Apr-2025,7,Damaged,249340
R11393,SO24226,P1341,27-Oct-2025,4,Defective,96840
R11394,SO55191,P1277,14-Sep-2025,1,Defective,5880
R11395,SO19098,P1272,03-May-2025,2,Defective,131400
R11396,SO24131,P1681,03-Sep-2025,6,Size Issue,92760
R11397,SO18317,P1503,29-Jan-2025,6,Size Issue,259200
R11398,SO44845,P1918,21-Feb-2025,6,Wrong Item,8820
R11399,SO54755,P1449,23-Mar-2025,2,Damaged,32000
R11400,SO65747,P1964,25-Jun-2025,11,Not Required,670890
R11401,SO20559,P1197,15-Jan-2025,1,Wrong Item,46060
R11402,SO53196,P1179,15-Dec-2025,3,Wrong Item,177540
R11403,SO60133,P1693,18-Mar-2025,6,Damaged,392580
R11404,SO43598,P1343,23-May-2025,9,Wrong Item,478800
R11405,SO24038,P1831,29-Jan-2025,2,Wrong Item,87500
R11406,SO60673,P1905,02-Dec-2025,13,Defective,644410
R11407,SO22590,P1894,07-Jul-2025,3,Size Issue,164580
R11408,SO19549,P1516,16-Nov-2025,4,Wrong Item,97600
R11409,SO64640,P1222,26-Jan-2025,11,Damaged,260370
R11410,SO69540,P1977,12-Mar-2025,10,Size Issue,622300
R11411,SO58339,P1522,17-Aug-2025,1,Not Required,5800
R11412,SO53850,P1074,20-Nov-2025,5,Quality Issue,238050
R11413,SO27827,P1412,19-Mar-2025,1,Defective,32350
R11414,SO35660,P1375,11-Jun-2025,10,Late Delivery,127600
R11415,SO39126,P1766,10-Apr-2025,1,Size Issue,72150
R11416,SO35308,P1872,17-Aug-2025,11,Late Delivery,440000
R11417,SO41678,P1499,11-Mar-2025,1,Not Required,22710
R11418,SO22973,P1485,13-Nov-2025,1,Defective,54010
R11419,SO22331,P1683,29-Sep-2025,1,Size Issue,60540
R11420,SO43403,P1706,05-Feb-2025,1,Late Delivery,3260
R11421,SO48644,P1320,13-Apr-2025,8,Defective,210480
R11422,SO52613,P1532,02-Dec-2025,7,Wrong Item,120680
R11423,SO52481,P1919,17-Jun-2025,3,Defective,16500
R11424,SO20004,P1180,18-Apr-2025,4,Not Required,257200
R11425,SO37228,P1514,26-Jan-2025,8,Late Delivery,57040
R11426,SO22843,P1360,07-Oct-2025,3,Wrong Item,107310
R11427,SO36814,P1763,01-Jul-2025,4,Not Required,41320
R11428,SO38961,P1514,25-Jul-2025,4,Size Issue,28520
R11429,SO13206,P1579,03-Aug-2025,4,Wrong Item,38280
R11430,SO53778,P1840,10-Dec-2025,8,Wrong Item,568800
R11431,SO55527,P1308,14-May-2025,11,Late Delivery,110000
R11432,SO53832,P1858,06-Dec-2025,1,Not Required,69000
R11433,SO58949,P1422,13-Feb-2025,1,Wrong Item,29800
R11434,SO42446,P1360,12-Sep-2025,8,Wrong Item,286160
R11435,SO63783,P1603,19-Oct-2025,1,Quality Issue,37600
R11436,SO43982,P1092,24-Apr-2025,1,Defective,73060
R11437,SO22969,P1004,09-Mar-2025,1,Not Required,47920
R11438,SO61172,P1247,14-Jan-2025,2,Defective,116280
R11439,SO14950,P1049,17-Dec-2025,7,Not Required,87430
R11440,SO50616,P1301,21-Nov-2025,11,Not Required,256960
R11441,SO25318,P1603,06-Apr-2025,4,Quality Issue,150400
R11442,SO16822,P1949,02-Mar-2025,6,Late Delivery,177960
R11443,SO52756,P1651,23-Apr-2025,10,Not Required,147700
R11444,SO31561,P1194,20-Jun-2025,2,Quality Issue,13280
R11445,SO10808,P1689,15-Dec-2025,1,Defective,49110
R11446,SO59556,P1328,04-Nov-2025,11,Defective,589270
R11447,SO43049,P1409,16-Oct-2025,8,Quality Issue,331360
R11448,SO49830,P1221,18-May-2025,1,Damaged,22690
R11449,SO39893,P1343,20-Mar-2025,1,Defective,53200
R11450,SO51168,P1299,17-May-2025,6,Quality Issue,136140
R11451,SO31278,P1933,17-Apr-2025,2,Late Delivery,11960
R11452,SO16711,P1448,23-Nov-2025,7,Not Required,344050
R11453,SO17569,P1957,19-Dec-2025,9,Damaged,112050
R11454,SO60568,P1988,30-Jun-2025,17,Size Issue,736780
R11455,SO24284,P1583,20-Oct-2025,8,Not Required,407680
R11456,SO55476,P1987,18-Mar-2025,5,Wrong Item,219750
R11457,SO31579,P1392,08-Mar-2025,11,Damaged,345950
R11458,SO49080,P1257,22-Jul-2025,2,Not Required,92080
R11459,SO56896,P1725,20-Jun-2025,8,Late Delivery,160800
R11460,SO53284,P1262,29-Aug-2025,1,Damaged,32000
R11461,SO23394,P1453,04-Mar-2025,14,Not Required,1181460
R11462,SO49314,P1281,07-Mar-2025,8,Wrong Item,9520
R11463,SO35766,P1415,03-Mar-2025,11,Not Required,196020
R11464,SO34494,P1537,08-Jul-2025,12,Damaged,309120
R11465,SO57404,P1131,18-Oct-2025,1,Wrong Item,5090
R11466,SO42955,P1122,02-Jul-2025,8,Not Required,354080
R11467,SO38220,P1339,06-Nov-2025,2,Size Issue,133700
R11468,SO48616,P1688,20-Sep-2025,9,Late Delivery,66960
R11469,SO61891,P1378,23-May-2025,3,Defective,37230
R11470,SO22797,P1242,01-Oct-2025,3,Size Issue,35370
R11471,SO37071,P1153,08-Jan-2026,12,Damaged,588840
R11472,SO17622,P1182,11-Apr-2025,1,Size Issue,63060
R11473,SO66580,P1162,09-Jun-2025,1,Size Issue,19000
R11474,SO67358,P1652,31-Aug-2025,1,Size Issue,66640
R11475,SO21696,P1755,10-Apr-2025,1,Quality Issue,55490
R11476,SO63365,P1431,26-Dec-2025,3,Size Issue,200940
R11477,SO69361,P1941,25-Aug-2025,3,Not Required,170700
R11478,SO23053,P1385,08-Mar-2025,7,Late Delivery,148820
R11479,SO52311,P1695,02-Mar-2025,2,Not Required,20420
R11480,SO44408,P1065,04-Feb-2025,15,Late Delivery,484050
R11481,SO45501,P1298,01-Nov-2025,2,Defective,142540
R11482,SO46296,P1267,26-Oct-2025,1,Not Required,54160
R11483,SO52580,P1200,06-Nov-2025,11,Defective,143990
R11484,SO60176,P1752,05-May-2025,2,Damaged,60920
R11485,SO40502,P1993,20-Nov-2025,4,Defective,80560
R11486,SO61391,P1019,10-Aug-2025,5,Size Issue,298700
R11487,SO52389,P1397,20-Nov-2025,2,Wrong Item,84360
R11488,SO32287,P1057,11-Sep-2025,9,Defective,3780
R11489,SO32363,P1319,30-Aug-2025,4,Wrong Item,151720
R11490,SO35235,P1250,30-Dec-2025,7,Damaged,97090
R11491,SO45695,P1699,02-Jul-2025,2,Damaged,47620
R11492,SO30496,P1714,30-Dec-2025,6,Size Issue,239100
R11493,SO32876,P1556,20-Jun-2025,7,Not Required,314930
R11494,SO11774,P1085,18-Jun-2025,1,Not Required,57540
R11495,SO40487,P1454,09-Aug-2025,2,Wrong Item,110920
R11496,SO11338,P1214,22-May-2025,14,Damaged,383880
R11497,SO64299,P1543,19-Feb-2025,1,Defective,22370
R11498,SO14596,P1768,28-May-2025,2,Wrong Item,93260
R11499,SO27804,P1365,14-Jan-2026,10,Late Delivery,701800
R11500,SO52219,P1851,11-Jan-2026,4,Wrong Item,102160
R11501,SO66902,P1658,10-Apr-2025,10,Not Required,356200
R11502,SO52431,P1713,16-Aug-2025,4,Defective,174320
R11503,SO43486,P1914,24-Jun-2025,11,Not Required,739640
R11504,SO31144,P1215,07-May-2025,3,Late Delivery,179820
R11505,SO27478,P1041,09-Oct-2025,6,Quality Issue,203460
R11506,SO20633,P1502,06-Mar-2025,1,Damaged,73270
R11507,SO44857,P1810,11-Jun-2025,3,Damaged,211500
R11508,SO24192,P1223,19-Sep-2025,7,Late Delivery,402150
R11509,SO26479,P1149,24-Apr-2025,2,Quality Issue,14300
R11510,SO34125,P1363,16-Jul-2025,3,Size Issue,185010
R11511,SO29972,P1035,13-Sep-2025,9,Not Required,183330
R11512,SO45221,P1072,26-Feb-2025,1,Damaged,50520
R11513,SO29099,P1623,11-Feb-2025,11,Quality Issue,753390
R11514,SO40006,P1905,15-Aug-2025,7,Defective,346990
R11515,SO67594,P1033,27-Jan-2025,2,Quality Issue,119300
R11516,SO10206,P1252,09-Aug-2025,1,Damaged,15150
R11517,SO63001,P1378,03-Jan-2026,3,Not Required,37230
R11518,SO17600,P1843,22-Feb-2025,2,Not Required,79180
R11519,SO32573,P1342,30-Aug-2025,4,Late Delivery,317960
R11520,SO45640,P1569,18-Oct-2025,9,Late Delivery,123570
R11521,SO62818,P1956,28-May-2025,1,Wrong Item,68200
R11522,SO18506,P1588,17-Jun-2025,2,Defective,78820
R11523,SO16494,P1105,26-May-2025,9,Defective,637470
R11524,SO47328,P1551,10-Jul-2025,10,Size Issue,478200
R11525,SO58564,P1110,01-Mar-2025,1,Late Delivery,44930
R11526,SO26505,P1580,23-Jan-2025,5,Late Delivery,167250
R11527,SO33699,P1372,22-Jul-2025,1,Size Issue,5910
R11528,SO63988,P1224,14-Jul-2025,4,Size Issue,78560
R11529,SO21068,P1481,04-Feb-2025,5,Quality Issue,232150
R11530,SO43343,P1222,22-Nov-2025,2,Defective,47340
R11531,SO39070,P1261,11-Nov-2025,7,Quality Issue,76090
R11532,SO21276,P1135,09-Jul-2025,4,Damaged,207440
R11533,SO37440,P1937,27-Oct-2025,3,Late Delivery,121740
R11534,SO41815,P1830,13-Aug-2025,6,Late Delivery,154080
R11535,SO32885,P1285,13-Jul-2025,16,Damaged,585600
R11536,SO48700,P1074,17-Jan-2025,2,Quality Issue,95220
R11537,SO44676,P1826,18-Jul-2025,4,Quality Issue,161480
R11538,SO31724,P1836,30-Jun-2025,5,Late Delivery,276500
R11539,SO66282,P1592,15-Aug-2025,10,Wrong Item,799800
R11540,SO47776,P1593,30-Dec-2025,1,Size Issue,31150
R11541,SO40333,P1455,19-Apr-2025,4,Damaged,131000
R11542,SO48961,P1494,17-Dec-2025,1,Damaged,25890
R11543,SO29679,P1070,15-Jul-2025,6,Defective,440580
R11544,SO32310,P1255,15-Dec-2025,4,Quality Issue,78480
R11545,SO47292,P1723,04-Feb-2025,3,Not Required,40290
R11546,SO10695,P1875,23-Dec-2025,1,Size Issue,35340
R11547,SO10464,P1745,13-Jan-2026,2,Size Issue,142240
R11548,SO34880,P1306,20-Jul-2025,5,Damaged,127300
R11549,SO66448,P1206,30-Jul-2025,3,Damaged,206520
R11550,SO59534,P1023,23-Aug-2025,16,Quality Issue,361120
R11551,SO64219,P1064,04-Jun-2025,1,Wrong Item,4720
R11552,SO54679,P1610,12-Apr-2025,19,Wrong Item,1070080
R11553,SO33362,P1377,03-Mar-2025,1,Defective,10000
R11554,SO52019,P1779,09-Jan-2026,4,Quality Issue,42560
R11555,SO26389,P1711,29-Sep-2025,9,Damaged,220410
R11556,SO46256,P1146,17-Aug-2025,10,Wrong Item,674000
R11557,SO46959,P1129,22-Feb-2025,10,Defective,257900
R11558,SO53670,P1778,13-May-2025,2,Wrong Item,74240
R11559,SO39328,P1175,18-Nov-2025,7,Late Delivery,270900
R11560,SO60600,P1157,23-Mar-2025,1,Damaged,6340
R11561,SO31260,P1876,09-Oct-2025,1,Damaged,23270
R11562,SO29861,P1096,30-Dec-2025,7,Quality Issue,391300
R11563,SO66210,P1178,20-Dec-2025,5,Quality Issue,216900
R11564,SO43809,P1066,24-Jun-2025,6,Size Issue,127680
R11565,SO44949,P1606,25-Apr-2025,4,Late Delivery,72560
R11566,SO53156,P1686,12-Feb-2025,7,Defective,92540
R11567,SO32309,P1166,23-Feb-2025,1,Defective,50500
R11568,SO50863,P1314,19-Mar-2025,9,Late Delivery,44820
R11569,SO20504,P1874,22-Mar-2025,6,Defective,142260
R11570,SO39247,P1302,27-Dec-2025,3,Size Issue,360
R11571,SO61517,P1181,27-Jun-2025,3,Not Required,96540
R11572,SO49423,P1016,13-Dec-2025,3,Quality Issue,27630
R11573,SO51479,P1242,16-Sep-2025,5,Not Required,58950
R11574,SO52329,P1802,09-Jan-2025,1,Size Issue,5700
R11575,SO37992,P1654,06-Jun-2025,2,Quality Issue,63100
R11576,SO18964,P1435,01-May-2025,7,Damaged,333480
R11577,SO58366,P1191,29-Mar-2025,12,Not Required,754440
R11578,SO58847,P1630,06-Jun-2025,1,Defective,24960
R11579,SO38082,P1379,27-Jan-2025,1,Wrong Item,39940
R11580,SO69392,P1898,08-Apr-2025,11,Defective,298650
R11581,SO47678,P1639,08-Jul-2025,1,Size Issue,64740
R11582,SO54852,P1945,03-Mar-2025,1,Quality Issue,56330
R11583,SO24581,P1758,21-Feb-2025,12,Not Required,422760
R11584,SO14559,P1209,03-Nov-2025,2,Damaged,44780
R11585,SO36487,P1086,06-Nov-2025,6,Defective,382800
R11586,SO62659,P1991,23-Nov-2025,1,Late Delivery,44860
R11587,SO53443,P1284,31-Oct-2025,3,Wrong Item,38070
R11588,SO31708,P1239,10-Jun-2025,13,Wrong Item,1080560
R11589,SO26882,P1673,15-Jan-2025,6,Size Issue,174420
R11590,SO10183,P1661,30-Jan-2025,12,Wrong Item,64200
R11591,SO53159,P1626,15-Jun-2025,2,Wrong Item,78400
R11592,SO50640,P1325,12-Dec-2025,17,Defective,1315800
R11593,SO31065,P1684,07-Jan-2025,5,Late Delivery,319400
R11594,SO44473,P1180,22-Jan-2025,14,Size Issue,900200
R11595,SO56974,P1434,23-Aug-2025,6,Not Required,148500
R11596,SO29372,P1343,31-May-2025,1,Late Delivery,53200
R11597,SO24802,P1953,26-Sep-2025,6,Wrong Item,390960
R11598,SO20772,P1531,28-Jun-2025,1,Not Required,5050
R11599,SO34092,P1728,21-May-2025,8,Not Required,344560
R11600,SO13607,P1228,27-May-2025,5,Defective,241300
R11601,SO62934,P1533,03-Jan-2026,1,Quality Issue,40250
R11602,SO53435,P1099,23-Dec-2025,3,Not Required,203940
R11603,SO10687,P1768,14-Nov-2025,6,Late Delivery,279780
R11604,SO44985,P1645,06-Feb-2025,8,Damaged,494800
R11605,SO12794,P1395,09-Nov-2025,1,Size Issue,49600
R11606,SO50689,P1279,28-Feb-2025,4,Quality Issue,13040
R11607,SO26549,P1546,17-Jun-2025,4,Defective,189200
R11608,SO37578,P1054,13-Feb-2025,10,Wrong Item,209600
R11609,SO19700,P1602,06-Sep-2025,4,Not Required,304840
R11610,SO36710,P1503,30-Jun-2025,13,Defective,561600
R11611,SO11932,P1194,11-Jul-2025,5,Wrong Item,33200
R11612,SO30133,P1569,24-Jan-2025,16,Defective,219680
R11613,SO33287,P1549,15-Sep-2025,3,Wrong Item,129060
R11614,SO33573,P1988,28-Jul-2025,12,Damaged,520080
R11615,SO49596,P1555,14-Jan-2026,4,Defective,139920
R11616,SO13579,P1725,30-Jun-2025,1,Defective,20100
R11617,SO43795,P1450,29-Sep-2025,7,Not Required,72660
R11618,SO15145,P1463,26-Sep-2025,13,Not Required,252850
R11619,SO58087,P1937,15-Jul-2025,7,Defective,284060
R11620,SO49088,P1633,13-Apr-2025,5,Wrong Item,74050
R11621,SO67448,P1669,29-Dec-2025,3,Damaged,106440
R11622,SO12533,P1650,04-Apr-2025,1,Size Issue,46240
R11623,SO23267,P1491,16-Mar-2025,2,Size Issue,152840
R11624,SO28688,P1409,28-Oct-2025,6,Not Required,248520
R11625,SO46894,P1738,01-Jul-2025,13,Defective,149370
R11626,SO32121,P1482,03-Jun-2025,5,Late Delivery,345600
R11627,SO61006,P1111,08-Jul-2025,2,Quality Issue,139800
R11628,SO30347,P1049,29-Sep-2025,2,Wrong Item,24980
R11629,SO37552,P1157,07-Dec-2025,2,Late Delivery,12680
R11630,SO60955,P1895,03-May-2025,3,Damaged,158370
R11631,SO56259,P2000,02-Jun-2025,10,Size Issue,708000
R11632,SO19183,P1600,08-Jun-2025,6,Damaged,13980
R11633,SO57541,P1919,22-Jul-2025,6,Damaged,33000
R11634,SO66338,P1364,08-Aug-2025,12,Quality Issue,232680
R11635,SO30848,P1568,28-Apr-2025,6,Quality Issue,46440
R11636,SO58750,P1007,17-Oct-2025,4,Defective,87720
R11637,SO46044,P1004,12-Mar-2025,1,Defective,47920
R11638,SO12413,P1336,14-Nov-2025,9,Quality Issue,131040
R11639,SO57575,P1776,24-Jul-2025,11,Wrong Item,724790
R11640,SO43971,P1133,06-Jun-2025,7,Size Issue,510440
R11641,SO50686,P1040,18-Sep-2025,4,Defective,70080
R11642,SO41896,P1973,15-Jan-2025,3,Defective,53070
R11643,SO66928,P1849,10-Oct-2025,2,Damaged,54280
R11644,SO61284,P1923,20-Dec-2025,5,Damaged,188800
R11645,SO29185,P1124,06-May-2025,9,Wrong Item,334530
R11646,SO66458,P1540,17-Feb-2025,4,Not Required,47200
R11647,SO59320,P1134,12-Aug-2025,6,Size Issue,188220
R11648,SO64209,P1803,11-Jul-2025,7,Damaged,321300
R11649,SO28642,P1330,16-Mar-2025,1,Late Delivery,48230
R11650,SO64240,P1722,06-Sep-2025,3,Quality Issue,66210
R11651,SO16027,P1641,20-Jun-2025,1,Not Required,24890
R11652,SO59828,P1723,24-Dec-2025,2,Wrong Item,26860
R11653,SO22037,P1896,09-Oct-2025,3,Not Required,174600
R11654,SO69493,P1236,16-Jun-2025,9,Defective,524700
R11655,SO40563,P1886,10-Jan-2026,2,Damaged,7040
R11656,SO10595,P1736,08-Aug-2025,3,Defective,140100
R11657,SO10821,P1857,18-May-2025,1,Defective,59630
R11658,SO37795,P1468,02-Dec-2025,9,Size Issue,65070
R11659,SO23466,P1483,08-Sep-2025,2,Defective,150380
R11660,SO63585,P1731,27-May-2025,5,Defective,298500
R11661,SO21151,P1985,19-Jan-2025,2,Wrong Item,161840
R11662,SO11345,P1470,19-Jul-2025,4,Wrong Item,47240
R11663,SO50162,P1777,19-Jan-2025,11,Quality Issue,438790
R11664,SO36215,P1279,20-Sep-2025,2,Late Delivery,6520
R11665,SO45520,P1330,24-Nov-2025,7,Defective,337610
R11666,SO24306,P1667,26-Apr-2025,2,Damaged,11200
R11667,SO51826,P1239,20-Sep-2025,3,Quality Issue,249360
R11668,SO28988,P1538,24-Feb-2025,3,Damaged,240480
R11669,SO20723,P1445,14-Jun-2025,14,Late Delivery,34860
R11670,SO39641,P1929,27-Jul-2025,8,Late Delivery,428480
R11671,SO47769,P1557,15-Sep-2025,1,Wrong Item,10610
R11672,SO31338,P1991,31-Aug-2025,4,Late Delivery,179440
R11673,SO58489,P1840,23-Dec-2025,1,Not Required,71100
R11674,SO62881,P1518,30-Jun-2025,4,Not Required,174560
R11675,SO59235,P1065,07-May-2025,9,Defective,290430
R11676,SO53514,P1437,25-Apr-2025,9,Damaged,553410
R11677,SO64485,P1773,07-Feb-2025,5,Quality Issue,403150
R11678,SO17559,P1543,17-Nov-2025,17,Damaged,380290
R11679,SO11193,P1120,01-Nov-2025,11,Damaged,256960
R11680,SO14720,P1606,23-May-2025,11,Late Delivery,199540
R11681,SO69261,P1787,21-May-2025,1,Size Issue,55470
R11682,SO27448,P1801,15-Jun-2025,9,Size Issue,593910
R11683,SO53599,P1138,01-Mar-2025,5,Wrong Item,266750
R11684,SO36791,P1996,22-Dec-2025,11,Not Required,629420
R11685,SO29738,P1925,28-Oct-2025,1,Late Delivery,27820
R11686,SO29192,P1678,18-Sep-2025,5,Wrong Item,127050
R11687,SO34475,P1212,25-May-2025,7,Not Required,391300
R11688,SO42823,P1317,23-Nov-2025,3,Quality Issue,180150
R11689,SO41124,P1048,09-Mar-2025,5,Size Issue,248300
R11690,SO21209,P1368,11-Jul-2025,3,Quality Issue,38550
R11691,SO20330,P1520,31-Mar-2025,1,Size Issue,3590
R11692,SO21259,P1500,28-Aug-2025,6,Defective,205020
R11693,SO23705,P1006,25-Dec-2025,2,Late Delivery,38880
R11694,SO16195,P1504,23-Aug-2025,10,Defective,405800
R11695,SO63321,P1016,15-Apr-2025,4,Defective,36840
R11696,SO17048,P1154,06-Nov-2025,6,Size Issue,147360
R11697,SO27133,P1482,12-Jan-2025,6,Quality Issue,414720
R11698,SO50099,P1789,20-Feb-2025,10,Wrong Item,215300
R11699,SO57453,P1200,03-Aug-2025,8,Late Delivery,104720
R11700,SO52005,P1810,27-Jun-2025,15,Size Issue,1057500
R11701,SO66663,P1105,12-Sep-2025,4,Not Required,283320
R11702,SO39117,P1866,05-Dec-2025,1,Size Issue,70030
R11703,SO51252,P1851,28-Dec-2025,5,Quality Issue,127700
R11704,SO42385,P1881,19-Jun-2025,10,Damaged,247800
R11705,SO64162,P1543,30-Apr-2025,2,Late Delivery,44740
R11706,SO12042,P1852,25-Nov-2025,1,Size Issue,37160
R11707,SO14338,P1223,29-Jan-2025,1,Not Required,57450
R11708,SO55199,P1426,31-Dec-2025,3,Defective,187620
R11709,SO44440,P1739,10-May-2025,1,Late Delivery,29320
R11710,SO53485,P1709,22-Aug-2025,5,Quality Issue,77400
R11711,SO53636,P1920,06-Dec-2025,10,Late Delivery,619300
R11712,SO31813,P1766,26-Jul-2025,1,Wrong Item,72150
R11713,SO43684,P1196,24-Nov-2025,3,Wrong Item,89820
R11714,SO49128,P1389,08-May-2025,8,Late Delivery,148720
R11715,SO31652,P1001,06-Nov-2025,4,Size Issue,189440
R11716,SO30825,P1443,27-Aug-2025,5,Damaged,195400
R11717,SO63959,P1645,15-Feb-2025,2,Defective,123700
R11718,SO20183,P1027,28-Dec-2025,12,Quality Issue,382560
R11719,SO37598,P1358,13-Jul-2025,8,Damaged,3200
R11720,SO58685,P1859,08-Jun-2025,5,Late Delivery,166550
R11721,SO16218,P1844,19-Aug-2025,5,Size Issue,125500
R11722,SO59110,P1569,18-Nov-2025,7,Late Delivery,96110
R11723,SO44816,P1384,21-Dec-2025,3,Wrong Item,6420
R11724,SO55596,P1727,24-Feb-2025,16,Damaged,1103680
R11725,SO31547,P1999,04-May-2025,4,Damaged,140680
R11726,SO38687,P1886,03-Feb-2025,5,Not Required,17600
R11727,SO50361,P1820,03-Mar-2025,8,Not Required,61840
R11728,SO67601,P1124,17-Mar-2025,4,Damaged,148680
R11729,SO24196,P1054,15-Jul-2025,13,Not Required,272480
R11730,SO20247,P1710,09-Nov-2025,15,Quality Issue,540300
R11731,SO33894,P1499,03-May-2025,12,Not Required,272520
R11732,SO58286,P1699,21-Jan-2025,3,Wrong Item,71430
R11733,SO33907,P1235,02-Nov-2025,8,Wrong Item,439360
R11734,SO59059,P1199,15-Apr-2025,4,Size Issue,44280
R11735,SO50513,P1578,12-Aug-2025,3,Damaged,21630
R11736,SO28667,P1970,12-Feb-2025,3,Quality Issue,153840
R11737,SO19944,P1020,23-Jan-2025,5,Defective,310850
R11738,SO62927,P1382,25-Aug-2025,12,Damaged,200760
R11739,SO30488,P1602,28-Jul-2025,3,Size Issue,228630
R11740,SO16573,P1975,19-Dec-2025,1,Wrong Item,23860
R11741,SO60540,P1417,29-Oct-2025,3,Wrong Item,49860
R11742,SO46978,P1433,21-Dec-2025,17,Size Issue,338470
R11743,SO37536,P1211,09-Mar-2025,1,Wrong Item,5130
R11744,SO36837,P1215,04-Oct-2025,8,Damaged,479520
R11745,SO13665,P1320,24-Jun-2025,14,Not Required,368340
R11746,SO64778,P1085,13-Sep-2025,2,Defective,115080
R11747,SO52301,P1712,05-Dec-2025,3,Damaged,80730
R11748,SO67443,P1590,22-Aug-2025,11,Late Delivery,387090
R11749,SO44423,P1284,03-Apr-2025,2,Defective,25380
R11750,SO28700,P1561,28-Dec-2025,3,Not Required,164760
R11751,SO16254,P1314,12-May-2025,3,Late Delivery,14940
R11752,SO12249,P1589,04-Jun-2025,1,Defective,16780
R11753,SO14747,P1514,04-Aug-2025,10,Not Required,71300
R11754,SO40514,P1467,15-Sep-2025,7,Size Issue,200270
R11755,SO48553,P1105,19-Dec-2025,2,Defective,141660
R11756,SO57179,P1799,27-Feb-2025,4,Not Required,150480
R11757,SO24712,P1079,28-Apr-2025,15,Damaged,713700
R11758,SO36872,P1194,04-Apr-2025,13,Defective,86320
R11759,SO36229,P1968,15-Apr-2025,7,Not Required,318850
R11760,SO16645,P1613,31-Aug-2025,13,Quality Issue,993590
R11761,SO51386,P1964,16-Oct-2025,1,Wrong Item,60990
R11762,SO32132,P1695,18-Dec-2025,12,Size Issue,122520
R11763,SO26877,P1245,26-Feb-2025,1,Size Issue,56680
R11764,SO12879,P1556,04-Oct-2025,6,Damaged,269940
R11765,SO19462,P1843,23-Oct-2025,2,Damaged,79180
R11766,SO26243,P1364,08-May-2025,1,Wrong Item,19390
R11767,SO13275,P1803,08-Apr-2025,3,Wrong Item,137700
R11768,SO46701,P1468,01-Jan-2026,10,Quality Issue,72300
R11769,SO42676,P1065,02-Jan-2026,1,Size Issue,32270
R11770,SO51400,P1738,07-Mar-2025,1,Size Issue,11490
R11771,SO21966,P1087,01-Jan-2026,3,Wrong Item,101610
R11772,SO21432,P1230,21-Mar-2025,1,Quality Issue,37330
R11773,SO22556,P1358,19-Jun-2025,8,Quality Issue,3200
R11774,SO42492,P1008,14-Aug-2025,1,Damaged,62340
R11775,SO63298,P1888,29-Nov-2025,4,Late Delivery,104760
R11776,SO28410,P1563,06-Sep-2025,5,Quality Issue,170750
R11777,SO40110,P1737,29-Jun-2025,5,Not Required,151300
R11778,SO18306,P1487,20-Mar-2025,13,Late Delivery,746330
R11779,SO58463,P1591,03-Apr-2025,1,Damaged,770
R11780,SO55626,P1528,05-Feb-2025,10,Not Required,386500
R11781,SO36142,P1335,09-Sep-2025,14,Not Required,70000
R11782,SO63169,P1694,19-Jun-2025,5,Not Required,334350
R11783,SO66829,P1765,25-Nov-2025,1,Wrong Item,39290
R11784,SO44810,P1022,07-Feb-2025,9,Damaged,223560
R11785,SO52546,P1876,25-Jul-2025,3,Damaged,69810
R11786,SO10590,P1774,25-Jun-2025,10,Defective,464300
R11787,SO27044,P1996,07-Sep-2025,2,Late Delivery,114440
R11788,SO34383,P1062,04-Jul-2025,1,Quality Issue,61680
R11789,SO16615,P1031,26-Nov-2025,10,Late Delivery,612400
R11790,SO59265,P1359,01-Aug-2025,4,Wrong Item,12400
R11791,SO53600,P1692,12-Sep-2025,3,Late Delivery,165390
R11792,SO18669,P1699,22-Mar-2025,1,Size Issue,23810
R11793,SO25865,P1605,12-Sep-2025,8,Late Delivery,304800
R11794,SO42907,P1718,25-Aug-2025,4,Quality Issue,190640
R11795,SO69549,P1373,15-May-2025,2,Wrong Item,133400
R11796,SO11003,P1850,22-Apr-2025,1,Late Delivery,13010
R11797,SO35069,P1511,30-Aug-2025,12,Size Issue,244680
R11798,SO49264,P1507,11-Dec-2025,16,Size Issue,1182400
R11799,SO37605,P1938,23-Aug-2025,1,Wrong Item,22780
R11800,SO24546,P1895,22-Sep-2025,1,Not Required,52790
R11801,SO50647,P1407,01-Nov-2025,1,Quality Issue,62040
R11802,SO21756,P1588,16-Apr-2025,1,Quality Issue,39410
R11803,SO18287,P1626,23-May-2025,1,Late Delivery,39200
R11804,SO42144,P1130,16-Jun-2025,5,Damaged,135550
R11805,SO68915,P1755,29-Sep-2025,7,Not Required,388430
R11806,SO37717,P1457,07-Jun-2025,1,Late Delivery,25680
R11807,SO52322,P1164,12-Jul-2025,5,Wrong Item,46550
R11808,SO60705,P1973,23-Mar-2025,9,Size Issue,159210
R11809,SO67700,P1018,31-Jul-2025,11,Late Delivery,63690
R11810,SO61860,P1364,26-Sep-2025,2,Not Required,38780
R11811,SO64461,P1475,10-Mar-2025,3,Defective,51150
R11812,SO13170,P1516,14-Jun-2025,2,Defective,48800
R11813,SO20090,P1848,29-Jul-2025,11,Late Delivery,375980
R11814,SO35049,P1691,12-Mar-2025,9,Defective,286380
R11815,SO16606,P1124,07-Dec-2025,6,Not Required,223020
R11816,SO25567,P1118,25-Nov-2025,6,Damaged,93240
R11817,SO52390,P1906,08-Oct-2025,1,Size Issue,140
R11818,SO51069,P1545,28-May-2025,14,Wrong Item,189140
R11819,SO51175,P1458,13-Mar-2025,4,Late Delivery,223160
R11820,SO19408,P1090,24-Oct-2025,12,Damaged,668160
R11821,SO44011,P1992,19-Aug-2025,1,Damaged,68840
R11822,SO44582,P1317,10-Jun-2025,1,Wrong Item,60050
R11823,SO46820,P1183,24-May-2025,14,Damaged,182840
R11824,SO21150,P1862,24-Mar-2025,2,Damaged,88660
R11825,SO14011,P1226,28-Nov-2025,3,Wrong Item,177960
R11826,SO68584,P1757,12-Nov-2025,3,Not Required,109860
R11827,SO63062,P1877,16-Aug-2025,3,Quality Issue,108510
R11828,SO13036,P1841,15-Feb-2025,3,Quality Issue,60720
R11829,SO69648,P1349,14-Sep-2025,4,Defective,140200
R11830,SO60753,P1521,22-Aug-2025,7,Wrong Item,2660
R11831,SO69821,P1278,06-Jul-2025,12,Wrong Item,656520
R11832,SO61245,P1095,15-Aug-2025,12,Size Issue,264000
R11833,SO47473,P1184,30-Nov-2025,1,Defective,71240
R11834,SO48509,P1336,16-Nov-2025,3,Damaged,43680
R11835,SO11142,P1435,03-Apr-2025,2,Not Required,95280
R11836,SO53917,P1520,29-Sep-2025,6,Not Required,21540
R11837,SO35677,P1525,28-Feb-2025,4,Not Required,99520
R11838,SO30234,P1133,07-Aug-2025,1,Quality Issue,72920
R11839,SO62336,P1436,11-Jul-2025,5,Quality Issue,5100
R11840,SO67291,P1003,03-Sep-2025,17,Quality Issue,751400
R11841,SO52774,P1556,10-Oct-2025,13,Late Delivery,584870
R11842,SO52845,P1282,10-Feb-2025,7,Defective,178780
R11843,SO25727,P1365,24-Jun-2025,8,Quality Issue,561440
R11844,SO38889,P1089,18-Nov-2025,5,Defective,161700
R11845,SO41448,P1310,02-Jul-2025,3,Late Delivery,46710
R11846,SO11307,P1748,02-Jun-2025,6,Not Required,68220
R11847,SO39041,P1801,19-May-2025,2,Late Delivery,131980
R11848,SO29420,P1201,13-May-2025,2,Defective,159340
R11849,SO38669,P1224,11-Mar-2025,7,Size Issue,137480
R11850,SO66460,P1511,28-Jan-2025,13,Defective,265070
R11851,SO30477,P1347,21-Nov-2025,1,Quality Issue,45980
R11852,SO21408,P1431,13-Jan-2025,8,Quality Issue,535840
R11853,SO34030,P1272,29-Mar-2025,1,Quality Issue,65700
R11854,SO67814,P1408,12-Jul-2025,3,Quality Issue,165390
R11855,SO45247,P1094,19-Jul-2025,5,Quality Issue,162800
R11856,SO55259,P1150,22-Jun-2025,2,Defective,146840
R11857,SO14154,P1090,22-Oct-2025,9,Damaged,501120
R11858,SO47673,P1025,09-Sep-2025,4,Late Delivery,152760
R11859,SO14389,P1959,13-Jun-2025,5,Wrong Item,102850
R11860,SO62449,P1864,22-Aug-2025,6,Quality Issue,289980
R11861,SO24895,P1500,24-Dec-2025,5,Wrong Item,170850
R11862,SO26197,P1854,30-Nov-2025,1,Damaged,6090
R11863,SO50888,P1087,14-Feb-2025,4,Size Issue,135480
R11864,SO12234,P1169,10-Jan-2026,4,Not Required,248600
R11865,SO23540,P1827,18-Feb-2025,2,Wrong Item,75500
R11866,SO59346,P1683,16-Dec-2025,14,Not Required,847560
R11867,SO27853,P1318,29-Mar-2025,11,Not Required,746020
R11868,SO32575,P1929,01-Sep-2025,3,Defective,160680
R11869,SO29057,P1731,10-Jun-2025,3,Quality Issue,179100
R11870,SO28517,P1566,17-Feb-2025,7,Wrong Item,160860
R11871,SO32621,P1918,18-Aug-2025,3,Late Delivery,4410
R11872,SO64019,P1432,21-Jul-2025,1,Damaged,59510
R11873,SO67802,P1475,23-Sep-2025,12,Damaged,204600
R11874,SO15114,P1091,31-Oct-2025,10,Defective,176300
R11875,SO12129,P1393,16-Dec-2025,1,Late Delivery,20150
R11876,SO30990,P1858,20-Jul-2025,1,Late Delivery,69000
R11877,SO53671,P1231,17-Dec-2025,3,Not Required,122520
R11878,SO33946,P1924,14-Feb-2025,2,Not Required,115480
R11879,SO23546,P1140,26-Feb-2025,3,Quality Issue,105870
R11880,SO12839,P1671,03-Apr-2025,8,Size Issue,129840
R11881,SO57618,P1922,23-Sep-2025,1,Not Required,32630
R11882,SO44136,P1053,14-Feb-2025,1,Damaged,29320
R11883,SO69619,P1541,28-Mar-2025,5,Quality Issue,361100
R11884,SO19767,P1444,12-May-2025,4,Damaged,259680
R11885,SO51308,P1536,15-May-2025,1,Not Required,58090
R11886,SO14711,P1241,29-Dec-2025,4,Quality Issue,189640
R11887,SO25195,P1487,19-Jul-2025,4,Size Issue,229640
R11888,SO51671,P1250,24-Dec-2025,1,Wrong Item,13870
R11889,SO61715,P1086,23-Aug-2025,10,Wrong Item,638000
R11890,SO58224,P1237,05-Apr-2025,8,Late Delivery,477680
R11891,SO45665,P1293,04-Jun-2025,10,Late Delivery,24100
R11892,SO12489,P1562,06-Sep-2025,14,Wrong Item,760200
R11893,SO21987,P1489,19-Jul-2025,5,Quality Issue,57650
R11894,SO19833,P1677,05-Feb-2025,5,Wrong Item,322800
R11895,SO17695,P1217,04-Jul-2025,3,Late Delivery,108300
R11896,SO12878,P1036,06-Feb-2025,5,Not Required,38450
R11897,SO53526,P1923,17-Jul-2025,5,Quality Issue,188800
R11898,SO35143,P1698,18-Dec-2025,6,Late Delivery,394380
R11899,SO10168,P1212,09-Dec-2025,7,Quality Issue,391300
R11900,SO23498,P1376,23-Jan-2025,4,Wrong Item,264160
R11901,SO59515,P1425,23-Dec-2025,4,Quality Issue,282360
R11902,SO20202,P1520,10-Apr-2025,13,Defective,46670
R11903,SO40068,P1144,01-Sep-2025,14,Wrong Item,974120
R11904,SO15291,P1951,06-Nov-2025,9,Size Issue,522090
R11905,SO41712,P1968,24-Nov-2025,3,Size Issue,136650
R11906,SO33420,P1064,11-Nov-2025,5,Late Delivery,23600
R11907,SO38482,P1808,01-Jul-2025,9,Damaged,613980
R11908,SO44509,P1997,04-Nov-2025,6,Not Required,158580
R11909,SO23405,P1356,31-Jan-2025,5,Quality Issue,133200
R11910,SO40019,P1170,05-May-2025,1,Defective,60410
R11911,SO52060,P1484,09-Jan-2025,6,Defective,247440
R11912,SO18861,P1484,12-Aug-2025,4,Defective,164960
R11913,SO69450,P1023,07-Jul-2025,1,Damaged,22570
R11914,SO25209,P1006,03-Aug-2025,4,Quality Issue,77760
R11915,SO31525,P1654,31-Jan-2025,1,Late Delivery,31550
R11916,SO34899,P1954,22-Nov-2025,5,Damaged,334400
R11917,SO67164,P1866,23-Sep-2025,5,Defective,350150
R11918,SO39928,P1481,30-Mar-2025,5,Defective,232150
R11919,SO17914,P1285,18-Oct-2025,14,Damaged,512400
R11920,SO36163,P1993,12-Mar-2025,6,Size Issue,120840
R11921,SO51043,P1104,29-Dec-2025,3,Wrong Item,21510
R11922,SO19644,P1859,29-Nov-2025,7,Quality Issue,233170
R11923,SO16198,P1672,05-Oct-2025,1,Size Issue,28760
R11924,SO33222,P1630,04-Feb-2025,1,Wrong Item,24960
R11925,SO62251,P1736,21-May-2025,2,Defective,93400
R11926,SO11951,P1488,27-Jun-2025,3,Defective,69780
R11927,SO33900,P1963,27-Oct-2025,1,Defective,25510
R11928,SO37052,P1297,24-May-2025,4,Size Issue,47960
R11929,SO11303,P1965,15-Nov-2025,12,Quality Issue,70920
R11930,SO17184,P1617,21-Jul-2025,1,Damaged,37550
R11931,SO15046,P1601,25-Oct-2025,1,Wrong Item,10130
R11932,SO67567,P1490,09-Jun-2025,6,Not Required,60300
R11933,SO40406,P1797,02-Dec-2025,4,Late Delivery,23800
R11934,SO22865,P1815,09-Oct-2025,2,Wrong Item,51040
R11935,SO37498,P1752,01-Jan-2026,6,Size Issue,182760
R11936,SO16671,P1472,16-Sep-2025,3,Wrong Item,28620
R11937,SO66839,P1841,11-Oct-2025,3,Defective,60720
R11938,SO69570,P1805,12-Jul-2025,1,Defective,30510
R11939,SO33779,P1842,14-Oct-2025,2,Defective,122660
R11940,SO42991,P1890,24-Aug-2025,8,Quality Issue,558880
R11941,SO21758,P1198,27-May-2025,17,Late Delivery,306680
R11942,SO19992,P1133,06-Aug-2025,9,Quality Issue,656280
R11943,SO68903,P1350,01-Sep-2025,2,Damaged,100520
R11944,SO69715,P1930,06-May-2025,1,Not Required,52260
R11945,SO31340,P1005,07-Oct-2025,2,Not Required,76660
R11946,SO19483,P1951,13-Oct-2025,5,Quality Issue,290050
R11947,SO12627,P1737,24-Aug-2025,4,Damaged,121040
R11948,SO31308,P1235,04-Nov-2025,8,Defective,439360
R11949,SO66702,P1568,30-Nov-2025,4,Defective,30960
R11950,SO25166,P1617,26-Jul-2025,5,Not Required,187750
R11951,SO69956,P1867,02-Jun-2025,19,Damaged,661010
R11952,SO31519,P1095,10-Nov-2025,2,Quality Issue,44000
R11953,SO48643,P1063,31-Jan-2025,2,Damaged,64560
R11954,SO21482,P1903,03-Mar-2025,2,Size Issue,112740
R11955,SO38368,P1360,02-Dec-2025,6,Wrong Item,214620
R11956,SO32696,P1692,26-Jan-2025,6,Damaged,330780
R11957,SO42696,P1469,10-Mar-2025,7,Quality Issue,276640
R11958,SO57431,P1482,23-Apr-2025,13,Size Issue,898560
R11959,SO27653,P1541,29-May-2025,2,Damaged,144440
R11960,SO17038,P1200,21-Dec-2025,15,Size Issue,196350
R11961,SO29013,P1070,26-Mar-2025,2,Quality Issue,146860
R11962,SO15602,P1383,12-May-2025,2,Quality Issue,99500
R11963,SO17104,P1320,15-Nov-2025,11,Defective,289410
R11964,SO13153,P1972,26-Nov-2025,1,Late Delivery,55510
R11965,SO26178,P1571,10-Oct-2025,7,Wrong Item,446530
R11966,SO49125,P1510,18-Feb-2025,12,Quality Issue,36600
R11967,SO60818,P1806,28-Jun-2025,3,Not Required,111990
R11968,SO23261,P1265,20-Dec-2025,14,Late Delivery,529760
R11969,SO62958,P1027,24-Oct-2025,4,Late Delivery,127520
R11970,SO39193,P1152,16-Feb-2025,5,Damaged,330050
R11971,SO66955,P1478,21-May-2025,2,Late Delivery,50880
R11972,SO68919,P1636,16-Feb-2025,7,Size Issue,49770
R11973,SO40363,P1924,18-May-2025,1,Size Issue,57740
R11974,SO62841,P1714,15-Aug-2025,7,Size Issue,278950
R11975,SO55031,P1416,30-Oct-2025,2,Late Delivery,9440
R11976,SO68141,P1853,12-Feb-2025,8,Damaged,438160
R11977,SO65771,P1243,27-Jul-2025,14,Late Delivery,1085560
R11978,SO18247,P1817,28-Jan-2025,4,Size Issue,300560
R11979,SO23436,P1182,23-Mar-2025,2,Defective,126120
R11980,SO69405,P1530,06-Mar-2025,8,Not Required,231440
R11981,SO59834,P1079,31-Jan-2025,1,Wrong Item,47580
R11982,SO48814,P1677,17-Jul-2025,8,Size Issue,516480
R11983,SO19543,P1632,28-Apr-2025,2,Not Required,10400
R11984,SO16349,P1400,13-Apr-2025,7,Damaged,472640
R11985,SO47330,P1261,07-Sep-2025,1,Quality Issue,10870
R11986,SO30081,P1043,11-Feb-2025,1,Quality Issue,29820
R11987,SO24287,P1193,19-Feb-2025,5,Size Issue,93850
R11988,SO69009,P1902,10-Nov-2025,1,Damaged,57060
R11989,SO37509,P1615,14-Jan-2025,4,Not Required,68440
R11990,SO29772,P1740,16-Jun-2025,2,Damaged,71340
R11991,SO19072,P1664,09-Jul-2025,1,Size Issue,20980
R11992,SO62181,P1378,30-Jul-2025,17,Late Delivery,210970
R11993,SO26336,P1986,02-Dec-2025,16,Defective,1014240
R11994,SO12091,P1546,04-Feb-2025,10,Quality Issue,473000
R11995,SO15217,P1852,27-Aug-2025,7,Late Delivery,260120
R11996,SO54849,P1415,05-Jan-2026,7,Size Issue,124740
R11997,SO30777,P1200,13-Feb-2025,4,Late Delivery,52360
R11998,SO28313,P1262,21-Apr-2025,9,Wrong Item,288000
R11999,SO38534,P1775,01-Oct-2025,3,Damaged,205080
R12000,SO68262,P1114,06-Oct-2025,7,Not Required,367640
R12001,SO43229,P1862,17-Mar-2025,5,Damaged,221650
R12002,SO24831,P1274,09-Dec-2025,3,Wrong Item,211770
R12003,SO69817,P1025,16-Jun-2025,5,Quality Issue,190950
R12004,SO36092,P1435,09-Jul-2025,6,Size Issue,285840
R12005,SO16537,P1320,01-Apr-2025,5,Wrong Item,131550
R12006,SO37558,P1559,20-Jul-2025,1,Not Required,72620
R12007,SO17446,P1626,06-Jun-2025,15,Late Delivery,588000
R12008,SO40103,P1108,30-Oct-2025,8,Not Required,460000
R12009,SO32560,P1814,15-Jan-2025,2,Wrong Item,86480
R12010,SO40940,P1125,06-Apr-2025,5,Damaged,56500
R12011,SO22425,P1817,23-Oct-2025,2,Late Delivery,150280
R12012,SO46072,P1051,21-Nov-2025,4,Wrong Item,140480
R12013,SO47146,P1458,24-Sep-2025,4,Quality Issue,223160
R12014,SO31598,P1825,07-Sep-2025,5,Wrong Item,196250
R12015,SO14748,P1042,28-May-2025,6,Late Delivery,186180
R12016,SO49730,P1461,10-Oct-2025,7,Damaged,88200
R12017,SO12276,P1625,09-Oct-2025,6,Damaged,277080
R12018,SO18526,P1772,05-Mar-2025,2,Defective,106400
R12019,SO28654,P1175,06-Aug-2025,1,Wrong Item,38700
R12020,SO57972,P1306,13-Sep-2025,1,Defective,25460
R12021,SO18818,P1014,09-Feb-2025,10,Damaged,510500
R12022,SO35749,P1725,24-Jan-2025,4,Size Issue,80400
R12023,SO35763,P1241,22-Jul-2025,7,Not Required,331870
R12024,SO60245,P1811,07-Nov-2025,7,Damaged,447930
R12025,SO20959,P1795,30-Dec-2025,2,Size Issue,122000
R12026,SO57940,P1336,22-Mar-2025,11,Quality Issue,160160
R12027,SO51677,P1686,02-Oct-2025,6,Damaged,79320
R12028,SO15936,P1030,23-Jun-2025,4,Size Issue,86800
R12029,SO62211,P1509,30-Apr-2025,6,Damaged,291240
R12030,SO51717,P1667,07-Mar-2025,1,Damaged,5600
R12031,SO16675,P1587,07-Jul-2025,10,Defective,429700
R12032,SO59466,P1907,16-Oct-2025,2,Wrong Item,5280
R12033,SO39491,P1109,06-Sep-2025,12,Defective,529320
R12034,SO35916,P1757,08-Jun-2025,7,Damaged,256340
R12035,SO22232,P1519,18-Jul-2025,1,Late Delivery,13800
R12036,SO23157,P1762,16-Apr-2025,1,Defective,24420
R12037,SO63456,P1859,04-Nov-2025,10,Not Required,333100
R12038,SO22963,P1575,16-Oct-2025,4,Not Required,38200
R12039,SO12915,P1526,22-Jul-2025,3,Wrong Item,18720
R12040,SO27899,P1046,27-Jul-2025,1,Damaged,36780
R12041,SO40833,P1175,25-Jul-2025,1,Quality Issue,38700
R12042,SO42078,P1434,05-Jan-2026,1,Wrong Item,24750
R12043,SO69756,P1533,03-Jan-2026,2,Quality Issue,80500
R12044,SO12855,P1110,30-Oct-2025,1,Quality Issue,44930
R12045,SO64566,P1979,08-Mar-2025,3,Damaged,155520
R12046,SO19987,P1821,19-Oct-2025,5,Defective,330800
R12047,SO54283,P1058,12-Jun-2025,3,Size Issue,154890
R12048,SO38693,P1034,12-May-2025,1,Damaged,68230
R12049,SO44359,P1464,06-Sep-2025,7,Damaged,58380
R12050,SO16551,P1986,01-Jan-2026,6,Defective,380340
R12051,SO34511,P1556,27-Apr-2025,4,Defective,179960
R12052,SO68989,P1207,12-May-2025,1,Size Issue,52950
R12053,SO43302,P1827,13-Feb-2025,3,Damaged,113250
R12054,SO19662,P1932,27-Jan-2025,1,Quality Issue,67610
R12055,SO38184,P1617,06-Dec-2025,8,Damaged,300400
R12056,SO16639,P1426,29-Nov-2025,2,Not Required,125080
R12057,SO30067,P1687,20-Mar-2025,7,Defective,95550
R12058,SO25958,P1473,10-Aug-2025,6,Late Delivery,211200
R12059,SO32503,P1014,05-Jun-2025,10,Late Delivery,510500
R12060,SO13987,P1419,25-Dec-2025,2,Damaged,158720
R12061,SO36474,P1928,17-Dec-2025,2,Defective,41280
R12062,SO11323,P1377,22-May-2025,13,Late Delivery,130000
R12063,SO57746,P1829,23-Nov-2025,5,Size Issue,199200
R12064,SO10620,P1222,12-Dec-2025,1,Not Required,23670
R12065,SO53756,P1207,18-Sep-2025,13,Defective,688350
R12066,SO16815,P1834,01-Jan-2026,8,Not Required,384800
R12067,SO34819,P1338,21-Sep-2025,1,Damaged,5400
R12068,SO10844,P1930,22-Apr-2025,4,Damaged,209040
R12069,SO19026,P1424,15-Nov-2025,1,Late Delivery,60060
R12070,SO13509,P1725,05-Oct-2025,5,Wrong Item,100500
R12071,SO39973,P1236,20-Mar-2025,10,Wrong Item,583000
R12072,SO50867,P1271,20-Feb-2025,2,Not Required,87020
R12073,SO36295,P1793,18-Aug-2025,5,Quality Issue,299450
R12074,SO27256,P1938,30-Jul-2025,1,Late Delivery,22780
R12075,SO24432,P1477,06-Apr-2025,7,Defective,119210
R12076,SO52530,P1412,24-Nov-2025,1,Defective,32350
R12077,SO59808,P1175,12-Dec-2025,1,Damaged,38700
R12078,SO34729,P1522,26-Sep-2025,13,Late Delivery,75400
R12079,SO30292,P1174,11-Apr-2025,12,Damaged,185880
R12080,SO51413,P1294,03-Nov-2025,11,Damaged,580470
R12081,SO50396,P1815,12-Dec-2025,9,Defective,229680
R12082,SO43413,P1031,18-May-2025,1,Size Issue,61240
R12083,SO47048,P1452,25-Apr-2025,9,Wrong Item,627300
R12084,SO26508,P1362,20-Aug-2025,4,Wrong Item,260520
R12085,SO53301,P1108,18-Jun-2025,1,Not Required,57500
R12086,SO65100,P1923,29-Jun-2025,13,Damaged,490880
R12087,SO19453,P1929,25-Aug-2025,8,Damaged,428480
R12088,SO35286,P1571,22-Dec-2025,2,Quality Issue,127580
R12089,SO41503,P1402,04-Dec-2025,6,Defective,382020
R12090,SO44896,P1309,16-Oct-2025,4,Wrong Item,136120
R12091,SO63740,P1667,01-Sep-2025,3,Size Issue,16800
R12092,SO69202,P1119,06-Mar-2025,1,Quality Issue,37740
R12093,SO30929,P1338,07-Oct-2025,2,Size Issue,10800
R12094,SO12699,P1091,23-Mar-2025,1,Defective,17630
R12095,SO59191,P1667,24-Aug-2025,11,Quality Issue,61600
R12096,SO66625,P1810,03-Feb-2025,1,Size Issue,70500
R12097,SO54805,P1983,18-Jul-2025,1,Not Required,82620
R12098,SO19681,P1167,29-Jun-2025,9,Damaged,198630
R12099,SO53667,P1291,06-May-2025,3,Size Issue,88950
R12100,SO20705,P1944,30-Sep-2025,4,Wrong Item,152920
R12101,SO55050,P1064,31-Aug-2025,4,Size Issue,18880
R12102,SO36615,P1934,04-Jul-2025,4,Quality Issue,187720
R12103,SO31274,P1642,03-Oct-2025,16,Late Delivery,16640
R12104,SO18572,P1184,19-Nov-2025,2,Defective,142480
R12105,SO16729,P1816,14-Nov-2025,14,Defective,283220
R12106,SO54354,P1802,19-Sep-2025,6,Size Issue,34200
R12107,SO27805,P1447,16-Dec-2025,2,Not Required,42100
R12108,SO14964,P1706,05-Oct-2025,10,Wrong Item,32600
R12109,SO22617,P1774,10-Oct-2025,1,Damaged,46430
R12110,SO44787,P1239,06-Apr-2025,4,Wrong Item,332480
R12111,SO57205,P1064,15-Dec-2025,9,Not Required,42480
R12112,SO34602,P1056,29-Nov-2025,1,Damaged,71690
R12113,SO67685,P1686,23-Nov-2025,12,Quality Issue,158640
R12114,SO24600,P1770,29-May-2025,12,Not Required,201600
R12115,SO26399,P1825,11-May-2025,3,Size Issue,117750
R12116,SO45194,P1217,09-Feb-2025,9,Damaged,324900
R12117,SO64389,P1347,28-May-2025,3,Quality Issue,137940
R12118,SO65148,P1579,13-May-2025,4,Size Issue,38280
R12119,SO14177,P1988,18-Jun-2025,8,Not Required,346720
R12120,SO66681,P1860,02-Dec-2025,8,Defective,541360
R12121,SO61138,P1158,19-Oct-2025,13,Size Issue,605800
R12122,SO26521,P1020,22-Mar-2025,11,Damaged,683870
R12123,SO25396,P1706,06-Jan-2025,8,Not Required,26080
R12124,SO32147,P1433,14-Mar-2025,8,Not Required,159280
R12125,SO26809,P1708,07-Sep-2025,3,Defective,69300
R12126,SO64521,P1427,28-Apr-2025,2,Not Required,153420
R12127,SO59545,P1589,23-Mar-2025,1,Damaged,16780
R12128,SO10015,P1737,26-Mar-2025,1,Late Delivery,30260
R12129,SO37841,P1844,17-Oct-2025,1,Size Issue,25100
R12130,SO18489,P1613,13-Jan-2025,2,Not Required,152860
R12131,SO54773,P1034,28-Dec-2025,2,Not Required,136460
R12132,SO25804,P1637,22-Aug-2025,1,Wrong Item,7620
R12133,SO12844,P1330,11-Aug-2025,1,Damaged,48230
R12134,SO68080,P1715,29-Oct-2025,1,Late Delivery,74070
R12135,SO69772,P1374,25-Jan-2025,3,Not Required,155250
R12136,SO63083,P1432,18-Mar-2025,2,Late Delivery,119020
R12137,SO43548,P1231,13-Jul-2025,2,Quality Issue,81680
R12138,SO35777,P1911,31-May-2025,7,Wrong Item,336210
R12139,SO22442,P1561,15-Dec-2025,1,Defective,54920
R12140,SO36341,P1652,20-Dec-2025,5,Not Required,333200
R12141,SO42832,P1007,28-Nov-2025,1,Not Required,21930
R12142,SO62946,P1200,24-Dec-2025,6,Damaged,78540
R12143,SO45239,P1008,16-Sep-2025,1,Not Required,62340
R12144,SO27655,P1846,27-Feb-2025,2,Wrong Item,113520
R12145,SO62215,P1152,29-May-2025,2,Quality Issue,132020
R12146,SO26921,P1283,18-Sep-2025,1,Defective,51090
R12147,SO39171,P1513,17-Feb-2025,6,Quality Issue,45540
R12148,SO56292,P1267,03-Sep-2025,2,Quality Issue,108320
R12149,SO43950,P1758,11-Aug-2025,7,Quality Issue,246610
R12150,SO53949,P1153,02-May-2025,4,Wrong Item,196280
R12151,SO65472,P1680,03-Jun-2025,10,Damaged,443900
R12152,SO24589,P1631,22-Jan-2025,1,Size Issue,39920
R12153,SO18928,P1997,24-Jun-2025,4,Not Required,105720
R12154,SO32908,P1554,22-Jul-2025,1,Damaged,37300
R12155,SO44342,P1979,01-Oct-2025,7,Damaged,362880
R12156,SO33904,P1041,06-Feb-2025,3,Late Delivery,101730
R12157,SO19744,P1858,25-Jul-2025,12,Size Issue,828000
R12158,SO24965,P1463,26-May-2025,8,Not Required,155600
R12159,SO10931,P1839,11-Dec-2025,18,Wrong Item,92160
R12160,SO39266,P1735,14-Jul-2025,5,Wrong Item,115750
R12161,SO54536,P1126,02-Apr-2025,1,Late Delivery,19390
R12162,SO11741,P1630,12-Jun-2025,4,Quality Issue,99840
R12163,SO68042,P1670,24-Aug-2025,7,Late Delivery,198590
R12164,SO66454,P1741,13-Mar-2025,3,Defective,810
R12165,SO30548,P1668,12-Nov-2025,4,Not Required,74240
R12166,SO39084,P1221,08-Oct-2025,3,Damaged,68070
R12167,SO43656,P1191,24-Jan-2025,6,Late Delivery,377220
R12168,SO37196,P1158,03-May-2025,7,Late Delivery,326200
R12169,SO41148,P1202,17-Nov-2025,7,Size Issue,489720
R12170,SO33612,P1120,22-Jul-2025,5,Not Required,116800
R12171,SO56446,P1314,20-Mar-2025,4,Quality Issue,19920
R12172,SO65525,P1233,10-Dec-2025,6,Not Required,72420
R12173,SO22112,P1238,25-Dec-2025,3,Wrong Item,66750
R12174,SO21561,P1965,17-Jun-2025,9,Not Required,53190
R12175,SO16762,P1294,26-Oct-2025,4,Damaged,211080
R12176,SO24840,P1704,17-May-2025,1,Defective,9350
R12177,SO23656,P1554,08-Jan-2026,11,Quality Issue,410300
R12178,SO67179,P1818,17-Apr-2025,1,Quality Issue,42120
R12179,SO55389,P1646,14-Apr-2025,7,Size Issue,364700
R12180,SO64228,P1938,30-Jun-2025,3,Wrong Item,68340
R12181,SO48419,P1545,01-May-2025,3,Defective,40530
R12182,SO48520,P1568,21-Aug-2025,1,Late Delivery,7740
R12183,SO27470,P1357,06-Feb-2025,1,Defective,58270
R12184,SO50151,P1358,22-Oct-2025,2,Damaged,800
R12185,SO44915,P1562,26-Aug-2025,3,Late Delivery,162900
R12186,SO44389,P1126,24-Apr-2025,1,Quality Issue,19390
R12187,SO40562,P1463,30-Mar-2025,6,Size Issue,116700
R12188,SO25636,P1890,27-Jun-2025,4,Size Issue,279440
R12189,SO51257,P1141,10-Sep-2025,4,Defective,93880
R12190,SO27790,P1341,24-Nov-2025,6,Defective,145260
R12191,SO66807,P1020,21-Jan-2025,9,Late Delivery,559530
R12192,SO48675,P1646,03-May-2025,1,Late Delivery,52100
R12193,SO29936,P1247,14-Aug-2025,2,Late Delivery,116280
R12194,SO51955,P1283,19-Dec-2025,2,Not Required,102180
R12195,SO15836,P1019,07-Jun-2025,18,Size Issue,1075320
R12196,SO60044,P1999,12-Apr-2025,5,Late Delivery,175850
R12197,SO28151,P1015,14-Feb-2025,14,Quality Issue,640080
R12198,SO16066,P1673,06-Oct-2025,18,Defective,523260
R12199,SO10849,P1462,17-Nov-2025,14,Quality Issue,439180
R12200,SO58267,P1350,05-Nov-2025,1,Late Delivery,50260
R12201,SO56090,P1891,15-May-2025,7,Not Required,75880
R12202,SO45696,P1551,19-Jan-2025,4,Size Issue,191280
R12203,SO10655,P1684,19-Sep-2025,4,Quality Issue,255520
R12204,SO62558,P1894,24-Jan-2025,3,Late Delivery,164580
R12205,SO17773,P1548,05-Apr-2025,7,Wrong Item,366730
R12206,SO43491,P1912,10-May-2025,5,Not Required,273650
R12207,SO18884,P1182,13-Feb-2025,8,Late Delivery,504480
R12208,SO66206,P1899,03-Aug-2025,5,Damaged,336900
R12209,SO37398,P1213,27-Mar-2025,12,Late Delivery,604560
R12210,SO15360,P1654,01-May-2025,8,Defective,252400
R12211,SO61174,P1751,04-Mar-2025,10,Quality Issue,545400
R12212,SO54172,P1808,04-Oct-2025,7,Damaged,477540
R12213,SO46405,P1379,15-Dec-2025,2,Wrong Item,79880
R12214,SO66050,P1556,11-Dec-2025,4,Not Required,179960
R12215,SO27095,P1495,25-Feb-2025,6,Size Issue,124080
R12216,SO22493,P1826,17-Feb-2025,1,Quality Issue,40370
R12217,SO30348,P1075,20-Mar-2025,3,Wrong Item,204540
R12218,SO21048,P1253,18-Mar-2025,11,Quality Issue,234080
R12219,SO51312,P1591,12-Sep-2025,7,Size Issue,5390
R12220,SO17995,P1365,18-Apr-2025,4,Not Required,280720
R12221,SO68799,P1595,06-Feb-2025,6,Late Delivery,418740
R12222,SO42536,P1259,27-Feb-2025,4,Size Issue,251360
R12223,SO46194,P1278,04-Oct-2025,15,Wrong Item,820650
R12224,SO24977,P1691,23-Apr-2025,1,Damaged,31820
R12225,SO62066,P1237,05-Jan-2026,6,Size Issue,358260
R12226,SO58034,P1407,21-Dec-2025,8,Size Issue,496320
R12227,SO39643,P1925,05-Oct-2025,15,Quality Issue,417300
R12228,SO51233,P1028,17-Apr-2025,4,Defective,200480
R12229,SO68118,P1644,04-Mar-2025,1,Wrong Item,32980
R12230,SO42941,P1049,29-Nov-2025,12,Damaged,149880
R12231,SO38537,P1122,23-Mar-2025,13,Late Delivery,575380
R12232,SO25670,P1930,23-Aug-2025,4,Wrong Item,209040
R12233,SO24760,P1200,08-Feb-2025,5,Wrong Item,65450
R12234,SO46468,P1860,17-Aug-2025,2,Defective,135340
R12235,SO32374,P1904,17-Jan-2025,2,Wrong Item,82720
R12236,SO19343,P1370,23-Apr-2025,2,Damaged,9060
R12237,SO17314,P1978,15-Aug-2025,4,Wrong Item,61360
R12238,SO59730,P1646,27-Sep-2025,14,Defective,729400
R12239,SO65967,P1999,17-Jul-2025,3,Defective,105510
R12240,SO35978,P1439,19-May-2025,1,Not Required,5900
R12241,SO62012,P1820,07-Dec-2025,1,Not Required,7730
R12242,SO58292,P1483,12-Jun-2025,1,Damaged,75190
R12243,SO50085,P1611,19-Sep-2025,15,Quality Issue,377100
R12244,SO41029,P1877,14-Feb-2025,10,Not Required,361700
R12245,SO69847,P1296,09-Mar-2025,2,Quality Issue,114980
R12246,SO32549,P1495,29-Jun-2025,7,Wrong Item,144760
R12247,SO16039,P1128,18-Sep-2025,12,Damaged,859320
R12248,SO45561,P1193,06-Nov-2025,5,Quality Issue,93850
R12249,SO58443,P1786,23-Dec-2025,5,Late Delivery,349750
R12250,SO38035,P1914,05-Jul-2025,7,Quality Issue,470680
R12251,SO21841,P1990,05-Nov-2025,10,Quality Issue,102100
R12252,SO44144,P1395,09-Jun-2025,9,Quality Issue,446400
R12253,SO31599,P1503,29-Sep-2025,3,Defective,129600
R12254,SO35051,P1681,03-May-2025,3,Wrong Item,46380
R12255,SO47620,P1531,23-Apr-2025,15,Not Required,75750
R12256,SO19415,P1260,03-Jun-2025,5,Defective,339700
R12257,SO21603,P1701,25-Aug-2025,1,Size Issue,64720
R12258,SO54671,P1175,01-Jul-2025,7,Not Required,270900
R12259,SO39293,P1425,09-Mar-2025,1,Late Delivery,70590
R12260,SO49928,P1116,02-Feb-2025,1,Late Delivery,12420
R12261,SO24193,P1556,05-Apr-2025,2,Defective,89980
R12262,SO51963,P1222,03-Oct-2025,2,Size Issue,47340
R12263,SO39281,P1288,14-Feb-2025,7,Late Delivery,32130
R12264,SO31593,P1766,11-Apr-2025,2,Size Issue,144300
R12265,SO45248,P1798,13-Nov-2025,7,Size Issue,385700
R12266,SO15760,P1606,01-Feb-2025,5,Quality Issue,90700
R12267,SO43510,P1939,11-Oct-2025,1,Wrong Item,59020
R12268,SO15647,P1137,12-Oct-2025,1,Not Required,12040
R12269,SO31699,P1033,10-Apr-2025,2,Size Issue,119300
R12270,SO29470,P1220,19-Aug-2025,5,Damaged,363650
R12271,SO67849,P1299,03-Apr-2025,9,Quality Issue,204210
R12272,SO41172,P1827,21-Apr-2025,5,Wrong Item,188750
R12273,SO14949,P1616,17-Sep-2025,7,Not Required,13580
R12274,SO51918,P1941,11-Sep-2025,2,Damaged,113800
R12275,SO33945,P1439,27-Jul-2025,1,Defective,5900
R12276,SO34271,P1194,03-Aug-2025,1,Defective,6640
R12277,SO65633,P1117,23-Jan-2025,16,Defective,1020480
R12278,SO38193,P1021,29-Apr-2025,2,Quality Issue,40560
R12279,SO43839,P1929,02-Sep-2025,10,Quality Issue,535600
R12280,SO20516,P1236,07-Sep-2025,5,Defective,291500
R12281,SO36078,P1193,28-Nov-2025,5,Late Delivery,93850
R12282,SO19067,P1421,18-Oct-2025,6,Defective,274440
R12283,SO19531,P1356,25-Dec-2025,6,Late Delivery,159840
R12284,SO66924,P1883,01-Jan-2026,1,Late Delivery,55650
R12285,SO68562,P1420,02-Sep-2025,3,Defective,22140
R12286,SO69459,P1643,23-Dec-2025,2,Late Delivery,135400
R12287,SO36527,P1136,31-Dec-2025,17,Size Issue,217600
R12288,SO60218,P1253,21-Dec-2025,11,Damaged,234080
R12289,SO28519,P1327,05-Jun-2025,14,Wrong Item,57400
R12290,SO26477,P1534,29-Jan-2025,2,Defective,29860
R12291,SO51932,P1239,21-Jun-2025,16,Quality Issue,1329920
R12292,SO38556,P1238,13-Oct-2025,7,Quality Issue,155750
R12293,SO58177,P1849,09-Apr-2025,11,Size Issue,298540
R12294,SO57001,P1860,18-Mar-2025,7,Damaged,473690
R12295,SO43781,P1405,26-Mar-2025,3,Quality Issue,184710
R12296,SO50884,P1220,07-Dec-2025,5,Wrong Item,363650
R12297,SO14676,P1140,18-Dec-2025,9,Wrong Item,317610
R12298,SO68161,P1198,31-May-2025,1,Late Delivery,18040
R12299,SO50523,P1544,22-Apr-2025,7,Wrong Item,356790
R12300,SO30001,P1473,24-Jun-2025,4,Defective,140800
R12301,SO58341,P1657,14-Aug-2025,11,Wrong Item,833140
R12302,SO68617,P1635,28-Apr-2025,1,Size Issue,67860
R12303,SO10082,P1595,22-Aug-2025,5,Damaged,348950
R12304,SO39096,P1964,29-Dec-2025,9,Damaged,548910
R12305,SO63428,P1023,17-Nov-2025,1,Damaged,22570
R12306,SO26073,P1675,26-Oct-2025,9,Defective,421650
R12307,SO58585,P1517,29-Oct-2025,5,Quality Issue,100900
R12308,SO61351,P1209,29-Oct-2025,6,Damaged,134340
R12309,SO31654,P1946,22-Apr-2025,6,Late Delivery,256140
R12310,SO34142,P1313,19-Aug-2025,7,Quality Issue,26040
R12311,SO68514,P1058,23-Nov-2025,12,Wrong Item,619560
R12312,SO66939,P1499,06-Dec-2025,14,Not Required,317940
R12313,SO42134,P1858,28-Jul-2025,4,Late Delivery,276000
R12314,SO13071,P1804,13-May-2025,6,Size Issue,377100
R12315,SO16154,P1456,14-Apr-2025,2,Not Required,31160
R12316,SO39494,P1350,09-Feb-2025,10,Not Required,502600
R12317,SO11669,P1784,20-Jun-2025,5,Defective,249300
R12318,SO44431,P1610,01-Dec-2025,3,Size Issue,168960
R12319,SO21027,P1920,16-Jun-2025,2,Wrong Item,123860
R12320,SO38283,P1232,30-May-2025,18,Size Issue,971820
R12321,SO20616,P1711,27-May-2025,15,Defective,367350
R12322,SO40228,P1155,30-Oct-2025,12,Not Required,7080
R12323,SO53785,P1638,10-Mar-2025,1,Wrong Item,7290
R12324,SO13532,P1998,15-May-2025,10,Not Required,305700
R12325,SO51406,P1386,12-Nov-2025,10,Damaged,386000
R12326,SO62392,P1664,20-Jun-2025,2,Late Delivery,41960
R12327,SO47759,P1414,08-Jul-2025,18,Damaged,6120
R12328,SO12235,P1194,24-Jan-2025,6,Wrong Item,39840
R12329,SO28362,P1430,28-Jul-2025,3,Defective,37680
R12330,SO41553,P1242,16-Nov-2025,4,Late Delivery,47160
R12331,SO55676,P1958,14-Jun-2025,2,Defective,148240
R12332,SO64354,P1533,31-Aug-2025,8,Size Issue,322000
R12333,SO22363,P1191,29-Apr-2025,7,Late Delivery,440090
R12334,SO19821,P1945,09-Sep-2025,3,Size Issue,168990
R12335,SO58808,P1373,17-Nov-2025,6,Wrong Item,400200
R12336,SO28336,P1280,01-Mar-2025,2,Size Issue,65080
R12337,SO41429,P1039,04-Jul-2025,6,Size Issue,187860
R12338,SO54298,P1365,27-Sep-2025,2,Damaged,140360
R12339,SO12096,P1852,27-Jul-2025,2,Defective,74320
R12340,SO43824,P1014,12-Oct-2025,2,Wrong Item,102100
R12341,SO65257,P1029,29-Mar-2025,9,Quality Issue,400050
R12342,SO63593,P1684,12-Aug-2025,5,Not Required,319400
R12343,SO13260,P1320,15-Apr-2025,10,Late Delivery,263100
R12344,SO55489,P1412,03-Mar-2025,1,Wrong Item,32350
R12345,SO19300,P1427,22-Mar-2025,14,Late Delivery,1073940
R12346,SO12675,P1686,27-Dec-2025,1,Late Delivery,13220
R12347,SO18251,P1554,03-Apr-2025,4,Not Required,149200
R12348,SO39846,P1883,26-Nov-2025,12,Defective,667800
R12349,SO46951,P1166,24-Feb-2025,2,Defective,101000
R12350,SO69087,P1879,25-Oct-2025,2,Size Issue,101320
R12351,SO36077,P1034,24-Apr-2025,3,Not Required,204690
R12352,SO34718,P1420,19-Jul-2025,6,Late Delivery,44280
R12353,SO53204,P1715,21-Jul-2025,1,Size Issue,74070
R12354,SO69763,P1331,16-Dec-2025,9,Size Issue,45720
R12355,SO29918,P1420,23-Jan-2025,9,Wrong Item,66420
R12356,SO46482,P1499,14-Dec-2025,4,Not Required,90840
R12357,SO46065,P1144,05-Sep-2025,4,Not Required,278320
R12358,SO69377,P1800,30-Apr-2025,1,Late Delivery,52760
R12359,SO56181,P1568,21-Jun-2025,2,Defective,15480
R12360,SO49712,P1060,21-Jul-2025,1,Size Issue,29620
R12361,SO67098,P1490,18-May-2025,2,Size Issue,20100
R12362,SO63752,P1495,07-Apr-2025,1,Damaged,20680
R12363,SO36716,P1580,05-Jun-2025,4,Quality Issue,133800
R12364,SO24153,P1948,04-May-2025,2,Not Required,63800
R12365,SO36253,P1734,31-Dec-2025,3,Quality Issue,172710
R12366,SO10672,P1762,16-Nov-2025,5,Not Required,122100
R12367,SO29558,P1950,03-Dec-2025,15,Late Delivery,575400
R12368,SO34091,P1539,12-Jul-2025,8,Size Issue,197520
R12369,SO38363,P1167,23-Sep-2025,2,Late Delivery,44140
R12370,SO52898,P1533,23-Oct-2025,3,Damaged,120750
R12371,SO25482,P1866,13-May-2025,3,Wrong Item,210090
R12372,SO64160,P1003,28-Feb-2025,5,Defective,221000
R12373,SO28779,P1510,12-Oct-2025,7,Late Delivery,21350
R12374,SO33980,P1792,15-Nov-2025,6,Wrong Item,390300
R12375,SO57663,P1119,26-Nov-2025,6,Wrong Item,226440
R12376,SO22915,P1405,13-Mar-2025,3,Wrong Item,184710
R12377,SO67079,P1486,30-Mar-2025,8,Damaged,516880
R12378,SO42952,P1842,17-Jul-2025,2,Defective,122660
R12379,SO14673,P1826,06-Apr-2025,6,Not Required,242220
R12380,SO56284,P1697,03-Jan-2026,5,Wrong Item,313850
R12381,SO40056,P1256,03-May-2025,15,Not Required,146100
R12382,SO24208,P1029,03-Feb-2025,5,Defective,222250
R12383,SO61301,P1220,08-Feb-2025,3,Quality Issue,218190
R12384,SO39884,P1884,03-Feb-2025,2,Late Delivery,29220
R12385,SO47689,P1298,20-Jul-2025,1,Damaged,71270
R12386,SO15318,P1507,26-May-2025,3,Quality Issue,221700
R12387,SO61330,P1814,19-Dec-2025,2,Wrong Item,86480
R12388,SO15401,P1305,02-Jul-2025,3,Defective,62700
R12389,SO50539,P1518,12-Jun-2025,4,Late Delivery,174560
R12390,SO25854,P1585,07-May-2025,7,Wrong Item,401660
R12391,SO51323,P1142,25-Aug-2025,1,Damaged,1190
R12392,SO67588,P1981,10-Apr-2025,11,Damaged,250360
R12393,SO20374,P1267,21-Apr-2025,3,Late Delivery,162480
R12394,SO35334,P1664,08-Aug-2025,2,Late Delivery,41960
R12395,SO16286,P1224,25-Oct-2025,11,Not Required,216040
R12396,SO29659,P1959,04-Jun-2025,6,Late Delivery,123420
R12397,SO44969,P1232,11-Nov-2025,1,Not Required,53990
R12398,SO46858,P1616,03-Jul-2025,1,Quality Issue,1940
R12399,SO13813,P1174,21-Feb-2025,12,Quality Issue,185880
R12400,SO45065,P1649,19-Sep-2025,4,Wrong Item,169240
R12401,SO25574,P1298,11-Jun-2025,6,Late Delivery,427620
R12402,SO50667,P1759,13-Jan-2025,9,Wrong Item,231030
R12403,SO37323,P1090,30-Oct-2025,17,Wrong Item,946560
R12404,SO37405,P1023,25-Feb-2025,1,Size Issue,22570
R12405,SO32750,P1678,04-Oct-2025,1,Wrong Item,25410
R12406,SO15207,P1077,22-Jun-2025,3,Quality Issue,75930
R12407,SO24052,P1815,09-Sep-2025,2,Wrong Item,51040
R12408,SO64037,P1135,18-Feb-2025,7,Defective,363020
R12409,SO51910,P1340,22-Dec-2025,7,Quality Issue,313530
R12410,SO23849,P1041,19-Dec-2025,6,Wrong Item,203460
R12411,SO40687,P1072,11-Feb-2025,7,Not Required,353640
R12412,SO16008,P1153,09-Nov-2025,4,Quality Issue,196280
R12413,SO52922,P1631,23-Nov-2025,11,Not Required,439120
R12414,SO69580,P1655,26-Jun-2025,4,Size Issue,29640
R12415,SO21225,P1335,06-Mar-2025,1,Late Delivery,5000
R12416,SO57052,P1703,15-Feb-2025,4,Size Issue,149120
R12417,SO14722,P1287,30-Aug-2025,2,Damaged,12300
R12418,SO22307,P1899,15-Jun-2025,7,Not Required,471660
R12419,SO49083,P1734,14-Mar-2025,4,Not Required,230280
R12420,SO25935,P1716,23-Jun-2025,13,Quality Issue,452400
R12421,SO30646,P1146,02-Apr-2025,1,Damaged,67400
R12422,SO50948,P1572,03-Apr-2025,2,Late Delivery,103080
R12423,SO45438,P1632,02-Jun-2025,7,Damaged,36400
R12424,SO54363,P1740,02-Jul-2025,2,Damaged,71340
R12425,SO13383,P1989,25-Aug-2025,2,Wrong Item,54860
R12426,SO63007,P1891,03-Jan-2026,13,Size Issue,140920
R12427,SO18279,P1433,26-Jan-2025,2,Defective,39820
R12428,SO41213,P1912,05-Mar-2025,5,Wrong Item,273650
R12429,SO29237,P1454,08-Jun-2025,12,Defective,665520
R12430,SO33968,P1958,27-Feb-2025,14,Late Delivery,1037680
R12431,SO27619,P1603,18-Dec-2025,1,Not Required,37600
R12432,SO36313,P1144,27-May-2025,13,Wrong Item,904540
R12433,SO44542,P1526,15-Feb-2025,2,Late Delivery,12480
R12434,SO14866,P1171,10-May-2025,9,Size Issue,366750
R12435,SO48586,P1283,15-Jun-2025,1,Defective,51090
R12436,SO63499,P1785,23-Jan-2025,2,Late Delivery,41080
R12437,SO65768,P1064,16-Dec-2025,8,Damaged,37760
R12438,SO11290,P1576,14-Feb-2025,7,Late Delivery,225190
R12439,SO32956,P1240,19-Jan-2025,3,Late Delivery,63120
R12440,SO17816,P1601,07-Jun-2025,2,Defective,20260
R12441,SO28204,P1995,09-May-2025,13,Late Delivery,718640
R12442,SO43533,P1696,14-Apr-2025,1,Size Issue,46220
R12443,SO50519,P1986,07-Dec-2025,3,Late Delivery,190170
R12444,SO36790,P1732,30-May-2025,11,Defective,253220
R12445,SO56261,P1214,27-May-2025,1,Wrong Item,27420
R12446,SO60399,P1979,25-Jun-2025,10,Quality Issue,518400
R12447,SO62973,P1685,07-Aug-2025,4,Late Delivery,128200
R12448,SO19494,P1827,31-May-2025,8,Not Required,302000
R12449,SO58094,P1020,16-Oct-2025,1,Size Issue,62170
R12450,SO67698,P1428,20-Mar-2025,5,Damaged,247800
R12451,SO51036,P1882,09-Jun-2025,6,Size Issue,118680
R12452,SO10003,P1262,11-Aug-2025,7,Not Required,224000
R12453,SO16935,P1924,11-Apr-2025,11,Wrong Item,635140
R12454,SO55553,P2000,09-May-2025,2,Wrong Item,141600
R12455,SO25904,P1804,11-Jul-2025,1,Damaged,62850
R12456,SO27056,P1351,27-Feb-2025,12,Quality Issue,314160
R12457,SO47988,P1933,03-Oct-2025,5,Late Delivery,29900
R12458,SO41079,P1826,14-Feb-2025,9,Not Required,363330
R12459,SO65894,P1458,14-Feb-2025,6,Quality Issue,334740
R12460,SO14363,P1152,20-Jul-2025,8,Size Issue,528080
R12461,SO25682,P1214,25-Jul-2025,3,Size Issue,82260
R12462,SO31354,P1692,28-Dec-2025,1,Defective,55130
R12463,SO67294,P1532,20-Dec-2025,5,Damaged,86200
R12464,SO51365,P1632,01-Mar-2025,3,Late Delivery,15600
R12465,SO24087,P1728,05-Jun-2025,3,Quality Issue,129210
R12466,SO40372,P1990,03-Apr-2025,6,Late Delivery,61260
R12467,SO32962,P1501,31-Jan-2025,12,Size Issue,120360
R12468,SO11745,P1778,02-Oct-2025,4,Wrong Item,148480
R12469,SO11632,P1861,18-Mar-2025,2,Not Required,106760
R12470,SO27449,P1473,14-Mar-2025,3,Quality Issue,105600
R12471,SO42294,P1940,26-Jul-2025,1,Wrong Item,71960
R12472,SO34191,P1390,19-Oct-2025,11,Late Delivery,524700
R12473,SO68002,P1341,28-May-2025,4,Defective,96840
R12474,SO23100,P1530,07-Apr-2025,5,Quality Issue,144650
R12475,SO17096,P1612,13-Mar-2025,1,Late Delivery,4040
R12476,SO11069,P1629,01-Sep-2025,8,Damaged,291440
R12477,SO45031,P1442,13-Jan-2025,12,Defective,238560
R12478,SO65800,P1847,22-Sep-2025,2,Late Delivery,18300
R12479,SO36081,P1482,28-Jan-2025,1,Wrong Item,69120
R12480,SO21049,P1090,26-Jan-2025,16,Not Required,890880
R12481,SO43126,P1194,01-May-2025,6,Defective,39840
R12482,SO19112,P1041,11-Jul-2025,2,Quality Issue,67820
R12483,SO55728,P1355,04-Jun-2025,16,Damaged,943520
R12484,SO19481,P1277,31-Jan-2025,3,Quality Issue,17640
R12485,SO24353,P1507,05-Apr-2025,2,Late Delivery,147800
R12486,SO38988,P1225,09-Aug-2025,15,Damaged,472650
R12487,SO61863,P1171,21-Jul-2025,2,Defective,81500
R12488,SO15949,P1701,04-Feb-2025,5,Late Delivery,323600
R12489,SO44685,P1107,17-Jul-2025,15,Late Delivery,28350
R12490,SO27114,P1929,13-Mar-2025,4,Quality Issue,214240
R12491,SO24199,P1660,18-Nov-2025,2,Wrong Item,32540
R12492,SO43801,P1641,14-Jan-2025,5,Damaged,124450
R12493,SO60561,P1170,03-Mar-2025,1,Defective,60410
R12494,SO58916,P1534,10-Jun-2025,6,Quality Issue,89580
R12495,SO34545,P1340,21-Nov-2025,13,Quality Issue,582270
R12496,SO20704,P1449,23-Aug-2025,1,Size Issue,16000
R12497,SO21275,P1072,17-May-2025,13,Not Required,656760
R12498,SO33047,P1281,01-Jun-2025,18,Size Issue,21420
R12499,SO64104,P1775,05-May-2025,13,Not Required,888680
R12500,SO37237,P1178,28-Sep-2025,2,Quality Issue,86760
R12501,SO31580,P1264,08-Aug-2025,10,Defective,662200
R12502,SO21817,P1278,26-Apr-2025,4,Wrong Item,218840
R12503,SO48491,P1293,21-Dec-2025,1,Damaged,2410
R12504,SO40660,P1014,19-Dec-2025,3,Not Required,153150
R12505,SO21921,P1624,14-Sep-2025,2,Late Delivery,142300
R12506,SO33347,P1832,19-Apr-2025,6,Quality Issue,119940
R12507,SO11764,P1019,11-Feb-2025,10,Wrong Item,597400
R12508,SO58251,P1001,04-Dec-2025,1,Quality Issue,47360
R12509,SO51253,P1937,30-Aug-2025,4,Late Delivery,162320
R12510,SO65674,P1530,30-Jun-2025,1,Size Issue,28930
R12511,SO40917,P1557,11-Sep-2025,3,Late Delivery,31830
R12512,SO50111,P1279,29-May-2025,5,Not Required,16300
R12513,SO31360,P1499,07-Jul-2025,11,Quality Issue,249810
R12514,SO28843,P1733,24-Jun-2025,18,Quality Issue,867960
R12515,SO10229,P1715,07-Jan-2026,2,Quality Issue,148140
R12516,SO45135,P1753,05-Mar-2025,1,Wrong Item,44290
R12517,SO44380,P1126,31-Oct-2025,13,Not Required,252070
R12518,SO53016,P1464,01-Sep-2025,2,Defective,16680
R12519,SO56719,P1433,12-May-2025,1,Wrong Item,19910
R12520,SO47340,P1279,31-Jan-2025,2,Size Issue,6520
R12521,SO27263,P1942,28-May-2025,1,Quality Issue,32830
R12522,SO49749,P1727,25-Oct-2025,3,Wrong Item,206940
R12523,SO66516,P1559,24-May-2025,9,Defective,653580
R12524,SO19007,P1511,19-Jun-2025,2,Damaged,40780
R12525,SO49916,P1475,28-Nov-2025,7,Quality Issue,119350
R12526,SO30618,P1898,27-Nov-2025,9,Quality Issue,244350
R12527,SO57957,P1079,23-Sep-2025,7,Not Required,333060
R12528,SO68810,P1701,30-Jan-2025,9,Quality Issue,582480
R12529,SO23138,P1448,19-Dec-2025,3,Defective,147450
R12530,SO13154,P1986,25-Dec-2025,6,Late Delivery,380340
R12531,SO36895,P1271,02-Jun-2025,6,Damaged,261060
R12532,SO46937,P1800,01-Nov-2025,4,Quality Issue,211040
R12533,SO63335,P1470,28-Nov-2025,3,Quality Issue,35430
R12534,SO24597,P1793,26-Apr-2025,1,Not Required,59890
R12535,SO34234,P1750,20-Feb-2025,12,Defective,508080
R12536,SO67086,P1206,26-Jul-2025,1,Wrong Item,68840
R12537,SO22239,P1189,31-Mar-2025,11,Not Required,114400
R12538,SO53142,P1370,01-Mar-2025,7,Wrong Item,31710
R12539,SO51698,P1873,16-Jul-2025,2,Damaged,154900
R12540,SO19580,P1315,10-Mar-2025,13,Not Required,850590
R12541,SO52527,P1955,09-Mar-2025,14,Not Required,472080
R12542,SO45290,P1844,24-Jul-2025,1,Quality Issue,25100
R12543,SO64330,P1810,28-Nov-2025,5,Damaged,352500
R12544,SO32538,P1105,31-Mar-2025,8,Wrong Item,566640
R12545,SO35632,P1738,16-Aug-2025,6,Not Required,68940
R12546,SO52650,P1732,16-Jul-2025,1,Quality Issue,23020
R12547,SO42327,P1782,21-Sep-2025,7,Quality Issue,73360
R12548,SO33544,P1789,11-Apr-2025,10,Quality Issue,215300
R12549,SO42910,P1499,26-Jun-2025,9,Quality Issue,204390
R12550,SO25071,P1484,23-Nov-2025,12,Defective,494880
R12551,SO38588,P1315,23-Apr-2025,3,Late Delivery,196290
R12552,SO42430,P1936,20-Dec-2025,13,Damaged,310830
R12553,SO65708,P1452,07-Nov-2025,6,Defective,418200
R12554,SO58897,P1204,22-Jul-2025,2,Quality Issue,31900
R12555,SO43612,P1184,21-Jan-2025,9,Defective,641160
R12556,SO35060,P1243,14-Jan-2025,3,Damaged,232620
R12557,SO52847,P1380,20-Aug-2025,6,Not Required,132660
R12558,SO28673,P1756,02-Jul-2025,9,Size Issue,578970
R12559,SO31317,P1855,14-Jun-2025,3,Damaged,222660
R12560,SO14848,P1104,21-Sep-2025,4,Quality Issue,28680
R12561,SO43057,P1456,21-Mar-2025,7,Quality Issue,109060
R12562,SO25031,P1897,18-Sep-2025,5,Wrong Item,95250
R12563,SO48243,P1520,09-Jan-2026,11,Damaged,39490
R12564,SO46239,P1939,09-May-2025,1,Defective,59020
R12565,SO58917,P1763,03-Feb-2025,2,Quality Issue,20660
R12566,SO13626,P1079,21-Mar-2025,1,Defective,47580
R12567,SO25353,P1732,24-Feb-2025,12,Late Delivery,276240
R12568,SO36340,P1304,13-Dec-2025,19,Wrong Item,821560
R12569,SO52924,P1008,14-Jul-2025,1,Defective,62340
R12570,SO48252,P1252,14-Sep-2025,5,Not Required,75750
R12571,SO29566,P1088,27-Jun-2025,7,Quality Issue,243600
R12572,SO37858,P1165,20-Aug-2025,9,Wrong Item,165240
R12573,SO16710,P1064,22-Jun-2025,1,Quality Issue,4720
R12574,SO22519,P1350,05-Jul-2025,2,Wrong Item,100520
R12575,SO23362,P1186,08-Oct-2025,15,Damaged,901800
R12576,SO69498,P1090,16-Nov-2025,4,Not Required,222720
R12577,SO16763,P1879,09-Feb-2025,6,Wrong Item,303960
R12578,SO65735,P1575,22-Dec-2025,7,Defective,66850
R12579,SO14641,P1030,30-Nov-2025,2,Late Delivery,43400
R12580,SO34370,P1884,17-May-2025,1,Damaged,14610
R12581,SO54944,P1229,07-Aug-2025,5,Wrong Item,2250
R12582,SO44454,P1860,01-Dec-2025,2,Defective,135340
R12583,SO36642,P1898,20-Dec-2025,13,Not Required,352950
R12584,SO34010,P1409,04-Oct-2025,10,Wrong Item,414200
R12585,SO20728,P1173,25-May-2025,8,Not Required,553040
R12586,SO15895,P1026,20-May-2025,1,Quality Issue,58530
R12587,SO30665,P1977,07-May-2025,5,Late Delivery,311150
R12588,SO46189,P1839,09-Oct-2025,6,Quality Issue,30720
R12589,SO64189,P1059,24-Mar-2025,2,Defective,102800
R12590,SO48410,P1144,25-Sep-2025,10,Late Delivery,695800
R12591,SO17651,P1236,04-Dec-2025,6,Defective,349800
R12592,SO41828,P1487,01-Sep-2025,7,Wrong Item,401870
R12593,SO47418,P1411,07-Jan-2026,3,Late Delivery,199020
R12594,SO66512,P1818,25-May-2025,4,Quality Issue,168480
R12595,SO50218,P1109,01-Oct-2025,1,Quality Issue,44110
R12596,SO13391,P1423,03-Aug-2025,13,Late Delivery,171080
R12597,SO54567,P1482,16-May-2025,10,Wrong Item,691200
R12598,SO21128,P1281,15-May-2025,4,Defective,4760
R12599,SO45650,P1078,11-Oct-2025,14,Late Delivery,190680
R12600,SO14070,P1673,26-Sep-2025,4,Wrong Item,116280
R12601,SO51047,P1873,14-Aug-2025,3,Late Delivery,232350
R12602,SO22032,P1874,24-Jan-2025,6,Wrong Item,142260
R12603,SO31404,P1920,21-Dec-2025,8,Quality Issue,495440
R12604,SO42526,P1602,25-Sep-2025,9,Quality Issue,685890
R12605,SO23616,P1043,10-Apr-2025,3,Damaged,89460
R12606,SO28745,P1118,15-Aug-2025,1,Late Delivery,15540
R12607,SO66490,P1413,01-Jan-2026,1,Size Issue,7310
R12608,SO63168,P1349,27-Mar-2025,1,Late Delivery,35050
R12609,SO24839,P1523,05-Jun-2025,9,Not Required,107010
R12610,SO19916,P1783,15-Oct-2025,1,Quality Issue,31840
R12611,SO37752,P1458,09-Jun-2025,3,Quality Issue,167370
R12612,SO58297,P1246,11-Feb-2025,6,Defective,163080
R12613,SO51097,P1242,03-Jan-2026,4,Defective,47160
R12614,SO10147,P1283,28-Feb-2025,18,Not Required,919620
R12615,SO11763,P1566,04-Nov-2025,18,Quality Issue,413640
R12616,SO20762,P1925,31-May-2025,4,Quality Issue,111280
R12617,SO40245,P1483,08-Oct-2025,1,Wrong Item,75190
R12618,SO59171,P1941,13-Jul-2025,6,Size Issue,341400
R12619,SO48972,P1983,03-Nov-2025,12,Size Issue,991440
R12620,SO57225,P1794,07-Mar-2025,10,Damaged,60200
R12621,SO49919,P1919,22-Oct-2025,6,Wrong Item,33000
R12622,SO30009,P1153,10-Sep-2025,4,Wrong Item,196280
R12623,SO59036,P1002,19-Apr-2025,3,Quality Issue,197220
R12624,SO42295,P1382,04-May-2025,8,Not Required,133840
R12625,SO23781,P1112,05-Aug-2025,1,Quality Issue,37140
R12626,SO49092,P1217,21-Aug-2025,4,Wrong Item,144400
R12627,SO69760,P1493,31-Oct-2025,14,Defective,292880
R12628,SO32970,P1470,03-Aug-2025,15,Not Required,177150
R12629,SO61102,P1241,12-Jan-2026,1,Defective,47410
R12630,SO32417,P1300,06-Jul-2025,14,Size Issue,190960
R12631,SO21501,P1447,22-Nov-2025,3,Defective,63150
R12632,SO18949,P1602,18-Jan-2025,8,Wrong Item,609680
R12633,SO43443,P1175,23-Jul-2025,6,Not Required,232200
R12634,SO59507,P1127,10-Jul-2025,2,Late Delivery,28080
R12635,SO66059,P1467,12-Oct-2025,10,Size Issue,286100
R12636,SO67476,P1015,13-Nov-2025,2,Wrong Item,91440
R12637,SO61023,P1340,06-Nov-2025,1,Not Required,44790
R12638,SO56625,P1562,06-Oct-2025,8,Damaged,434400
R12639,SO14488,P1560,14-Feb-2025,7,Quality Issue,61880
R12640,SO42438,P1167,08-Dec-2025,14,Quality Issue,308980
R12641,SO55335,P1288,27-Oct-2025,3,Not Required,13770
R12642,SO66611,P1582,08-Jan-2026,13,Damaged,339560
R12643,SO29584,P1692,11-Sep-2025,5,Defective,275650
R12644,SO63421,P1516,05-Nov-2025,5,Size Issue,122000
R12645,SO40182,P1433,20-Oct-2025,1,Defective,19910
R12646,SO66045,P1386,14-Feb-2025,15,Late Delivery,579000
R12647,SO65042,P1821,29-Jul-2025,4,Defective,264640
R12648,SO53190,P1139,24-Nov-2025,6,Size Issue,33300
R12649,SO63481,P1298,14-Sep-2025,4,Defective,285080
R12650,SO49849,P1164,19-Jun-2025,3,Wrong Item,27930
R12651,SO33398,P1749,19-Oct-2025,2,Size Issue,52840
R12652,SO64078,P1692,21-Apr-2025,5,Not Required,275650
R12653,SO63000,P1575,25-Apr-2025,4,Wrong Item,38200
R12654,SO41194,P1798,17-Mar-2025,4,Not Required,220400
R12655,SO37504,P1051,06-Feb-2025,4,Not Required,140480
R12656,SO34403,P1972,28-Sep-2025,11,Defective,610610
R12657,SO65095,P1979,29-Sep-2025,4,Size Issue,207360
R12658,SO45238,P1597,09-Jun-2025,1,Late Delivery,68640
R12659,SO22039,P1182,01-Feb-2025,5,Wrong Item,315300
R12660,SO60934,P1848,09-Feb-2025,7,Late Delivery,239260
R12661,SO12415,P1124,18-Feb-2025,4,Wrong Item,148680
R12662,SO46237,P1561,10-Nov-2025,4,Not Required,219680
R12663,SO48333,P1668,26-Jan-2025,6,Damaged,111360
R12664,SO29974,P1150,27-Jan-2025,16,Late Delivery,1174720
R12665,SO54247,P1135,07-Apr-2025,2,Size Issue,103720
R12666,SO35245,P1881,19-Jul-2025,9,Not Required,223020
R12667,SO57842,P1879,07-Mar-2025,1,Size Issue,50660
R12668,SO28420,P1849,01-Jun-2025,10,Quality Issue,271400
R12669,SO67268,P1531,07-Mar-2025,3,Quality Issue,15150
R12670,SO29775,P1529,14-Oct-2025,10,Damaged,652400
R12671,SO43504,P1044,04-Jul-2025,17,Size Issue,922250
R12672,SO50022,P1130,04-Feb-2025,1,Defective,27110
R12673,SO20791,P1157,21-Nov-2025,1,Defective,6340
R12674,SO27023,P1849,01-Feb-2025,4,Damaged,108560
R12675,SO43540,P1051,13-Nov-2025,1,Quality Issue,35120
R12676,SO35062,P1962,21-May-2025,16,Defective,541440
R12677,SO36652,P1212,30-Jul-2025,5,Damaged,279500
R12678,SO65253,P1651,20-Mar-2025,10,Not Required,147700
R12679,SO21753,P1467,26-Nov-2025,7,Defective,200270
R12680,SO32488,P1020,17-Oct-2025,13,Damaged,808210
R12681,SO26870,P1379,16-Jul-2025,4,Quality Issue,159760
R12682,SO46320,P1220,09-May-2025,6,Defective,436380
R12683,SO61958,P1765,23-Jul-2025,5,Damaged,196450
R12684,SO36023,P1283,09-May-2025,8,Size Issue,408720
R12685,SO64626,P1560,06-Feb-2025,2,Defective,17680
R12686,SO54887,P1180,16-Sep-2025,4,Damaged,257200
R12687,SO58741,P1701,19-Nov-2025,10,Wrong Item,647200
R12688,SO63637,P1201,28-Oct-2025,1,Defective,79670
R12689,SO27821,P1683,19-Dec-2025,6,Defective,363240
R12690,SO45362,P1685,29-Nov-2025,3,Not Required,96150
R12691,SO16761,P1923,11-Dec-2025,5,Quality Issue,188800
R12692,SO49962,P1297,15-Jul-2025,10,Damaged,119900
R12693,SO19116,P1222,22-May-2025,8,Wrong Item,189360
R12694,SO32756,P1731,02-Oct-2025,4,Size Issue,238800
R12695,SO60087,P1866,29-Oct-2025,2,Not Required,140060
R12696,SO37390,P1279,20-Aug-2025,2,Not Required,6520
R12697,SO11652,P1881,02-Nov-2025,2,Late Delivery,49560
R12698,SO42698,P1367,24-Oct-2025,1,Late Delivery,65390
R12699,SO39601,P1725,08-Dec-2025,8,Damaged,160800
R12700,SO28490,P1210,07-Jun-2025,6,Quality Issue,316320
R12701,SO61726,P1526,07-Jan-2026,7,Late Delivery,43680
R12702,SO47669,P1413,01-Apr-2025,3,Not Required,21930
R12703,SO42533,P1808,22-May-2025,3,Defective,204660
R12704,SO38546,P1551,20-Feb-2025,15,Quality Issue,717300
R12705,SO29630,P1001,06-Jul-2025,11,Wrong Item,520960
R12706,SO13548,P1750,02-Jan-2026,3,Size Issue,127020
R12707,SO54459,P1059,02-Sep-2025,10,Not Required,514000
R12708,SO35311,P1437,26-Aug-2025,7,Damaged,430430
R12709,SO19671,P1787,01-Mar-2025,8,Late Delivery,443760
R12710,SO67072,P1846,14-Nov-2025,14,Size Issue,794640
R12711,SO39188,P1518,11-Dec-2025,2,Quality Issue,87280
R12712,SO29786,P1701,31-Jul-2025,10,Wrong Item,647200
R12713,SO24011,P1279,17-Feb-2025,5,Size Issue,16300
R12714,SO45592,P1147,12-May-2025,2,Wrong Item,81260
R12715,SO59748,P1300,24-Jun-2025,4,Quality Issue,54560
R12716,SO14421,P1690,13-Jul-2025,1,Quality Issue,39200
R12717,SO13011,P1021,03-Dec-2025,11,Defective,223080
R12718,SO39638,P1867,21-Aug-2025,6,Defective,208740
R12719,SO59580,P1281,12-Nov-2025,8,Quality Issue,9520
R12720,SO27632,P1958,28-Aug-2025,4,Defective,296480
R12721,SO69661,P1916,14-Jun-2025,1,Quality Issue,74860
R12722,SO44228,P1515,25-Jan-2025,9,Defective,577170
R12723,SO55995,P1278,12-Oct-2025,1,Not Required,54710
R12724,SO59864,P1633,12-Mar-2025,6,Not Required,88860
R12725,SO29220,P1986,04-Nov-2025,1,Not Required,63390
R12726,SO45568,P1358,21-Jan-2025,2,Damaged,800
R12727,SO32740,P1185,24-Apr-2025,9,Quality Issue,116280
R12728,SO11302,P1515,14-Jun-2025,2,Wrong Item,128260
R12729,SO12569,P1590,11-Mar-2025,1,Wrong Item,35190
R12730,SO23600,P1426,22-May-2025,7,Wrong Item,437780
R12731,SO42760,P1924,12-Jul-2025,1,Size Issue,57740
R12732,SO39827,P1706,18-Sep-2025,2,Quality Issue,6520
R12733,SO45270,P1153,22-Sep-2025,13,Wrong Item,637910
R12734,SO51393,P1200,16-Apr-2025,5,Not Required,65450
R12735,SO46332,P1840,25-Sep-2025,7,Size Issue,497700
R12736,SO41019,P1298,31-Mar-2025,18,Damaged,1282860
R12737,SO33534,P1453,06-Sep-2025,1,Wrong Item,84390
R12738,SO46625,P1289,25-Aug-2025,9,Defective,184230
R12739,SO36063,P1228,25-Mar-2025,4,Not Required,193040
R12740,SO52590,P1533,22-Sep-2025,11,Wrong Item,442750
R12741,SO47270,P1175,22-Mar-2025,5,Defective,193500
R12742,SO30951,P1716,04-May-2025,3,Not Required,104400
R12743,SO29152,P1815,23-Nov-2025,3,Wrong Item,76560
R12744,SO53059,P1592,19-Jul-2025,6,Quality Issue,479880
R12745,SO63274,P1504,24-Oct-2025,11,Damaged,446380
R12746,SO38196,P1332,27-Jul-2025,11,Quality Issue,609290
R12747,SO12815,P1170,07-Aug-2025,2,Quality Issue,120820
R12748,SO69111,P1370,07-Oct-2025,1,Wrong Item,4530
R12749,SO15701,P1614,08-Jan-2025,1,Defective,4890
R12750,SO47369,P1372,17-Mar-2025,6,Damaged,35460
R12751,SO41289,P1013,05-Oct-2025,15,Defective,855600
R12752,SO29890,P1341,23-Apr-2025,1,Late Delivery,24210
R12753,SO53262,P1461,10-Jun-2025,5,Damaged,63000
R12754,SO44830,P1898,18-Mar-2025,2,Size Issue,54300
R12755,SO50006,P1447,16-Oct-2025,12,Not Required,252600
R12756,SO10929,P1863,04-Dec-2025,12,Not Required,174840
R12757,SO56472,P1599,28-Apr-2025,17,Late Delivery,183940
R12758,SO28095,P1577,16-Mar-2025,13,Not Required,40690
R12759,SO67429,P1576,30-Dec-2025,5,Size Issue,160850
R12760,SO37847,P1281,10-Nov-2025,2,Defective,2380
R12761,SO62525,P1265,25-Aug-2025,4,Not Required,151360
R12762,SO19918,P1996,12-Dec-2025,1,Size Issue,57220
R12763,SO46337,P1009,25-Nov-2025,8,Size Issue,45920
R12764,SO39064,P1403,31-Mar-2025,1,Late Delivery,25340
R12765,SO45094,P1793,01-Mar-2025,3,Wrong Item,179670
R12766,SO65805,P1064,13-Dec-2025,1,Late Delivery,4720
R12767,SO25530,P1193,30-Sep-2025,2,Damaged,37540
R12768,SO61878,P1684,07-Aug-2025,1,Not Required,63880
R12769,SO27281,P1167,31-Mar-2025,1,Late Delivery,22070
R12770,SO45230,P1368,21-Mar-2025,1,Wrong Item,12850
R12771,SO69787,P1923,15-Aug-2025,1,Size Issue,37760
R12772,SO64868,P1789,16-Feb-2025,8,Defective,172240
R12773,SO29833,P1279,04-May-2025,3,Damaged,9780
R12774,SO64544,P1821,04-Nov-2025,2,Size Issue,132320
R12775,SO59683,P1814,05-Aug-2025,4,Quality Issue,172960
R12776,SO51574,P1728,19-Jun-2025,12,Late Delivery,516840
R12777,SO53665,P1659,16-Dec-2025,3,Wrong Item,134070
R12778,SO11858,P1352,04-Oct-2025,11,Quality Issue,33330
R12779,SO41771,P1168,19-Mar-2025,8,Size Issue,445600
R12780,SO67323,P1068,18-Jul-2025,9,Defective,161370
R12781,SO62787,P1475,31-Mar-2025,2,Size Issue,34100
R12782,SO46274,P1479,14-Feb-2025,12,Not Required,670560
R12783,SO24090,P1685,16-May-2025,5,Late Delivery,160250
R12784,SO37235,P1071,01-Nov-2025,3,Late Delivery,32160
R12785,SO31669,P1234,02-Apr-2025,1,Damaged,12720
R12786,SO30586,P1107,13-Dec-2025,1,Quality Issue,1890
R12787,SO49286,P1980,24-Aug-2025,14,Size Issue,603820
R12788,SO68219,P1348,09-Sep-2025,8,Damaged,643520
R12789,SO26943,P1392,06-Oct-2025,2,Size Issue,62900
R12790,SO14782,P1819,09-Mar-2025,2,Wrong Item,122080
R12791,SO18093,P1161,10-Jan-2025,8,Wrong Item,139440
R12792,SO19117,P1454,11-Apr-2025,2,Defective,110920
R12793,SO56990,P1307,28-Apr-2025,8,Defective,523120
R12794,SO41381,P1529,24-Jan-2025,12,Wrong Item,782880
R12795,SO47426,P1614,10-Sep-2025,5,Damaged,24450
R12796,SO10350,P1131,11-Mar-2025,4,Wrong Item,20360
R12797,SO37360,P1205,14-Jan-2026,5,Quality Issue,19250
R12798,SO27386,P1584,24-Mar-2025,11,Late Delivery,591140
R12799,SO17509,P2000,24-Jun-2025,6,Damaged,424800
R12800,SO38115,P1706,31-Jan-2025,2,Damaged,6520
R12801,SO18000,P1576,29-Jun-2025,8,Late Delivery,257360
R12802,SO23090,P1162,02-Feb-2025,1,Late Delivery,19000
R12803,SO39620,P1146,10-Feb-2025,10,Size Issue,674000
R12804,SO42275,P1989,03-Aug-2025,2,Defective,54860
R12805,SO63415,P1989,04-Apr-2025,9,Defective,246870
R12806,SO24423,P1131,12-Oct-2025,13,Damaged,66170
R12807,SO69861,P1584,04-Oct-2025,5,Wrong Item,268700
R12808,SO16048,P1305,14-Feb-2025,11,Wrong Item,229900
R12809,SO58482,P1298,22-Nov-2025,4,Quality Issue,285080
R12810,SO63966,P1421,12-Aug-2025,2,Defective,91480
R12811,SO34316,P1015,29-Nov-2025,1,Defective,45720
R12812,SO30032,P1999,01-Jan-2026,10,Damaged,351700
R12813,SO14299,P1561,26-Apr-2025,15,Size Issue,823800
R12814,SO55720,P1586,28-Aug-2025,1,Not Required,49600
R12815,SO62413,P1228,11-Jul-2025,9,Wrong Item,434340
R12816,SO48389,P1945,29-May-2025,1,Quality Issue,56330
R12817,SO64875,P1261,12-Dec-2025,11,Wrong Item,119570
R12818,SO14001,P1954,03-Nov-2025,2,Damaged,133760
R12819,SO50711,P1999,14-Dec-2025,11,Quality Issue,386870
R12820,SO34923,P1784,19-Aug-2025,4,Defective,199440
R12821,SO24876,P1645,10-Sep-2025,3,Size Issue,185550
R12822,SO26696,P1059,05-Mar-2025,5,Damaged,257000
R12823,SO17369,P1110,06-Aug-2025,3,Damaged,134790
R12824,SO12034,P1218,20-Aug-2025,1,Quality Issue,15630
R12825,SO14123,P1060,26-Apr-2025,8,Damaged,236960
R12826,SO42118,P1186,19-May-2025,2,Not Required,120240
R12827,SO23824,P1161,31-Mar-2025,10,Late Delivery,174300
R12828,SO33061,P1621,20-Aug-2025,6,Wrong Item,60420
R12829,SO10246,P1426,06-Jun-2025,8,Not Required,500320
R12830,SO45546,P1845,05-Jan-2026,7,Defective,157640
R12831,SO33702,P1433,28-Sep-2025,2,Wrong Item,39820
R12832,SO26987,P1525,03-Apr-2025,14,Defective,348320
R12833,SO24660,P1631,11-Feb-2025,1,Size Issue,39920
R12834,SO53534,P1842,12-Jan-2025,9,Defective,551970
R12835,SO22562,P1876,05-Jul-2025,1,Wrong Item,23270
R12836,SO21158,P1622,29-Nov-2025,2,Wrong Item,155640
R12837,SO30356,P1428,24-Oct-2025,11,Defective,545160
R12838,SO48374,P1405,04-May-2025,14,Quality Issue,861980
R12839,SO67050,P1307,21-Dec-2025,2,Not Required,130780
R12840,SO51730,P1400,20-Mar-2025,3,Late Delivery,202560
R12841,SO19932,P1975,08-Feb-2025,11,Quality Issue,262460
R12842,SO24959,P1274,18-Sep-2025,7,Size Issue,494130
R12843,SO33591,P1713,25-Oct-2025,1,Quality Issue,43580
R12844,SO29948,P1272,06-Mar-2025,1,Size Issue,65700
R12845,SO54584,P1907,04-Dec-2025,4,Not Required,10560
R12846,SO24008,P1668,01-Aug-2025,3,Wrong Item,55680
R12847,SO27272,P1403,18-Feb-2025,1,Late Delivery,25340
R12848,SO27608,P1274,08-Apr-2025,10,Wrong Item,705900
R12849,SO28060,P1802,28-Jan-2025,7,Wrong Item,39900
R12850,SO23836,P1312,23-Jul-2025,3,Late Delivery,71250
R12851,SO55220,P1730,09-Nov-2025,10,Quality Issue,232000
R12852,SO57907,P1597,06-Feb-2025,9,Defective,617760
R12853,SO55566,P1445,30-Oct-2025,6,Quality Issue,14940
R12854,SO66888,P1973,30-Apr-2025,3,Damaged,53070
R12855,SO17839,P1114,28-Feb-2025,9,Size Issue,472680
R12856,SO35630,P1163,18-Feb-2025,12,Quality Issue,230040
R12857,SO33165,P1622,23-Jun-2025,1,Defective,77820
R12858,SO19154,P1985,12-Feb-2025,1,Defective,80920
R12859,SO48489,P1799,02-Jun-2025,3,Damaged,112860
R12860,SO56665,P1186,09-Nov-2025,8,Damaged,480960
R12861,SO55932,P1871,23-Jun-2025,2,Not Required,22500
R12862,SO19535,P1480,27-Aug-2025,3,Size Issue,78150
R12863,SO33007,P1261,02-Jan-2026,8,Quality Issue,86960
R12864,SO63676,P1453,03-Jan-2026,3,Quality Issue,253170
R12865,SO25522,P1379,24-May-2025,10,Not Required,399400
R12866,SO63484,P1232,26-May-2025,4,Wrong Item,215960
R12867,SO16592,P1699,02-Nov-2025,1,Wrong Item,23810
R12868,SO15007,P1618,02-Aug-2025,4,Defective,202960
R12869,SO47488,P1335,22-Dec-2025,10,Quality Issue,50000
R12870,SO29703,P1259,12-Feb-2025,4,Wrong Item,251360
R12871,SO42364,P1665,27-Mar-2025,3,Not Required,167460
R12872,SO30519,P1228,08-Aug-2025,3,Size Issue,144780
R12873,SO10037,P1624,09-Jul-2025,7,Not Required,498050
R12874,SO18363,P1215,05-Jun-2025,1,Not Required,59940
R12875,SO27904,P1882,28-Aug-2025,1,Size Issue,19780
R12876,SO29012,P1179,22-Mar-2025,1,Defective,59180
R12877,SO55248,P1761,26-Apr-2025,1,Size Issue,2930
R12878,SO40082,P1790,20-Jul-2025,7,Size Issue,414190
R12879,SO53708,P1342,28-Jul-2025,9,Defective,715410
R12880,SO28703,P1655,07-Jun-2025,3,Quality Issue,22230
R12881,SO53343,P1645,24-Jun-2025,12,Defective,742200
R12882,SO34354,P1475,26-Jan-2025,7,Wrong Item,119350
R12883,SO31767,P1040,22-Jun-2025,7,Not Required,122640
R12884,SO55755,P1163,18-Jan-2025,6,Late Delivery,115020
R12885,SO48937,P1189,24-Nov-2025,1,Size Issue,10400
R12886,SO23894,P1314,27-Dec-2025,3,Size Issue,14940
R12887,SO49098,P1875,24-Aug-2025,1,Quality Issue,35340
R12888,SO38037,P1271,11-Sep-2025,4,Damaged,174040
R12889,SO49413,P1877,09-Mar-2025,11,Defective,397870
R12890,SO11037,P1376,25-Jan-2025,2,Not Required,132080
R12891,SO54842,P1377,10-Aug-2025,2,Not Required,20000
R12892,SO42183,P1099,06-Dec-2025,1,Not Required,67980
R12893,SO46008,P1797,27-Feb-2025,2,Not Required,11900
R12894,SO31188,P1135,27-Jan-2025,7,Size Issue,363020
R12895,SO27514,P1462,03-Oct-2025,2,Quality Issue,62740
R12896,SO29387,P1603,28-Dec-2025,2,Size Issue,75200
R12897,SO68968,P1053,25-May-2025,3,Damaged,87960
R12898,SO53318,P1010,03-Jan-2026,6,Not Required,37860
R12899,SO52234,P1908,15-Oct-2025,4,Late Delivery,10880
R12900,SO30733,P1133,26-Jul-2025,1,Quality Issue,72920
R12901,SO46740,P1699,02-May-2025,1,Late Delivery,23810
R12902,SO47924,P1257,11-Jul-2025,2,Size Issue,92080
R12903,SO17742,P1932,15-May-2025,3,Wrong Item,202830
R12904,SO21465,P1865,21-Jul-2025,2,Damaged,148560
R12905,SO57526,P1124,13-Apr-2025,4,Late Delivery,148680
R12906,SO60168,P1395,10-May-2025,7,Defective,347200
R12907,SO65602,P1294,16-May-2025,5,Quality Issue,263850
R12908,SO51073,P1541,11-May-2025,4,Not Required,288880
R12909,SO31743,P1371,27-May-2025,15,Defective,1124700
R12910,SO23399,P1153,24-Feb-2025,6,Defective,294420
R12911,SO25276,P1031,01-May-2025,16,Size Issue,979840
R12912,SO28117,P1726,14-Aug-2025,6,Defective,297600
R12913,SO27553,P1962,01-Aug-2025,6,Size Issue,203040
R12914,SO16996,P1503,15-Oct-2025,3,Not Required,129600
R12915,SO38855,P1691,10-Aug-2025,5,Wrong Item,159100
R12916,SO50865,P1191,29-Oct-2025,2,Defective,125740
R12917,SO56893,P1598,30-Oct-2025,2,Quality Issue,76920
R12918,SO14087,P1310,11-Dec-2025,7,Wrong Item,108990
R12919,SO25451,P1747,22-May-2025,7,Size Issue,7630
R12920,SO66005,P1653,20-Sep-2025,7,Damaged,501410
R12921,SO36625,P1070,20-Sep-2025,3,Late Delivery,220290
R12922,SO33089,P1435,08-Mar-2025,10,Size Issue,476400
R12923,SO55092,P1214,27-Aug-2025,5,Wrong Item,137100
R12924,SO40479,P1284,01-Jun-2025,6,Quality Issue,76140
R12925,SO68315,P1047,17-Nov-2025,4,Size Issue,35240
R12926,SO55253,P1764,02-Jul-2025,5,Wrong Item,362600
R12927,SO15971,P1732,03-Jul-2025,10,Quality Issue,230200
R12928,SO50813,P1954,15-Sep-2025,16,Quality Issue,1070080
R12929,SO51970,P1263,17-Oct-2025,3,Defective,49680
R12930,SO23990,P1839,21-Apr-2025,4,Damaged,20480
R12931,SO48880,P1287,26-Nov-2025,1,Late Delivery,6150
R12932,SO16147,P1117,06-Jul-2025,5,Damaged,318900
R12933,SO60170,P1794,14-Feb-2025,8,Defective,48160
R12934,SO52247,P1060,18-Aug-2025,11,Defective,325820
R12935,SO60939,P1119,16-Sep-2025,3,Quality Issue,113220
R12936,SO39862,P1597,15-Sep-2025,11,Wrong Item,755040
R12937,SO63523,P1164,28-Nov-2025,4,Late Delivery,37240
R12938,SO38836,P1945,09-Jan-2026,3,Size Issue,168990
R12939,SO69593,P1490,14-Dec-2025,1,Quality Issue,10050
R12940,SO69881,P1384,04-Sep-2025,2,Late Delivery,4280
R12941,SO30998,P1719,20-Feb-2025,16,Late Delivery,242240
R12942,SO48921,P1087,21-Dec-2025,4,Not Required,135480
R12943,SO44965,P1261,27-Jul-2025,11,Damaged,119570
R12944,SO20692,P1123,29-Apr-2025,1,Late Delivery,61890
R12945,SO38525,P1813,27-Sep-2025,1,Not Required,30400
R12946,SO54366,P1812,12-Mar-2025,12,Quality Issue,813000
R12947,SO37976,P1413,15-Jun-2025,1,Size Issue,7310
R12948,SO45022,P1520,02-Aug-2025,16,Damaged,57440
R12949,SO25226,P1803,02-Feb-2025,4,Defective,183600
R12950,SO49124,P1565,20-Jun-2025,6,Defective,15000
R12951,SO46385,P1227,13-Jun-2025,8,Late Delivery,411360
R12952,SO26748,P1111,11-Jun-2025,1,Late Delivery,69900
R12953,SO21309,P1107,26-Sep-2025,4,Damaged,7560
R12954,SO38486,P1032,08-Jun-2025,2,Not Required,98280
R12955,SO51503,P1633,21-Feb-2025,8,Late Delivery,118480
R12956,SO37019,P1145,18-Aug-2025,12,Defective,58680
R12957,SO61546,P1217,15-Aug-2025,7,Defective,252700
R12958,SO39877,P1564,26-Nov-2025,1,Defective,2740
R12959,SO40607,P1587,23-Sep-2025,10,Damaged,429700
R12960,SO31829,P1674,10-Jul-2025,1,Quality Issue,39020
R12961,SO63590,P1671,27-Nov-2025,9,Size Issue,146070
R12962,SO41621,P1100,10-Apr-2025,1,Late Delivery,19170
R12963,SO44778,P1683,19-Jun-2025,1,Late Delivery,60540
R12964,SO54429,P1921,15-Jul-2025,1,Not Required,19230
R12965,SO29761,P1380,26-Nov-2025,3,Late Delivery,66330
R12966,SO64164,P1296,30-Apr-2025,1,Size Issue,57490
R12967,SO52761,P1199,02-Jun-2025,10,Size Issue,110700
R12968,SO48370,P1762,02-Oct-2025,1,Late Delivery,24420
R12969,SO43088,P1305,30-Jan-2025,4,Wrong Item,83600
R12970,SO44317,P1755,16-Jan-2025,1,Wrong Item,55490
R12971,SO47489,P1353,29-Sep-2025,2,Late Delivery,19440
R12972,SO38909,P1690,30-Jan-2025,1,Wrong Item,39200
R12973,SO35364,P1106,01-Nov-2025,1,Damaged,44810
R12974,SO40253,P1061,01-Feb-2025,11,Wrong Item,422510
R12975,SO35837,P1075,17-May-2025,1,Quality Issue,68180
R12976,SO21046,P1163,14-Aug-2025,2,Quality Issue,38340
R12977,SO61076,P1171,15-Sep-2025,13,Not Required,529750
R12978,SO25764,P1415,13-May-2025,3,Quality Issue,53460
R12979,SO31975,P1260,07-Feb-2025,3,Quality Issue,203820
R12980,SO42243,P1373,25-Sep-2025,17,Wrong Item,1133900
R12981,SO19290,P1518,01-Jul-2025,6,Damaged,261840
R12982,SO36836,P1438,01-Dec-2025,4,Damaged,90760
R12983,SO21910,P1508,24-Aug-2025,2,Defective,70220
R12984,SO17212,P1264,06-Mar-2025,4,Size Issue,264880
R12985,SO19259,P1739,10-Dec-2025,1,Size Issue,29320
R12986,SO60916,P1213,10-Oct-2025,12,Defective,604560
R12987,SO64075,P1551,30-Jul-2025,10,Late Delivery,478200
R12988,SO37654,P1144,25-Apr-2025,4,Late Delivery,278320
R12989,SO49523,P1291,21-Dec-2025,7,Damaged,207550
R12990,SO47945,P1150,16-Mar-2025,16,Size Issue,1174720
R12991,SO16586,P1181,21-Feb-2025,14,Size Issue,450520
R12992,SO56113,P1186,08-Jun-2025,3,Late Delivery,180360
R12993,SO60363,P1939,21-May-2025,4,Late Delivery,236080
R12994,SO39401,P1117,09-Oct-2025,5,Size Issue,318900
R12995,SO33103,P1969,08-Jan-2026,1,Size Issue,47570
R12996,SO49796,P1244,16-Jul-2025,4,Damaged,104120
R12997,SO32855,P1442,15-Apr-2025,9,Not Required,178920
R12998,SO23247,P1513,20-May-2025,1,Damaged,7590
R12999,SO68425,P1473,27-Aug-2025,10,Size Issue,352000
R13000,SO33550,P1804,01-Nov-2025,12,Damaged,754200
R13001,SO49789,P1994,23-Dec-2025,3,Late Delivery,152640
R13002,SO68599,P1840,18-Oct-2025,2,Damaged,142200
R13003,SO14975,P1466,27-Dec-2025,13,Late Delivery,476190
R13004,SO40144,P1783,17-May-2025,15,Defective,477600
R13005,SO24797,P1797,07-Mar-2025,2,Late Delivery,11900
R13006,SO55946,P1855,23-Feb-2025,9,Defective,667980
R13007,SO32528,P1618,18-Aug-2025,3,Not Required,152220
R13008,SO51075,P1567,27-Jul-2025,2,Wrong Item,15300
R13009,SO11381,P1713,23-Feb-2025,3,Defective,130740
R13010,SO48503,P1076,21-May-2025,8,Not Required,3520
R13011,SO18235,P1540,12-Mar-2025,1,Wrong Item,11800
R13012,SO48561,P1434,18-Apr-2025,4,Wrong Item,99000
R13013,SO37000,P1682,20-Nov-2025,10,Not Required,242900
R13014,SO24751,P1941,29-Dec-2025,5,Quality Issue,284500
R13015,SO18223,P1745,10-Feb-2025,1,Late Delivery,71120
R13016,SO24743,P1491,29-Dec-2025,5,Size Issue,382100
R13017,SO63120,P1909,31-Aug-2025,3,Defective,40590
R13018,SO24111,P1816,28-Dec-2025,4,Late Delivery,80920
R13019,SO11968,P1896,17-May-2025,8,Size Issue,465600
R13020,SO29971,P1623,14-May-2025,8,Damaged,547920
R13021,SO29291,P1151,28-Jan-2025,2,Defective,1820
R13022,SO15510,P1583,27-Apr-2025,2,Not Required,101920
R13023,SO67964,P1520,08-Feb-2025,12,Damaged,43080
R13024,SO44091,P1392,12-Sep-2025,10,Defective,314500
R13025,SO67298,P1170,07-Dec-2025,10,Not Required,604100
R13026,SO42245,P1049,25-Mar-2025,2,Late Delivery,24980
R13027,SO27815,P1373,10-Feb-2025,16,Defective,1067200
R13028,SO38125,P1618,08-Dec-2025,1,Late Delivery,50740
R13029,SO28396,P1213,25-Jul-2025,10,Defective,503800
R13030,SO36367,P1731,27-May-2025,4,Late Delivery,238800
R13031,SO10748,P1599,26-Mar-2025,1,Late Delivery,10820
R13032,SO45255,P1401,11-Jan-2025,5,Late Delivery,192350
R13033,SO47464,P1029,13-Mar-2025,7,Not Required,311150
R13034,SO46864,P1691,24-Oct-2025,3,Late Delivery,95460
R13035,SO47144,P1426,18-Oct-2025,2,Late Delivery,125080
R13036,SO19697,P1964,02-Jun-2025,2,Defective,121980
R13037,SO22454,P1436,25-Aug-2025,3,Quality Issue,3060
R13038,SO16871,P1798,10-Aug-2025,6,Wrong Item,330600
R13039,SO29374,P1816,31-Mar-2025,10,Damaged,202300
R13040,SO63797,P1775,16-Dec-2025,6,Late Delivery,410160
R13041,SO16555,P1582,26-Apr-2025,1,Quality Issue,26120
R13042,SO64103,P1653,14-Oct-2025,2,Size Issue,143260
R13043,SO28592,P1096,15-May-2025,6,Damaged,335400
R13044,SO29719,P1241,15-Dec-2025,14,Not Required,663740
R13045,SO22594,P1580,28-Jan-2025,1,Size Issue,33450
R13046,SO13700,P1520,04-Jan-2026,6,Defective,21540
R13047,SO37683,P1007,28-Jan-2025,1,Quality Issue,21930
R13048,SO45014,P1004,19-Feb-2025,7,Damaged,335440
R13049,SO61788,P1160,17-Mar-2025,3,Not Required,56280
R13050,SO37748,P1330,20-Feb-2025,10,Defective,482300
R13051,SO62438,P1369,06-Jun-2025,13,Damaged,28210
R13052,SO17237,P1351,19-Dec-2025,1,Late Delivery,26180
R13053,SO56119,P1306,30-Apr-2025,1,Wrong Item,25460
R13054,SO26917,P1206,10-Jun-2025,6,Defective,413040
R13055,SO39430,P1251,29-Dec-2025,16,Quality Issue,771520
R13056,SO13666,P1272,23-Dec-2025,1,Defective,65700
R13057,SO59479,P1797,25-Dec-2025,2,Size Issue,11900
R13058,SO10489,P1172,10-Apr-2025,6,Wrong Item,152100
R13059,SO51854,P1443,06-Jul-2025,5,Damaged,195400
R13060,SO42302,P1725,05-Jul-2025,11,Defective,221100
R13061,SO29756,P1330,06-Jan-2025,1,Not Required,48230
R13062,SO44271,P1069,10-Jun-2025,4,Not Required,50640
R13063,SO46200,P1635,09-Nov-2025,2,Not Required,135720
R13064,SO39028,P1927,17-Sep-2025,1,Late Delivery,28000
R13065,SO60455,P1301,02-Jan-2026,2,Defective,46720
R13066,SO21545,P1037,08-Mar-2025,5,Late Delivery,212950
R13067,SO60838,P1382,11-Oct-2025,6,Size Issue,100380
R13068,SO69490,P1258,14-Jun-2025,2,Wrong Item,102000
R13069,SO54149,P1693,08-Apr-2025,3,Size Issue,196290
R13070,SO28919,P1073,26-Nov-2025,14,Defective,749000
R13071,SO54778,P1974,30-Aug-2025,1,Defective,47180
R13072,SO27440,P1211,07-Nov-2025,1,Quality Issue,5130
R13073,SO20320,P1998,15-Jan-2026,6,Quality Issue,183420
R13074,SO36443,P1926,20-Oct-2025,8,Wrong Item,4560
R13075,SO39200,P1287,26-Sep-2025,4,Defective,24600
R13076,SO18090,P1729,24-Jan-2025,5,Wrong Item,49850
R13077,SO37197,P1613,04-Feb-2025,5,Wrong Item,382150
R13078,SO15428,P1850,12-Dec-2025,2,Size Issue,26020
R13079,SO67645,P1595,19-Dec-2025,1,Not Required,69790
R13080,SO34583,P1804,09-Oct-2025,6,Late Delivery,377100
R13081,SO14901,P1864,01-Jul-2025,10,Wrong Item,483300
R13082,SO11922,P1693,08-May-2025,2,Quality Issue,130860
R13083,SO39222,P1071,01-Dec-2025,5,Quality Issue,53600
R13084,SO20782,P1533,20-Feb-2025,11,Damaged,442750
R13085,SO41637,P1945,17-Jun-2025,5,Damaged,281650
R13086,SO33385,P1834,29-Jan-2025,8,Defective,384800
R13087,SO61557,P1027,31-Dec-2025,4,Size Issue,127520
R13088,SO66465,P1498,16-May-2025,3,Defective,203580
R13089,SO21330,P1406,18-Feb-2025,8,Damaged,594320
R13090,SO53420,P1311,23-Apr-2025,7,Defective,267960
R13091,SO50909,P1030,29-May-2025,1,Not Required,21700
R13092,SO27757,P1552,19-Jul-2025,7,Size Issue,465150
R13093,SO45857,P1801,10-Jun-2025,3,Damaged,197970
R13094,SO32159,P1119,22-Apr-2025,16,Size Issue,603840
R13095,SO66988,P1025,11-Jul-2025,5,Size Issue,190950
R13096,SO32195,P1602,28-Aug-2025,7,Quality Issue,533470
R13097,SO63720,P1931,07-Dec-2025,1,Size Issue,6910
R13098,SO39659,P1501,05-May-2025,5,Not Required,50150
R13099,SO13633,P1402,04-Nov-2025,14,Defective,891380
R13100,SO22321,P1807,28-Jul-2025,7,Defective,275380
R13101,SO42587,P1347,27-Jan-2025,3,Not Required,137940
R13102,SO56295,P1652,03-Jun-2025,5,Damaged,333200
R13103,SO20892,P1153,09-Sep-2025,3,Late Delivery,147210
R13104,SO16887,P1714,23-Jan-2025,3,Defective,119550
R13105,SO57864,P1624,20-Jan-2025,6,Defective,426900
R13106,SO21307,P1949,11-Sep-2025,15,Damaged,444900
R13107,SO22406,P1650,25-Jan-2025,5,Damaged,231200
R13108,SO65598,P1536,07-Aug-2025,1,Not Required,58090
R13109,SO25358,P1796,13-Apr-2025,3,Damaged,25380
R13110,SO14742,P1082,06-Dec-2025,12,Not Required,379920
R13111,SO49155,P1211,15-Jul-2025,11,Not Required,56430
R13112,SO39233,P1185,05-Jan-2026,1,Damaged,12920
R13113,SO15052,P1266,24-Aug-2025,6,Late Delivery,49440
R13114,SO12422,P1926,30-Aug-2025,5,Quality Issue,2850
R13115,SO24368,P1209,28-Feb-2025,1,Size Issue,22390
R13116,SO40287,P1795,05-Jun-2025,1,Late Delivery,61000
R13117,SO55399,P1767,16-Sep-2025,1,Defective,50980
R13118,SO46931,P1822,27-May-2025,12,Size Issue,624120
R13119,SO49744,P1612,28-Mar-2025,8,Not Required,32320
R13120,SO63017,P1698,16-Jan-2025,4,Not Required,262920
R13121,SO35823,P1024,21-Aug-2025,4,Quality Issue,269880
R13122,SO57880,P1509,02-Jul-2025,4,Size Issue,194160
R13123,SO66949,P1335,01-Jul-2025,2,Not Required,10000
R13124,SO58245,P1348,24-Feb-2025,11,Size Issue,884840
R13125,SO67053,P1147,15-May-2025,6,Size Issue,243780
R13126,SO64144,P1216,10-Sep-2025,4,Not Required,217240
R13127,SO22304,P1716,14-Oct-2025,5,Not Required,174000
R13128,SO35496,P1248,22-May-2025,2,Size Issue,77080
R13129,SO68020,P1896,01-Aug-2025,1,Size Issue,58200
R13130,SO48628,P1411,24-Nov-2025,1,Size Issue,66340
R13131,SO64769,P1025,08-Jul-2025,4,Size Issue,152760
R13132,SO47610,P1983,28-Aug-2025,7,Size Issue,578340
R13133,SO66822,P1720,26-Jul-2025,7,Damaged,379820
R13134,SO14026,P1534,24-Nov-2025,2,Damaged,29860
R13135,SO12277,P1463,31-Oct-2025,2,Quality Issue,38900
R13136,SO28948,P1256,18-Aug-2025,1,Size Issue,9740
R13137,SO48455,P1526,18-Aug-2025,9,Not Required,56160
R13138,SO39351,P1662,06-Mar-2025,2,Wrong Item,139820
R13139,SO60763,P1978,26-Dec-2025,7,Not Required,107380
R13140,SO51404,P1826,23-Mar-2025,1,Late Delivery,40370
R13141,SO61428,P1860,21-Apr-2025,14,Damaged,947380
R13142,SO67883,P1692,15-Sep-2025,5,Wrong Item,275650
R13143,SO51763,P1922,05-Feb-2025,1,Defective,32630
R13144,SO15793,P1387,16-Mar-2025,1,Not Required,42250
R13145,SO51633,P1241,29-May-2025,8,Quality Issue,379280
R13146,SO42287,P1403,06-Dec-2025,3,Late Delivery,76020
R13147,SO40401,P1883,17-Dec-2025,10,Wrong Item,556500
R13148,SO68102,P1963,13-Apr-2025,18,Damaged,459180
R13149,SO53536,P1095,23-Aug-2025,5,Damaged,110000
R13150,SO52844,P1494,03-Nov-2025,3,Wrong Item,77670
R13151,SO47771,P1859,24-May-2025,2,Size Issue,66620
R13152,SO33791,P1818,04-Nov-2025,6,Wrong Item,252720
R13153,SO12358,P1474,12-Aug-2025,13,Not Required,899860
R13154,SO21470,P1564,30-Oct-2025,5,Quality Issue,13700
R13155,SO12464,P1086,29-Oct-2025,4,Size Issue,255200
R13156,SO68889,P1269,23-Aug-2025,19,Damaged,422370
R13157,SO43496,P1706,09-Jan-2026,10,Not Required,32600
R13158,SO32884,P1655,26-Jun-2025,16,Defective,118560
R13159,SO26528,P1867,23-Aug-2025,12,Size Issue,417480
R13160,SO34548,P1634,30-Jan-2025,13,Damaged,749840
R13161,SO31780,P1812,22-Oct-2025,10,Not Required,677500
R13162,SO27020,P1623,08-Jul-2025,3,Quality Issue,205470
R13163,SO65344,P1137,21-Apr-2025,1,Quality Issue,12040
R13164,SO61435,P1435,08-Jun-2025,1,Not Required,47640
R13165,SO32558,P1307,01-Jan-2026,7,Quality Issue,457730
R13166,SO59419,P1593,28-Mar-2025,9,Defective,280350
R13167,SO16800,P1938,03-Jul-2025,7,Quality Issue,159460
R13168,SO69464,P1426,04-May-2025,2,Late Delivery,125080
R13169,SO43514,P1251,29-Jun-2025,10,Wrong Item,482200
R13170,SO17870,P1155,16-Aug-2025,1,Not Required,590
R13171,SO54251,P1923,28-Mar-2025,4,Size Issue,151040
R13172,SO58263,P1609,12-Jul-2025,8,Quality Issue,58560
R13173,SO30181,P1664,02-Sep-2025,1,Size Issue,20980
R13174,SO61982,P1888,22-Jan-2025,11,Quality Issue,288090
R13175,SO67292,P1958,16-Aug-2025,8,Quality Issue,592960
R13176,SO48686,P1969,24-Jan-2025,8,Late Delivery,380560
R13177,SO59594,P1011,20-Dec-2025,10,Size Issue,342600
R13178,SO66635,P1980,30-Dec-2025,4,Quality Issue,172520
R13179,SO27401,P1257,29-Nov-2025,10,Late Delivery,460400
R13180,SO60157,P1721,19-Jan-2025,15,Wrong Item,934500
R13181,SO43627,P1649,09-May-2025,13,Wrong Item,550030
R13182,SO35980,P1513,24-May-2025,7,Quality Issue,53130
R13183,SO13542,P1506,14-Aug-2025,1,Not Required,19630
R13184,SO45754,P1743,20-Jan-2025,4,Defective,163920
R13185,SO19831,P1891,28-Nov-2025,10,Defective,108400
R13186,SO35003,P1015,24-Jan-2025,5,Size Issue,228600
R13187,SO63100,P1658,09-Mar-2025,6,Defective,213720
R13188,SO16386,P1909,18-Apr-2025,4,Late Delivery,54120
R13189,SO67909,P1415,23-Nov-2025,1,Defective,17820
R13190,SO63530,P1381,27-Aug-2025,5,Wrong Item,119350
R13191,SO59878,P1477,09-Jul-2025,5,Quality Issue,85150
R13192,SO59531,P1529,18-Oct-2025,9,Late Delivery,587160
R13193,SO48749,P1511,31-Jan-2025,11,Late Delivery,224290
R13194,SO57717,P1344,28-Jul-2025,6,Defective,322440
R13195,SO26287,P1811,01-Jul-2025,1,Defective,63990
R13196,SO57656,P1430,14-Apr-2025,3,Quality Issue,37680
R13197,SO28848,P1600,30-May-2025,1,Not Required,2330
R13198,SO42262,P1974,15-Aug-2025,2,Not Required,94360
R13199,SO58826,P1727,01-May-2025,15,Damaged,1034700
R13200,SO52664,P1175,14-Feb-2025,12,Quality Issue,464400
R13201,SO30016,P1461,07-May-2025,4,Defective,50400
R13202,SO27534,P1499,13-Jul-2025,2,Quality Issue,45420
R13203,SO30189,P1943,01-Jan-2026,3,Size Issue,128130
R13204,SO66129,P1043,15-Mar-2025,1,Late Delivery,29820
R13205,SO26286,P1026,02-Aug-2025,4,Quality Issue,234120
R13206,SO37701,P1168,21-Jan-2025,1,Late Delivery,55700
R13207,SO27769,P1259,29-Jun-2025,7,Wrong Item,439880
R13208,SO68606,P1908,31-Oct-2025,13,Size Issue,35360
R13209,SO39368,P1871,09-Aug-2025,4,Not Required,45000
R13210,SO33613,P1614,26-May-2025,1,Size Issue,4890
R13211,SO11701,P1640,13-Feb-2025,10,Late Delivery,259800
R13212,SO33223,P1643,26-Aug-2025,6,Wrong Item,406200
R13213,SO21690,P1569,19-Aug-2025,7,Damaged,96110
R13214,SO44305,P1114,08-Dec-2025,9,Not Required,472680
R13215,SO51668,P1681,27-Oct-2025,3,Quality Issue,46380
R13216,SO23876,P1334,27-Oct-2025,1,Wrong Item,7510
R13217,SO22154,P1219,13-Jul-2025,6,Size Issue,12540
R13218,SO42799,P1430,24-Feb-2025,11,Size Issue,138160
R13219,SO20324,P1725,19-Jan-2025,9,Wrong Item,180900
R13220,SO67564,P1205,21-Jan-2025,11,Wrong Item,42350
R13221,SO32006,P1132,15-Jun-2025,1,Late Delivery,38560
R13222,SO60312,P1006,03-Sep-2025,17,Damaged,330480
R13223,SO56985,P1759,04-Jan-2026,11,Defective,282370
R13224,SO57228,P1815,25-Sep-2025,5,Damaged,127600
R13225,SO65352,P1500,24-May-2025,1,Defective,34170
R13226,SO22758,P1726,12-Oct-2025,9,Late Delivery,446400
R13227,SO52802,P1799,13-May-2025,4,Defective,150480
R13228,SO44140,P1683,23-May-2025,4,Defective,242160
R13229,SO36160,P1879,09-Feb-2025,5,Defective,253300
R13230,SO34579,P1470,19-Mar-2025,6,Wrong Item,70860
R13231,SO69435,P1861,09-May-2025,11,Size Issue,587180
R13232,SO63085,P1361,06-Sep-2025,10,Quality Issue,484300
R13233,SO54738,P1628,29-Jun-2025,1,Quality Issue,47890
R13234,SO18264,P1012,15-Dec-2025,6,Not Required,379860
R13235,SO64555,P1915,20-May-2025,3,Quality Issue,44070
R13236,SO58850,P1288,10-Jan-2026,2,Damaged,9180
R13237,SO34747,P1901,05-Nov-2025,2,Damaged,6320
R13238,SO62955,P1490,02-Mar-2025,3,Not Required,30150
R13239,SO12860,P1167,19-Dec-2025,11,Late Delivery,242770
R13240,SO30892,P1214,15-Apr-2025,8,Defective,219360
R13241,SO57665,P1193,11-Sep-2025,4,Not Required,75080
R13242,SO28365,P1079,19-Nov-2025,4,Wrong Item,190320
R13243,SO35301,P1652,30-Jan-2025,10,Not Required,666400
R13244,SO12503,P1527,02-Jan-2026,7,Quality Issue,8610
R13245,SO40730,P1363,19-Nov-2025,4,Defective,246680
R13246,SO11226,P1409,17-Apr-2025,5,Late Delivery,207100
R13247,SO23916,P1068,28-Oct-2025,7,Size Issue,125510
R13248,SO28882,P1202,29-Oct-2025,11,Quality Issue,769560
R13249,SO65653,P1511,25-Jun-2025,1,Defective,20390
R13250,SO42592,P1352,12-Mar-2025,13,Quality Issue,39390
R13251,SO66080,P1499,29-Jan-2025,1,Size Issue,22710
R13252,SO65569,P1359,13-Dec-2025,13,Damaged,40300
R13253,SO33640,P1523,10-May-2025,8,Quality Issue,95120
R13254,SO12101,P1455,12-Apr-2025,2,Late Delivery,65500
R13255,SO13040,P1020,17-Dec-2025,9,Damaged,559530
R13256,SO69402,P1188,04-Dec-2025,8,Defective,664720
R13257,SO52307,P1777,03-Sep-2025,6,Damaged,239340
R13258,SO20476,P1982,13-Jan-2025,3,Quality Issue,142050
R13259,SO66029,P1580,08-Jul-2025,15,Wrong Item,501750
R13260,SO13301,P1508,13-Dec-2025,1,Size Issue,35110
R13261,SO43064,P1538,15-Nov-2025,2,Wrong Item,160320
R13262,SO64866,P1145,17-Jan-2025,3,Damaged,14670
R13263,SO59210,P1981,05-Oct-2025,1,Damaged,22760
R13264,SO59387,P1361,02-Sep-2025,1,Wrong Item,48430
R13265,SO41171,P1685,07-Dec-2025,1,Wrong Item,32050
R13266,SO31514,P1066,24-Nov-2025,11,Size Issue,234080
R13267,SO44632,P1559,30-Oct-2025,10,Quality Issue,726200
R13268,SO60476,P1025,06-Aug-2025,4,Not Required,152760
R13269,SO22101,P1804,16-Aug-2025,1,Not Required,62850
R13270,SO11280,P1106,23-Aug-2025,6,Size Issue,268860
R13271,SO14311,P1472,19-May-2025,4,Quality Issue,38160
R13272,SO69784,P1387,04-May-2025,1,Wrong Item,42250
R13273,SO23232,P1095,04-Oct-2025,3,Defective,66000
R13274,SO11206,P1227,18-Aug-2025,10,Late Delivery,514200
R13275,SO44281,P1048,28-Jun-2025,4,Late Delivery,198640
R13276,SO69733,P1154,01-Mar-2025,12,Wrong Item,294720
R13277,SO45604,P1208,04-Mar-2025,13,Wrong Item,801970
R13278,SO11660,P1980,25-Sep-2025,1,Not Required,43130
R13279,SO10240,P1936,11-Sep-2025,5,Size Issue,119550
R13280,SO63048,P1532,08-Dec-2025,13,Wrong Item,224120
R13281,SO13527,P1268,25-Aug-2025,4,Not Required,13120
R13282,SO30691,P1607,27-Jun-2025,12,Quality Issue,854760
R13283,SO53977,P1610,26-Nov-2025,4,Not Required,225280
R13284,SO16904,P1408,09-Jun-2025,10,Damaged,551300
R13285,SO20419,P1595,07-Mar-2025,8,Size Issue,558320
R13286,SO35798,P1715,18-May-2025,9,Late Delivery,666630
R13287,SO36647,P1955,20-Jan-2025,2,Defective,67440
R13288,SO27806,P1053,18-Jul-2025,6,Size Issue,175920
R13289,SO36074,P1586,10-Jan-2025,3,Late Delivery,148800
R13290,SO50916,P1737,24-Jan-2025,10,Size Issue,302600
R13291,SO34663,P1107,17-Apr-2025,2,Wrong Item,3780
R13292,SO52525,P1682,20-Feb-2025,7,Defective,170030
R13293,SO56479,P1236,30-Jan-2025,3,Late Delivery,174900
R13294,SO37247,P1214,13-Dec-2025,1,Damaged,27420
R13295,SO45333,P1348,20-Nov-2025,14,Wrong Item,1126160
R13296,SO42434,P1320,21-Sep-2025,1,Wrong Item,26310
R13297,SO18170,P1719,11-Jul-2025,2,Size Issue,30280
R13298,SO61924,P1540,09-Dec-2025,4,Defective,47200
R13299,SO41997,P1142,04-Oct-2025,10,Wrong Item,11900
R13300,SO49439,P1167,18-Dec-2025,2,Damaged,44140
R13301,SO29444,P1821,14-Jul-2025,7,Not Required,463120
R13302,SO29611,P1662,02-Feb-2025,5,Size Issue,349550
R13303,SO11999,P1824,02-Feb-2025,5,Not Required,47200
R13304,SO43028,P1610,22-Nov-2025,12,Size Issue,675840
R13305,SO28708,P1880,15-Sep-2025,2,Damaged,82880
R13306,SO38208,P1117,28-Jan-2025,4,Size Issue,255120
R13307,SO26686,P1480,04-Nov-2025,3,Wrong Item,78150
R13308,SO63642,P1393,04-Nov-2025,6,Wrong Item,120900
R13309,SO33123,P1874,22-Feb-2025,5,Size Issue,118550
R13310,SO55067,P1072,07-May-2025,10,Damaged,505200
R13311,SO34642,P1944,27-Feb-2025,8,Quality Issue,305840
R13312,SO11522,P1327,30-Jan-2025,6,Size Issue,24600
R13313,SO36976,P1304,14-Nov-2025,1,Wrong Item,43240
R13314,SO40163,P1236,09-Sep-2025,16,Late Delivery,932800
R13315,SO23503,P1191,02-Aug-2025,3,Damaged,188610
R13316,SO33397,P1002,05-May-2025,1,Wrong Item,65740
R13317,SO49932,P1189,07-Jan-2026,9,Size Issue,93600
R13318,SO52350,P1588,11-Jan-2026,19,Defective,748790
R13319,SO21468,P1490,15-Oct-2025,1,Defective,10050
R13320,SO63747,P1740,13-Dec-2025,7,Defective,249690
R13321,SO60952,P1870,11-Jun-2025,1,Wrong Item,5890
R13322,SO10294,P1453,27-Aug-2025,3,Size Issue,253170
R13323,SO34576,P1377,27-Jan-2025,6,Wrong Item,60000
R13324,SO37373,P1741,25-Aug-2025,4,Defective,1080
R13325,SO31648,P1718,04-Dec-2025,11,Quality Issue,524260
R13326,SO56682,P1024,30-Aug-2025,9,Quality Issue,607230
R13327,SO12267,P1410,10-Feb-2025,8,Damaged,622000
R13328,SO62975,P1803,20-Jul-2025,2,Quality Issue,91800
R13329,SO28847,P1903,03-Feb-2025,4,Wrong Item,225480
R13330,SO68131,P1981,05-Aug-2025,2,Late Delivery,45520
R13331,SO56004,P1768,10-Mar-2025,1,Damaged,46630
R13332,SO44118,P1993,09-Feb-2025,2,Wrong Item,40280
R13333,SO32276,P1731,27-Nov-2025,1,Size Issue,59700
R13334,SO66683,P1874,11-Sep-2025,7,Defective,165970
R13335,SO51249,P1384,19-Nov-2025,3,Quality Issue,6420
R13336,SO22543,P1488,01-Apr-2025,4,Quality Issue,93040
R13337,SO36961,P1681,19-Dec-2025,6,Defective,92760
R13338,SO27920,P1909,26-Oct-2025,16,Late Delivery,216480
R13339,SO39534,P1249,22-Jul-2025,2,Defective,9440
R13340,SO29316,P1623,04-Apr-2025,5,Not Required,342450
R13341,SO53629,P1719,18-Dec-2025,4,Defective,60560
R13342,SO35071,P1262,09-Dec-2025,1,Quality Issue,32000
R13343,SO37189,P1358,04-Apr-2025,13,Defective,5200
R13344,SO36176,P1259,23-Jan-2025,1,Wrong Item,62840
R13345,SO64068,P1995,10-Jul-2025,5,Wrong Item,276400
R13346,SO19579,P1107,19-Jan-2025,4,Defective,7560
R13347,SO17964,P1698,16-Feb-2025,4,Not Required,262920
R13348,SO34612,P1387,19-Oct-2025,8,Quality Issue,338000
R13349,SO14059,P1259,03-May-2025,11,Damaged,691240
R13350,SO21190,P1525,22-Oct-2025,2,Size Issue,49760
R13351,SO60524,P1600,14-Aug-2025,2,Quality Issue,4660
R13352,SO65417,P1755,26-Jan-2025,4,Quality Issue,221960
R13353,SO57459,P1017,04-Nov-2025,1,Not Required,26580
R13354,SO49554,P1076,19-Jan-2025,14,Not Required,6160
R13355,SO27886,P1687,26-Jul-2025,8,Not Required,109200
R13356,SO28782,P1482,28-Jan-2025,5,Late Delivery,345600
R13357,SO63144,P1596,31-Dec-2025,2,Late Delivery,74420
R13358,SO21388,P1984,11-Feb-2025,1,Late Delivery,240
R13359,SO11095,P1681,13-May-2025,1,Defective,15460
R13360,SO33360,P1439,27-Apr-2025,7,Defective,41300
R13361,SO54105,P1367,04-Aug-2025,1,Damaged,65390
R13362,SO20172,P1467,09-Dec-2025,12,Late Delivery,343320
R13363,SO64652,P1923,24-Sep-2025,7,Wrong Item,264320
R13364,SO14152,P1562,18-May-2025,10,Defective,543000
R13365,SO67998,P1141,08-May-2025,3,Damaged,70410
R13366,SO59364,P1115,13-Mar-2025,7,Late Delivery,110950
R13367,SO42914,P1984,12-Oct-2025,3,Not Required,720
R13368,SO17703,P1659,03-Jun-2025,7,Not Required,312830
R13369,SO51950,P1046,07-Sep-2025,1,Wrong Item,36780
R13370,SO52213,P1428,24-Sep-2025,1,Size Issue,49560
R13371,SO64343,P1608,25-Mar-2025,12,Quality Issue,984600
R13372,SO47129,P1610,03-Sep-2025,3,Late Delivery,168960
R13373,SO55640,P1661,31-May-2025,11,Late Delivery,58850
R13374,SO18051,P1410,06-Aug-2025,2,Late Delivery,155500
R13375,SO51109,P1404,26-Mar-2025,8,Quality Issue,579840
R13376,SO30775,P1545,03-Apr-2025,4,Size Issue,54040
R13377,SO44306,P1473,25-Aug-2025,10,Defective,352000
R13378,SO20981,P1638,02-Mar-2025,1,Late Delivery,7290
R13379,SO15667,P1592,21-Mar-2025,10,Wrong Item,799800
R13380,SO50619,P1066,15-Aug-2025,3,Defective,63840
R13381,SO34432,P1841,01-Nov-2025,7,Quality Issue,141680
R13382,SO19904,P1821,01-Jan-2026,4,Wrong Item,264640
R13383,SO61502,P1646,11-Aug-2025,6,Not Required,312600
R13384,SO24352,P1880,05-Nov-2025,2,Quality Issue,82880
R13385,SO68474,P1828,16-Jan-2025,4,Late Delivery,18160
R13386,SO16644,P1485,24-Aug-2025,3,Defective,162030
R13387,SO28335,P1649,10-Oct-2025,3,Not Required,126930
R13388,SO64849,P1990,17-Oct-2025,16,Quality Issue,163360
R13389,SO26363,P1337,18-Apr-2025,5,Size Issue,220100
R13390,SO17171,P1034,23-Nov-2025,1,Defective,68230
R13391,SO38018,P1087,04-Oct-2025,5,Damaged,169350
R13392,SO60043,P1708,14-Sep-2025,3,Late Delivery,69300
R13393,SO11853,P1459,27-Feb-2025,10,Late Delivery,245800
R13394,SO17503,P1486,22-Oct-2025,1,Quality Issue,64610
R13395,SO54217,P1705,27-Jul-2025,2,Not Required,147500
R13396,SO65589,P1840,07-Apr-2025,17,Not Required,1208700
R13397,SO58943,P1066,21-Jul-2025,12,Late Delivery,255360
R13398,SO44377,P1515,16-Nov-2025,2,Damaged,128260
R13399,SO17980,P1962,16-Aug-2025,1,Late Delivery,33840
R13400,SO21898,P1955,16-Nov-2025,2,Size Issue,67440
R13401,SO58129,P1394,08-Sep-2025,2,Wrong Item,87100
R13402,SO18091,P1862,27-Jan-2025,9,Quality Issue,398970
R13403,SO19296,P1584,21-Sep-2025,5,Defective,268700
R13404,SO60792,P1458,14-Oct-2025,5,Size Issue,278950
R13405,SO64708,P1415,16-Jul-2025,6,Size Issue,106920
R13406,SO25478,P1952,25-Nov-2025,4,Defective,149800
R13407,SO66169,P1950,25-Dec-2025,17,Late Delivery,652120
R13408,SO62305,P1163,09-Jun-2025,9,Damaged,172530
R13409,SO52419,P1463,18-May-2025,2,Quality Issue,38900
R13410,SO16651,P1720,24-Mar-2025,9,Late Delivery,488340
R13411,SO68937,P1009,29-Dec-2025,1,Not Required,5740
R13412,SO12940,P1475,19-Jul-2025,10,Wrong Item,170500
R13413,SO65451,P1920,04-Jun-2025,11,Late Delivery,681230
R13414,SO50425,P1853,25-May-2025,11,Quality Issue,602470
R13415,SO50268,P1952,16-Dec-2025,1,Defective,37450
R13416,SO60003,P1478,16-Jul-2025,6,Quality Issue,152640
R13417,SO68738,P1342,14-Aug-2025,13,Quality Issue,1033370
R13418,SO44156,P1455,21-Jan-2025,4,Quality Issue,131000
R13419,SO38747,P1692,04-Jun-2025,12,Damaged,661560
R13420,SO46785,P1786,29-Mar-2025,2,Quality Issue,139900
R13421,SO69958,P1664,19-Aug-2025,11,Damaged,230780
R13422,SO55443,P1260,04-Mar-2025,14,Wrong Item,951160
R13423,SO51729,P1730,22-Mar-2025,3,Late Delivery,69600
R13424,SO60776,P1095,15-Jul-2025,2,Late Delivery,44000
R13425,SO10999,P1342,29-Sep-2025,4,Defective,317960
R13426,SO67347,P1422,20-Jul-2025,4,Wrong Item,119200
R13427,SO63935,P1230,28-Sep-2025,1,Defective,37330
R13428,SO55053,P1550,29-Aug-2025,3,Quality Issue,173100
R13429,SO34290,P1690,14-Jun-2025,4,Damaged,156800
R13430,SO63574,P1105,23-Nov-2025,1,Wrong Item,70830
R13431,SO26165,P1301,12-May-2025,2,Late Delivery,46720
R13432,SO10012,P1938,20-Apr-2025,10,Wrong Item,227800
R13433,SO18492,P1737,16-Oct-2025,4,Late Delivery,121040
R13434,SO39287,P1950,06-Dec-2025,9,Defective,345240
R13435,SO33745,P1098,02-Jan-2026,10,Damaged,779900
R13436,SO69689,P1231,16-Jan-2025,1,Size Issue,40840
R13437,SO45471,P1609,10-Sep-2025,5,Damaged,36600
R13438,SO57910,P1677,04-Feb-2025,1,Wrong Item,64560
R13439,SO35588,P1268,12-May-2025,1,Defective,3280
R13440,SO66355,P1290,15-Sep-2025,5,Wrong Item,337350
R13441,SO20939,P1583,24-Aug-2025,6,Late Delivery,305760
R13442,SO60124,P1919,22-Apr-2025,10,Wrong Item,55000
R13443,SO50885,P1332,08-Jul-2025,1,Quality Issue,55390
R13444,SO29119,P1243,30-Aug-2025,1,Defective,77540
R13445,SO17015,P1709,17-Apr-2025,10,Size Issue,154800
R13446,SO61022,P1758,29-Dec-2025,2,Wrong Item,70460
R13447,SO58343,P1742,10-Aug-2025,7,Damaged,524370
R13448,SO14341,P1617,12-Aug-2025,15,Size Issue,563250
R13449,SO66797,P1891,20-May-2025,10,Late Delivery,108400
R13450,SO63342,P1129,31-Oct-2025,10,Quality Issue,257900
R13451,SO19011,P1846,29-Nov-2025,11,Late Delivery,624360
R13452,SO43616,P1672,11-Sep-2025,2,Defective,57520
R13453,SO66215,P1771,19-Jul-2025,6,Damaged,293460
R13454,SO39741,P1213,03-Apr-2025,6,Late Delivery,302280
R13455,SO44809,P1693,05-Feb-2025,5,Damaged,327150
R13456,SO32177,P1961,19-Jun-2025,6,Wrong Item,130560
R13457,SO59381,P1484,11-Sep-2025,1,Damaged,41240
R13458,SO58451,P1083,21-May-2025,1,Not Required,18030
R13459,SO21996,P1738,10-Jun-2025,10,Not Required,114900
R13460,SO55807,P1614,31-Aug-2025,1,Not Required,4890
R13461,SO22054,P1229,12-Mar-2025,4,Quality Issue,1800
R13462,SO42842,P1466,15-Oct-2025,11,Wrong Item,402930
R13463,SO29929,P1571,13-Jan-2026,1,Wrong Item,63790
R13464,SO28345,P1487,02-Sep-2025,3,Defective,172230
R13465,SO45549,P1051,06-Nov-2025,9,Size Issue,316080
R13466,SO21376,P1398,07-Oct-2025,8,Wrong Item,94480
R13467,SO25498,P1598,25-Nov-2025,8,Wrong Item,307680
R13468,SO11297,P1098,08-Oct-2025,13,Size Issue,1013870
R13469,SO59442,P1172,03-Feb-2025,4,Damaged,101400
R13470,SO29539,P1472,07-Sep-2025,13,Not Required,124020
R13471,SO19923,P1090,13-Jul-2025,6,Size Issue,334080
R13472,SO45786,P1476,30-Dec-2025,2,Late Delivery,41480
R13473,SO54387,P1271,30-Dec-2025,2,Size Issue,87020
R13474,SO24514,P1841,31-Dec-2025,1,Late Delivery,20240
R13475,SO66358,P1958,07-Sep-2025,9,Not Required,667080
R13476,SO38683,P1987,07-Jun-2025,11,Size Issue,483450
R13477,SO19251,P1191,06-Oct-2025,11,Late Delivery,691570
R13478,SO11645,P1988,27-Jan-2025,13,Defective,563420
R13479,SO37275,P2000,07-Nov-2025,9,Not Required,637200
R13480,SO34073,P1510,15-Aug-2025,7,Defective,21350
R13481,SO29642,P1554,18-Nov-2025,12,Wrong Item,447600
R13482,SO23368,P1363,28-Dec-2025,11,Not Required,678370
R13483,SO15437,P1608,27-Aug-2025,3,Size Issue,246150
R13484,SO25611,P1702,19-Sep-2025,1,Damaged,2810
R13485,SO13717,P1124,06-Apr-2025,2,Damaged,74340
R13486,SO33373,P1936,24-May-2025,1,Late Delivery,23910
R13487,SO10588,P1688,16-Jun-2025,7,Defective,52080
R13488,SO44889,P1747,17-Jul-2025,6,Size Issue,6540
R13489,SO47320,P1947,16-Jan-2025,1,Quality Issue,35550
R13490,SO17207,P1099,06-Jul-2025,1,Late Delivery,67980
R13491,SO40662,P1216,24-Mar-2025,14,Defective,760340
R13492,SO67529,P1409,26-Jul-2025,10,Not Required,414200
R13493,SO41882,P1285,01-Jun-2025,8,Quality Issue,292800
R13494,SO64949,P1472,14-Dec-2025,11,Defective,104940
R13495,SO11612,P1702,28-Sep-2025,5,Wrong Item,14050
R13496,SO30591,P1933,12-Feb-2025,10,Wrong Item,59800
R13497,SO10039,P1860,11-Jun-2025,4,Wrong Item,270680
R13498,SO53916,P1639,17-Mar-2025,3,Size Issue,194220
R13499,SO16552,P1168,23-Oct-2025,1,Quality Issue,55700
R13500,SO50314,P1119,18-Jul-2025,1,Quality Issue,37740
R13501,SO41224,P1008,11-Apr-2025,6,Not Required,374040
R13502,SO61895,P1734,08-Jun-2025,6,Wrong Item,345420
R13503,SO44746,P1226,27-Apr-2025,2,Late Delivery,118640
R13504,SO35366,P1117,15-Apr-2025,2,Defective,127560
R13505,SO39022,P1596,28-May-2025,11,Damaged,409310
R13506,SO18009,P1163,13-Aug-2025,15,Size Issue,287550
R13507,SO54563,P1928,14-Aug-2025,7,Late Delivery,144480
R13508,SO14984,P1553,26-Sep-2025,1,Late Delivery,14210
R13509,SO14532,P1392,15-Apr-2025,9,Late Delivery,283050
R13510,SO57613,P1235,24-Jul-2025,6,Late Delivery,329520
R13511,SO32508,P1735,03-May-2025,5,Late Delivery,115750
R13512,SO23333,P1448,07-Mar-2025,7,Wrong Item,344050
R13513,SO36541,P1753,09-Feb-2025,9,Not Required,398610
R13514,SO46719,P1273,04-Aug-2025,2,Not Required,92880
R13515,SO61730,P1613,27-Jan-2025,7,Quality Issue,535010
R13516,SO28693,P1423,22-May-2025,4,Not Required,52640
R13517,SO52574,P1555,01-May-2025,11,Late Delivery,384780
R13518,SO66907,P1162,10-Jun-2025,5,Not Required,95000
R13519,SO57296,P1285,13-Jan-2026,3,Not Required,109800
R13520,SO34596,P1121,17-Dec-2025,9,Late Delivery,166770
R13521,SO24823,P1738,14-Feb-2025,1,Late Delivery,11490
R13522,SO39951,P1692,20-Jan-2025,3,Size Issue,165390
R13523,SO53543,P1446,30-Dec-2025,2,Wrong Item,129020
R13524,SO55338,P1272,15-Jul-2025,4,Late Delivery,262800
R13525,SO36025,P1839,08-May-2025,1,Defective,5120
R13526,SO41474,P1626,27-Feb-2025,2,Size Issue,78400
R13527,SO21228,P1309,22-Jun-2025,9,Defective,306270
R13528,SO63582,P1976,27-Sep-2025,9,Quality Issue,542610
R13529,SO68160,P1254,26-Aug-2025,1,Defective,44740
R13530,SO38753,P1596,06-May-2025,2,Not Required,74420
R13531,SO63551,P1364,01-Aug-2025,5,Wrong Item,96950
R13532,SO35552,P1657,09-Sep-2025,4,Wrong Item,302960
R13533,SO20752,P1059,15-Sep-2025,4,Late Delivery,205600
R13534,SO39316,P1879,26-May-2025,10,Not Required,506600
R13535,SO43292,P1681,26-Apr-2025,6,Quality Issue,92760
R13536,SO44012,P1896,29-Jun-2025,7,Size Issue,407400
R13537,SO32625,P1505,02-Dec-2025,2,Late Delivery,65180
R13538,SO28014,P1640,26-Mar-2025,2,Wrong Item,51960
R13539,SO28876,P1937,30-Apr-2025,1,Late Delivery,40580
R13540,SO22487,P1891,26-Sep-2025,2,Not Required,21680
R13541,SO17248,P1840,20-Apr-2025,12,Size Issue,853200
R13542,SO65278,P1998,16-Aug-2025,3,Late Delivery,91710
R13543,SO12517,P1649,02-Jun-2025,9,Late Delivery,380790
R13544,SO47740,P1993,10-Jul-2025,1,Wrong Item,20140
R13545,SO50627,P1765,10-Nov-2025,6,Not Required,235740
R13546,SO50134,P1759,12-Jan-2025,1,Quality Issue,25670
R13547,SO25673,P1472,16-Oct-2025,7,Late Delivery,66780
R13548,SO31952,P1467,07-May-2025,1,Wrong Item,28610
R13549,SO69242,P1093,13-Dec-2025,5,Quality Issue,73750
R13550,SO61055,P1227,05-Mar-2025,1,Not Required,51420
R13551,SO68119,P1819,07-May-2025,5,Damaged,305200
R13552,SO21541,P1832,09-Aug-2025,7,Damaged,139930
R13553,SO14473,P1362,27-Jun-2025,9,Not Required,586170
R13554,SO23619,P1952,10-Oct-2025,1,Not Required,37450
R13555,SO35145,P1156,19-Oct-2025,1,Size Issue,43090
R13556,SO57644,P1781,25-Apr-2025,2,Late Delivery,121560
R13557,SO45570,P1247,04-Nov-2025,19,Size Issue,1104660
R13558,SO50790,P1153,27-Mar-2025,7,Late Delivery,343490
R13559,SO34218,P1357,07-Dec-2025,9,Wrong Item,524430
R13560,SO44925,P1804,25-Nov-2025,4,Quality Issue,251400
R13561,SO45587,P1995,12-Oct-2025,2,Late Delivery,110560
R13562,SO25692,P1760,10-Dec-2025,8,Size Issue,565120
R13563,SO20047,P1607,14-Aug-2025,11,Quality Issue,783530
R13564,SO38331,P1973,16-Mar-2025,7,Late Delivery,123830
R13565,SO54039,P1173,14-Jul-2025,4,Not Required,276520
R13566,SO34115,P1684,05-Feb-2025,10,Damaged,638800
R13567,SO58424,P1140,03-Oct-2025,1,Quality Issue,35290
R13568,SO42390,P1930,03-Apr-2025,5,Not Required,261300
R13569,SO43118,P1882,14-May-2025,13,Size Issue,257140
R13570,SO17690,P1850,07-Jan-2026,1,Not Required,13010
R13571,SO52887,P1271,22-Jun-2025,15,Size Issue,652650
R13572,SO18816,P1657,08-Apr-2025,1,Size Issue,75740
R13573,SO39332,P1588,27-Nov-2025,5,Size Issue,197050
R13574,SO59413,P1670,03-Mar-2025,11,Quality Issue,312070
R13575,SO33719,P1609,01-Jan-2026,1,Quality Issue,7320
R13576,SO24120,P1531,08-Apr-2025,3,Wrong Item,15150
R13577,SO19081,P1183,30-Dec-2025,2,Wrong Item,26120
R13578,SO34058,P1969,16-Oct-2025,1,Not Required,47570
R13579,SO61091,P1359,24-Sep-2025,4,Not Required,12400
R13580,SO46161,P1840,23-Dec-2025,3,Quality Issue,213300
R13581,SO54252,P1870,23-Jul-2025,18,Quality Issue,106020
R13582,SO50550,P1594,03-Jan-2026,11,Damaged,602140
R13583,SO67364,P1465,12-Aug-2025,2,Quality Issue,19960
R13584,SO69842,P1154,09-Jun-2025,3,Wrong Item,73680
R13585,SO50224,P1406,18-Sep-2025,3,Late Delivery,222870
R13586,SO49668,P1346,27-Feb-2025,16,Damaged,888960
R13587,SO51552,P1719,26-Feb-2025,17,Late Delivery,257380
R13588,SO35842,P1859,03-Jun-2025,1,Size Issue,33310
R13589,SO27889,P1735,19-Apr-2025,3,Damaged,69450
R13590,SO45107,P1533,29-Oct-2025,9,Late Delivery,362250
R13591,SO57768,P1783,22-Jan-2025,11,Damaged,350240
R13592,SO10341,P1787,14-Sep-2025,9,Defective,499230
R13593,SO67134,P1514,03-Apr-2025,5,Wrong Item,35650
R13594,SO45176,P1139,16-Sep-2025,6,Quality Issue,33300
R13595,SO16412,P1424,31-Mar-2025,1,Size Issue,60060
R13596,SO18019,P1355,15-Oct-2025,3,Wrong Item,176910
R13597,SO24296,P1835,16-Nov-2025,1,Quality Issue,5450
R13598,SO19137,P1453,03-May-2025,5,Quality Issue,421950
R13599,SO34003,P1690,05-May-2025,8,Late Delivery,313600
R13600,SO26012,P1743,31-Oct-2025,3,Late Delivery,122940
R13601,SO17270,P1565,16-Aug-2025,17,Wrong Item,42500
R13602,SO61728,P1503,02-Nov-2025,1,Late Delivery,43200
R13603,SO55671,P1264,22-Jan-2025,1,Late Delivery,66220
R13604,SO14633,P1778,30-Dec-2025,6,Damaged,222720
R13605,SO41475,P1563,19-Mar-2025,2,Quality Issue,68300
R13606,SO66913,P1150,14-Jul-2025,1,Defective,73420
R13607,SO12526,P1008,17-Dec-2025,5,Damaged,311700
R13608,SO67954,P1155,25-Jan-2025,9,Quality Issue,5310
R13609,SO58870,P1254,07-Apr-2025,3,Damaged,134220
R13610,SO27083,P1892,05-Sep-2025,10,Wrong Item,278800
R13611,SO27895,P1998,23-Jan-2025,12,Quality Issue,366840
R13612,SO22281,P1639,06-Sep-2025,9,Size Issue,582660
R13613,SO60655,P1658,11-Sep-2025,4,Damaged,142480
R13614,SO12377,P1226,28-Feb-2025,1,Damaged,59320
R13615,SO36304,P1995,08-Dec-2025,2,Quality Issue,110560
R13616,SO58382,P1440,21-May-2025,3,Quality Issue,70200
R13617,SO45517,P1975,03-May-2025,10,Defective,238600
R13618,SO38323,P1339,23-Feb-2025,3,Size Issue,200550
R13619,SO68354,P1426,20-Apr-2025,9,Size Issue,562860
R13620,SO25458,P1980,01-Jun-2025,2,Wrong Item,86260
R13621,SO32474,P1672,09-Jul-2025,1,Quality Issue,28760
R13622,SO21204,P1470,26-Aug-2025,1,Quality Issue,11810
R13623,SO30743,P1562,21-Nov-2025,1,Quality Issue,54300
R13624,SO30233,P1800,01-Jun-2025,3,Defective,158280
R13625,SO60562,P1199,19-Sep-2025,11,Late Delivery,121770
R13626,SO65356,P1781,24-Nov-2025,1,Damaged,60780
R13627,SO68972,P1479,30-Jul-2025,6,Quality Issue,335280
R13628,SO36000,P1543,02-May-2025,13,Quality Issue,290810
R13629,SO65858,P1746,05-Oct-2025,1,Size Issue,63070
R13630,SO58601,P1361,23-Sep-2025,6,Damaged,290580
R13631,SO54840,P1085,09-Aug-2025,1,Quality Issue,57540
R13632,SO11729,P1230,12-Apr-2025,4,Size Issue,149320
R13633,SO52214,P1747,15-Jul-2025,9,Size Issue,9810
R13634,SO61535,P1409,08-Jun-2025,2,Wrong Item,82840
R13635,SO25349,P1708,31-Dec-2025,1,Quality Issue,23100
R13636,SO46452,P1587,03-May-2025,1,Late Delivery,42970
R13637,SO46499,P1528,17-Apr-2025,1,Quality Issue,38650
R13638,SO63328,P1984,22-Jul-2025,10,Size Issue,2400
R13639,SO48772,P1276,21-Sep-2025,1,Quality Issue,4480
R13640,SO66723,P1206,07-Mar-2025,6,Damaged,413040
R13641,SO22693,P1274,14-Apr-2025,5,Damaged,352950
R13642,SO21546,P1440,16-Jan-2026,8,Size Issue,187200
R13643,SO69738,P1941,15-Feb-2025,4,Not Required,227600
R13644,SO63474,P1764,19-Sep-2025,3,Defective,217560
R13645,SO11644,P1002,03-Feb-2025,12,Late Delivery,788880
R13646,SO65988,P1678,12-Feb-2025,2,Late Delivery,50820
R13647,SO16677,P1120,02-Nov-2025,1,Damaged,23360
R13648,SO56919,P1555,14-Jun-2025,2,Quality Issue,69960
R13649,SO30161,P1547,29-Mar-2025,1,Damaged,50640
R13650,SO58924,P1889,02-Oct-2025,15,Size Issue,126150
R13651,SO36937,P1791,11-Dec-2025,1,Damaged,60880
R13652,SO25461,P1579,17-Feb-2025,1,Quality Issue,9570
R13653,SO19863,P1117,10-Sep-2025,1,Quality Issue,63780
R13654,SO67758,P1080,09-Mar-2025,7,Wrong Item,313040
R13655,SO19672,P1419,26-Nov-2025,10,Not Required,793600
R13656,SO68509,P1815,21-Nov-2025,4,Wrong Item,102080
R13657,SO47040,P1299,16-Jan-2025,1,Damaged,22690
R13658,SO14082,P1911,15-May-2025,5,Size Issue,240150
R13659,SO37170,P1873,14-Feb-2025,3,Damaged,232350
R13660,SO61287,P1270,25-Sep-2025,3,Wrong Item,173940
R13661,SO23973,P1746,07-Sep-2025,1,Not Required,63070
R13662,SO42657,P1622,18-Jul-2025,16,Size Issue,1245120
R13663,SO19763,P1932,25-Mar-2025,13,Defective,878930
R13664,SO48904,P1104,23-Apr-2025,3,Late Delivery,21510
R13665,SO29925,P1318,06-Feb-2025,3,Not Required,203460
R13666,SO14550,P1391,19-Jun-2025,3,Defective,163200
R13667,SO38794,P1837,17-Jul-2025,10,Wrong Item,496400
R13668,SO16431,P1665,15-Jul-2025,10,Size Issue,558200
R13669,SO33361,P1016,21-Jun-2025,10,Damaged,92100
R13670,SO55068,P1423,14-Aug-2025,7,Not Required,92120
R13671,SO62142,P1653,14-Mar-2025,11,Wrong Item,787930
R13672,SO51332,P1992,07-Apr-2025,9,Size Issue,619560
R13673,SO41137,P1579,19-Feb-2025,13,Damaged,124410
R13674,SO56066,P1566,18-Oct-2025,11,Defective,252780
R13675,SO23113,P1109,16-Jul-2025,12,Not Required,529320
R13676,SO28302,P1779,27-Mar-2025,10,Damaged,106400
R13677,SO18184,P1926,23-Jan-2025,1,Not Required,570
R13678,SO32229,P1049,07-Apr-2025,6,Late Delivery,74940
R13679,SO69628,P1300,22-Nov-2025,6,Late Delivery,81840
R13680,SO36515,P1007,01-Oct-2025,15,Late Delivery,328950
R13681,SO12511,P1476,15-Apr-2025,5,Defective,103700
R13682,SO45957,P1602,04-Sep-2025,11,Size Issue,838310
R13683,SO14528,P1138,26-Mar-2025,10,Defective,533500
R13684,SO34574,P1496,28-Jul-2025,4,Damaged,222200
R13685,SO31028,P1659,06-Mar-2025,1,Not Required,44690
R13686,SO46138,P1765,13-Mar-2025,4,Size Issue,157160
R13687,SO69027,P1474,01-Apr-2025,1,Defective,69220
R13688,SO10567,P1617,30-Oct-2025,1,Defective,37550
R13689,SO48341,P1978,07-Jun-2025,3,Late Delivery,46020
R13690,SO63866,P1164,22-Oct-2025,3,Size Issue,27930
R13691,SO47379,P1807,20-Jan-2025,1,Defective,39340
R13692,SO40515,P1451,30-Nov-2025,15,Late Delivery,906600
R13693,SO23882,P1145,18-Jan-2026,6,Wrong Item,29340
R13694,SO40811,P1305,18-Apr-2025,3,Quality Issue,62700
R13695,SO42810,P1114,30-Oct-2025,4,Damaged,210080
R13696,SO24556,P1674,25-Jun-2025,4,Quality Issue,156080
R13697,SO15211,P1852,27-Mar-2025,1,Not Required,37160
R13698,SO57611,P1651,10-Aug-2025,10,Wrong Item,147700
R13699,SO26357,P1872,16-May-2025,7,Wrong Item,280000
R13700,SO60652,P1072,18-Feb-2025,4,Damaged,202080
R13701,SO44030,P1734,08-Aug-2025,17,Not Required,978690
R13702,SO42489,P1217,28-Dec-2025,2,Quality Issue,72200
R13703,SO52836,P1583,26-Mar-2025,2,Defective,101920
R13704,SO58715,P1857,15-Aug-2025,8,Late Delivery,477040
R13705,SO65460,P1522,25-Aug-2025,9,Wrong Item,52200
R13706,SO39570,P1800,10-Jun-2025,2,Defective,105520
R13707,SO64924,P1293,23-Aug-2025,3,Damaged,7230
R13708,SO41544,P1360,01-Aug-2025,14,Damaged,500780
R13709,SO35370,P1518,04-Apr-2025,4,Late Delivery,174560
R13710,SO39509,P1126,29-Aug-2025,2,Wrong Item,38780
R13711,SO13503,P1392,17-Aug-2025,1,Damaged,31450
R13712,SO32240,P1926,03-Mar-2025,11,Not Required,6270
R13713,SO44267,P1791,15-Feb-2025,1,Late Delivery,60880
R13714,SO26566,P1802,15-Dec-2025,4,Not Required,22800
R13715,SO44315,P1010,24-May-2025,4,Late Delivery,25240
R13716,SO49998,P1339,10-Feb-2025,6,Damaged,401100
R13717,SO47609,P1636,08-Mar-2025,12,Wrong Item,85320
R13718,SO66679,P1414,08-Mar-2025,1,Wrong Item,340
R13719,SO68076,P1066,22-Sep-2025,1,Quality Issue,21280
R13720,SO13057,P1336,21-Nov-2025,9,Late Delivery,131040
R13721,SO52162,P1744,01-Sep-2025,8,Damaged,23200
R13722,SO18445,P1614,03-Dec-2025,11,Defective,53790
R13723,SO51736,P1303,19-Oct-2025,8,Damaged,98960
R13724,SO55383,P1144,05-Aug-2025,3,Defective,208740
R13725,SO58405,P1217,21-Nov-2025,5,Damaged,180500
R13726,SO58106,P1028,27-May-2025,5,Defective,250600
R13727,SO52861,P1240,06-Mar-2025,2,Late Delivery,42080
R13728,SO62969,P1737,11-Apr-2025,11,Wrong Item,332860
R13729,SO37367,P1574,03-Feb-2025,5,Damaged,226800
R13730,SO14153,P1808,16-Mar-2025,4,Quality Issue,272880
R13731,SO20928,P1200,20-Sep-2025,2,Not Required,26180
R13732,SO66376,P1435,24-Oct-2025,2,Defective,95280
R13733,SO12898,P1106,05-Jun-2025,1,Damaged,44810
R13734,SO64099,P1943,27-Nov-2025,8,Not Required,341680
R13735,SO54877,P1582,14-Jun-2025,8,Defective,208960
R13736,SO59930,P1339,13-Mar-2025,5,Quality Issue,334250
R13737,SO39302,P1108,24-Aug-2025,13,Wrong Item,747500
R13738,SO39566,P1834,06-May-2025,8,Wrong Item,384800
R13739,SO23414,P1064,22-Apr-2025,1,Size Issue,4720
R13740,SO38233,P1716,15-Aug-2025,1,Late Delivery,34800
R13741,SO35648,P1536,08-Feb-2025,3,Damaged,174270
R13742,SO39446,P1522,29-Oct-2025,3,Late Delivery,17400
R13743,SO56205,P1687,28-Sep-2025,2,Defective,27300
R13744,SO39530,P1422,11-Feb-2025,18,Wrong Item,536400
R13745,SO22947,P1226,12-Jun-2025,4,Damaged,237280
R13746,SO18817,P1278,09-Aug-2025,14,Damaged,765940
R13747,SO46603,P1305,07-Nov-2025,7,Defective,146300
R13748,SO34502,P1665,20-Mar-2025,1,Size Issue,55820
R13749,SO68783,P1734,29-Dec-2025,7,Size Issue,402990
R13750,SO33446,P1413,15-Aug-2025,12,Late Delivery,87720
R13751,SO28875,P1733,20-Nov-2025,13,Not Required,626860
R13752,SO41658,P1077,23-Jun-2025,9,Defective,227790
R13753,SO27573,P1171,17-Jul-2025,7,Damaged,285250
R13754,SO31292,P1533,08-Sep-2025,6,Damaged,241500
R13755,SO14617,P1535,07-Jun-2025,1,Not Required,69700
R13756,SO62388,P1164,11-Feb-2025,12,Not Required,111720
R13757,SO61433,P1940,09-Nov-2025,3,Defective,215880
R13758,SO57649,P1739,20-Jun-2025,16,Defective,469120
R13759,SO65597,P1911,10-Jul-2025,8,Not Required,384240
R13760,SO35899,P1565,08-Sep-2025,5,Quality Issue,12500
R13761,SO10871,P1522,07-Oct-2025,4,Not Required,23200
R13762,SO46575,P1326,15-Jan-2025,2,Defective,22580
R13763,SO24224,P1580,21-Dec-2025,1,Size Issue,33450
R13764,SO19452,P1875,20-Nov-2025,8,Late Delivery,282720
R13765,SO60118,P1630,14-Jun-2025,3,Late Delivery,74880
R13766,SO30332,P1809,02-Feb-2025,11,Wrong Item,47850
R13767,SO49987,P1917,13-Jun-2025,1,Late Delivery,2480
R13768,SO68825,P1069,06-Apr-2025,1,Damaged,12660
R13769,SO33536,P1385,19-Jul-2025,13,Quality Issue,276380
R13770,SO35341,P1475,05-Feb-2025,1,Size Issue,17050
R13771,SO38312,P1728,15-Dec-2025,4,Size Issue,172280
R13772,SO51851,P1220,23-Feb-2025,3,Not Required,218190
R13773,SO51171,P1047,27-Jul-2025,2,Late Delivery,17620
R13774,SO39447,P1341,08-May-2025,6,Late Delivery,145260
R13775,SO16731,P1947,17-May-2025,8,Size Issue,284400
R13776,SO64212,P1362,21-Jul-2025,7,Wrong Item,455910
R13777,SO40240,P1010,30-Nov-2025,1,Quality Issue,6310
R13778,SO52068,P1220,19-Feb-2025,8,Wrong Item,581840
R13779,SO30263,P1717,14-Jan-2025,3,Quality Issue,137580
R13780,SO45125,P1683,16-Jan-2026,1,Late Delivery,60540
R13781,SO48577,P1997,17-Sep-2025,1,Quality Issue,26430
R13782,SO69880,P1479,07-Dec-2025,4,Defective,223520
R13783,SO52908,P1211,28-Jul-2025,2,Not Required,10260
R13784,SO54604,P1742,14-Feb-2025,14,Defective,1048740
R13785,SO23574,P1169,28-Feb-2025,6,Size Issue,372900
R13786,SO43527,P1256,13-Jul-2025,2,Not Required,19480
R13787,SO10528,P1400,27-Nov-2025,8,Quality Issue,540160
R13788,SO12808,P1959,19-Aug-2025,6,Defective,123420
R13789,SO16135,P1750,08-Jul-2025,10,Wrong Item,423400
R13790,SO32834,P1261,01-May-2025,5,Defective,54350
R13791,SO21472,P1914,06-Apr-2025,5,Late Delivery,336200
R13792,SO25147,P1172,04-Sep-2025,2,Defective,50700
R13793,SO24085,P1075,17-Apr-2025,9,Quality Issue,613620
R13794,SO66620,P1006,20-Jan-2025,6,Quality Issue,116640
R13795,SO55998,P1635,01-Nov-2025,8,Damaged,542880
R13796,SO62906,P1031,22-Jul-2025,2,Damaged,122480
R13797,SO37679,P1584,25-Dec-2025,7,Not Required,376180
R13798,SO18566,P1849,03-Dec-2025,5,Late Delivery,135700
R13799,SO20994,P1301,25-Feb-2025,18,Size Issue,420480
R13800,SO14500,P1648,11-Apr-2025,1,Damaged,65260
R13801,SO18661,P1514,15-Jun-2025,3,Size Issue,21390
R13802,SO65369,P1898,28-Feb-2025,9,Not Required,244350
R13803,SO13124,P1250,18-Apr-2025,1,Quality Issue,13870
R13804,SO16099,P1645,24-Jun-2025,6,Defective,371100
R13805,SO58710,P1739,20-May-2025,5,Quality Issue,146600
R13806,SO52075,P1526,04-Sep-2025,2,Wrong Item,12480
R13807,SO23222,P1194,08-Mar-2025,3,Wrong Item,19920
R13808,SO50683,P1869,25-Jan-2025,16,Size Issue,857120
R13809,SO68298,P1935,28-Nov-2025,2,Late Delivery,61880
R13810,SO23753,P1223,07-Aug-2025,2,Not Required,114900
R13811,SO10191,P1014,11-Feb-2025,1,Not Required,51050
R13812,SO37346,P1782,15-Mar-2025,2,Late Delivery,20960
R13813,SO40575,P1149,10-May-2025,10,Late Delivery,71500
R13814,SO57031,P1671,13-Jun-2025,6,Defective,97380
R13815,SO69234,P1901,06-Nov-2025,5,Damaged,15800
R13816,SO35706,P1042,14-Nov-2025,3,Size Issue,93090
R13817,SO40049,P1415,08-Apr-2025,5,Wrong Item,89100
R13818,SO31907,P1258,31-Jul-2025,7,Not Required,357000
R13819,SO61130,P1836,23-Mar-2025,1,Size Issue,55300
R13820,SO64241,P1801,07-Jan-2026,1,Quality Issue,65990
R13821,SO22874,P1830,14-Nov-2025,1,Not Required,25680
R13822,SO49953,P1377,13-Apr-2025,8,Defective,80000
R13823,SO52472,P1614,11-Nov-2025,2,Wrong Item,9780
R13824,SO57850,P1729,09-Mar-2025,1,Size Issue,9970
R13825,SO63283,P1709,27-Sep-2025,3,Late Delivery,46440
R13826,SO56528,P1407,25-Nov-2025,2,Damaged,124080
R13827,SO31686,P1965,13-Nov-2025,5,Not Required,29550
R13828,SO29024,P1994,03-Jul-2025,1,Damaged,50880
R13829,SO27279,P1698,16-Dec-2025,3,Wrong Item,197190
R13830,SO36909,P1498,27-Jan-2025,3,Defective,203580
R13831,SO27134,P1330,19-May-2025,9,Quality Issue,434070
R13832,SO50389,P1094,02-Nov-2025,16,Wrong Item,520960
R13833,SO50065,P1675,18-Jul-2025,4,Not Required,187400
R13834,SO18520,P1920,22-May-2025,1,Late Delivery,61930
R13835,SO38380,P1820,27-Jan-2025,4,Defective,30920
R13836,SO15383,P1527,07-Aug-2025,6,Damaged,7380
R13837,SO14656,P1705,13-Jan-2025,5,Late Delivery,368750
R13838,SO39423,P1846,09-Jun-2025,2,Wrong Item,113520
R13839,SO41672,P1715,28-Sep-2025,11,Size Issue,814770
R13840,SO45730,P1555,07-Sep-2025,12,Size Issue,419760
R13841,SO25013,P1320,24-Oct-2025,4,Damaged,105240
R13842,SO18561,P1641,16-Feb-2025,6,Wrong Item,149340
R13843,SO31483,P1914,17-Apr-2025,11,Quality Issue,739640
R13844,SO69161,P1243,29-Sep-2025,10,Quality Issue,775400
R13845,SO68732,P1488,01-Jan-2026,8,Defective,186080
R13846,SO28007,P1672,14-Oct-2025,5,Not Required,143800
R13847,SO47262,P1204,10-Mar-2025,6,Defective,95700
R13848,SO47778,P1659,26-May-2025,1,Wrong Item,44690
R13849,SO44863,P1689,01-Mar-2025,1,Quality Issue,49110
R13850,SO58560,P1228,19-Feb-2025,7,Not Required,337820
R13851,SO66649,P1663,04-Nov-2025,8,Wrong Item,326720
R13852,SO19057,P1360,07-Dec-2025,9,Late Delivery,321930
R13853,SO24054,P1020,14-Jun-2025,3,Not Required,186510
R13854,SO41929,P1753,12-Apr-2025,5,Size Issue,221450
R13855,SO27669,P1336,14-Jan-2025,10,Defective,145600
R13856,SO51939,P1324,19-Jan-2025,3,Damaged,201240
R13857,SO27686,P1041,06-Jul-2025,13,Size Issue,440830
R13858,SO55157,P1067,10-Jan-2025,4,Not Required,129520
R13859,SO14859,P1655,17-May-2025,4,Defective,29640
R13860,SO10681,P1953,15-Apr-2025,3,Defective,195480
R13861,SO55447,P1414,11-Jul-2025,5,Not Required,1700
R13862,SO45519,P1787,13-Apr-2025,8,Late Delivery,443760
R13863,SO48356,P1559,16-Mar-2025,6,Wrong Item,435720
R13864,SO30224,P1575,25-Mar-2025,16,Wrong Item,152800
R13865,SO20727,P1334,08-Jun-2025,2,Late Delivery,15020
R13866,SO52423,P1955,03-Feb-2025,1,Wrong Item,33720
R13867,SO58229,P1888,07-Feb-2025,1,Wrong Item,26190
R13868,SO31873,P1613,29-Nov-2025,16,Wrong Item,1222880
R13869,SO50024,P1589,12-Jan-2025,5,Not Required,83900
R13870,SO17962,P1401,27-Apr-2025,13,Not Required,500110
R13871,SO50194,P1135,15-Aug-2025,2,Late Delivery,103720
R13872,SO42690,P1148,15-Apr-2025,2,Late Delivery,110020
R13873,SO47704,P1601,08-Dec-2025,11,Defective,111430
R13874,SO13002,P1433,24-Oct-2025,6,Late Delivery,119460
R13875,SO15811,P1182,14-Jan-2025,1,Defective,63060
R13876,SO11023,P1821,24-Jul-2025,1,Size Issue,66160
R13877,SO22983,P1542,31-Dec-2025,7,Damaged,554680
R13878,SO33300,P1910,12-Apr-2025,7,Wrong Item,498960
R13879,SO66509,P1824,12-Sep-2025,5,Damaged,47200
R13880,SO57847,P1755,12-Jun-2025,3,Late Delivery,166470
R13881,SO45470,P1612,17-Jun-2025,5,Wrong Item,20200
R13882,SO38044,P1595,11-May-2025,7,Not Required,488530
R13883,SO66174,P1603,13-Dec-2025,3,Size Issue,112800
R13884,SO57785,P1450,15-Dec-2025,8,Wrong Item,83040
R13885,SO28610,P1055,05-Jan-2025,2,Not Required,126240
R13886,SO50905,P1381,20-Feb-2025,1,Quality Issue,23870
R13887,SO54836,P1113,26-Sep-2025,4,Quality Issue,147880
R13888,SO36580,P1191,29-Jul-2025,2,Wrong Item,125740
R13889,SO38973,P1573,29-Jan-2025,14,Defective,33460
R13890,SO46206,P1773,08-Aug-2025,5,Wrong Item,403150
R13891,SO40189,P1681,13-Apr-2025,1,Damaged,15460
R13892,SO65244,P1998,14-Feb-2025,7,Defective,213990
R13893,SO55366,P1775,01-Mar-2025,1,Late Delivery,68360
R13894,SO27770,P1823,06-Jun-2025,2,Size Issue,159880
R13895,SO23426,P1008,02-Jan-2026,16,Late Delivery,997440
R13896,SO21598,P1646,14-Nov-2025,3,Defective,156300
R13897,SO38048,P1067,05-Oct-2025,2,Wrong Item,64760
R13898,SO18412,P1254,16-Nov-2025,5,Damaged,223700
R13899,SO28930,P1472,04-Sep-2025,3,Quality Issue,28620
R13900,SO40501,P1284,14-Jul-2025,10,Defective,126900
R13901,SO33145,P1980,20-Jun-2025,1,Size Issue,43130
R13902,SO61503,P1997,03-Jul-2025,1,Damaged,26430
R13903,SO63813,P1509,17-Nov-2025,7,Size Issue,339780
R13904,SO44202,P1124,06-Nov-2025,8,Late Delivery,297360
R13905,SO19574,P1714,08-Jul-2025,5,Damaged,199250
R13906,SO24225,P1725,29-May-2025,8,Size Issue,160800
R13907,SO40850,P1979,06-Jul-2025,6,Late Delivery,311040
R13908,SO46876,P1128,23-Jan-2025,2,Wrong Item,143220
R13909,SO61856,P1517,17-Feb-2025,17,Wrong Item,343060
R13910,SO44224,P1942,22-May-2025,3,Defective,98490
R13911,SO54353,P1942,30-Jan-2025,4,Damaged,131320
R13912,SO64831,P1088,11-Aug-2025,6,Late Delivery,208800
R13913,SO59881,P1722,29-Sep-2025,3,Quality Issue,66210
R13914,SO31470,P1026,29-Jan-2025,3,Wrong Item,175590
R13915,SO18311,P1573,09-Dec-2025,13,Quality Issue,31070
R13916,SO25638,P1990,15-Jun-2025,1,Wrong Item,10210
R13917,SO32801,P1911,15-Mar-2025,3,Damaged,144090
R13918,SO35960,P1710,24-Aug-2025,1,Not Required,36020
R13919,SO54643,P1036,23-Sep-2025,12,Size Issue,92280
R13920,SO63723,P1284,01-Apr-2025,1,Quality Issue,12690
R13921,SO12099,P1368,02-Dec-2025,1,Defective,12850
R13922,SO18181,P1390,11-Sep-2025,4,Damaged,190800
R13923,SO59879,P1742,27-Oct-2025,3,Defective,224730
R13924,SO35994,P1603,07-Nov-2025,4,Wrong Item,150400
R13925,SO20606,P1405,31-Dec-2025,2,Defective,123140
R13926,SO15151,P1525,15-Nov-2025,4,Size Issue,99520
R13927,SO56935,P1279,15-Apr-2025,10,Defective,32600
R13928,SO44055,P1651,11-Dec-2025,1,Wrong Item,14770
R13929,SO48486,P1402,17-Sep-2025,1,Damaged,63670
R13930,SO20389,P1627,26-Mar-2025,1,Damaged,61590
R13931,SO26158,P1710,17-Nov-2025,2,Late Delivery,72040
R13932,SO53326,P1918,14-Jul-2025,12,Not Required,17640
R13933,SO54953,P1686,11-Jun-2025,9,Damaged,118980
R13934,SO60554,P1150,31-Dec-2025,7,Wrong Item,513940
R13935,SO18593,P1713,26-Aug-2025,6,Not Required,261480
R13936,SO40585,P1996,16-Sep-2025,3,Not Required,171660
R13937,SO69799,P1628,05-Sep-2025,6,Not Required,287340
R13938,SO56146,P1271,21-Jan-2025,2,Wrong Item,87020
R13939,SO16875,P1557,26-May-2025,5,Late Delivery,53050
R13940,SO27420,P1709,09-Jan-2026,2,Defective,30960
R13941,SO26597,P1067,17-Feb-2025,8,Wrong Item,259040
R13942,SO35596,P1941,02-Jan-2026,10,Defective,569000
R13943,SO58615,P1049,17-Aug-2025,9,Wrong Item,112410
R13944,SO21016,P1015,26-Jul-2025,1,Size Issue,45720
R13945,SO56924,P1568,08-Dec-2025,11,Defective,85140
R13946,SO33075,P1332,15-Aug-2025,3,Size Issue,166170
R13947,SO48932,P1809,19-Dec-2025,10,Size Issue,43500
R13948,SO27862,P1119,07-Dec-2025,1,Late Delivery,37740
R13949,SO22452,P1739,06-Apr-2025,4,Not Required,117280
R13950,SO36637,P1067,26-Jun-2025,2,Size Issue,64760
R13951,SO16144,P1572,13-Sep-2025,11,Size Issue,566940
R13952,SO60092,P1551,20-May-2025,6,Not Required,286920
R13953,SO53465,P1945,06-Mar-2025,3,Damaged,168990
R13954,SO43288,P1698,03-Apr-2025,11,Not Required,723030
R13955,SO24465,P1816,27-Dec-2025,4,Defective,80920
R13956,SO61985,P1803,22-Dec-2025,8,Damaged,367200
R13957,SO33625,P1989,14-Jul-2025,2,Defective,54860
R13958,SO16588,P1479,04-Oct-2025,7,Quality Issue,391160
R13959,SO36287,P1641,20-Jul-2025,6,Wrong Item,149340
R13960,SO41007,P1682,16-May-2025,1,Size Issue,24290
R13961,SO22571,P1424,19-Nov-2025,6,Defective,360360
R13962,SO20015,P1678,22-Mar-2025,1,Late Delivery,25410
R13963,SO31789,P1093,18-Jun-2025,2,Late Delivery,29500
R13964,SO19412,P1405,12-Mar-2025,3,Size Issue,184710
R13965,SO20665,P1078,04-Oct-2025,14,Wrong Item,190680
R13966,SO57012,P1210,17-Jul-2025,5,Quality Issue,263600
R13967,SO12150,P1546,22-Nov-2025,13,Late Delivery,614900
R13968,SO14520,P1131,12-Jul-2025,14,Wrong Item,71260
R13969,SO27307,P1254,23-Jun-2025,8,Not Required,357920
R13970,SO49819,P1265,27-Mar-2025,2,Damaged,75680
R13971,SO16337,P1120,17-Aug-2025,4,Late Delivery,93440
R13972,SO55782,P1797,29-Oct-2025,1,Wrong Item,5950
R13973,SO43568,P1607,18-Jun-2025,5,Wrong Item,356150
R13974,SO27222,P1734,30-Jul-2025,4,Damaged,230280
R13975,SO25207,P1941,30-Jun-2025,3,Defective,170700
R13976,SO45742,P1593,16-Aug-2025,9,Damaged,280350
R13977,SO28894,P1821,28-Feb-2025,9,Wrong Item,595440
R13978,SO62987,P1808,04-Nov-2025,8,Not Required,545760
R13979,SO48125,P1606,28-Feb-2025,1,Defective,18140
R13980,SO36774,P1025,08-Nov-2025,2,Wrong Item,76380
R13981,SO57229,P1537,25-Apr-2025,8,Wrong Item,206080
R13982,SO38356,P1722,28-Jan-2025,3,Not Required,66210
R13983,SO40916,P1494,07-Apr-2025,7,Damaged,181230
R13984,SO52696,P1677,14-Oct-2025,4,Damaged,258240
R13985,SO22121,P1229,30-Mar-2025,1,Quality Issue,450
R13986,SO31064,P1866,16-Jan-2026,11,Damaged,770330
R13987,SO41868,P1464,13-Dec-2025,1,Defective,8340
R13988,SO62052,P1437,13-May-2025,3,Not Required,184470
R13989,SO53388,P1518,23-Jan-2025,4,Late Delivery,174560
R13990,SO35861,P1683,10-Aug-2025,2,Wrong Item,121080
R13991,SO56650,P1966,17-Sep-2025,6,Late Delivery,360840
R13992,SO49213,P1694,08-May-2025,13,Not Required,869310
R13993,SO67925,P1065,31-Dec-2025,4,Size Issue,129080
R13994,SO41652,P1453,08-Mar-2025,5,Not Required,421950
R13995,SO64391,P1710,02-Jul-2025,5,Late Delivery,180100
R13996,SO61244,P1637,26-Jan-2025,1,Size Issue,7620
R13997,SO30297,P1665,11-Oct-2025,1,Quality Issue,55820
R13998,SO57458,P1041,27-Nov-2025,4,Late Delivery,135640
R13999,SO11583,P1128,25-Sep-2025,12,Quality Issue,859320
R14000,SO30977,P1266,22-Dec-2025,2,Late Delivery,16480
R14001,SO66531,P1742,31-May-2025,4,Not Required,299640
R14002,SO17741,P1414,03-Mar-2025,2,Wrong Item,680
R14003,SO27561,P1818,27-Dec-2025,11,Quality Issue,463320
R14004,SO49956,P1742,04-Jul-2025,8,Not Required,599280
R14005,SO35558,P1352,12-Sep-2025,14,Damaged,42420
R14006,SO15655,P1057,24-Apr-2025,3,Not Required,1260
R14007,SO48275,P1832,31-May-2025,2,Size Issue,39980
R14008,SO61979,P1202,18-Mar-2025,2,Wrong Item,139920
R14009,SO23104,P1472,29-Nov-2025,1,Quality Issue,9540
R14010,SO31842,P1355,22-Feb-2025,15,Size Issue,884550
R14011,SO68154,P1401,26-Jul-2025,1,Damaged,38470
R14012,SO30521,P1929,06-Jun-2025,17,Damaged,910520
R14013,SO64058,P1752,01-Oct-2025,6,Defective,182760
R14014,SO21018,P1030,18-Sep-2025,1,Quality Issue,21700
R14015,SO12505,P1824,19-Mar-2025,2,Defective,18880
R14016,SO27455,P1551,21-Jul-2025,1,Not Required,47820
R14017,SO10664,P1423,14-Mar-2025,2,Quality Issue,26320
R14018,SO45626,P1126,08-Jul-2025,12,Defective,232680
R14019,SO15188,P1589,07-Jul-2025,2,Quality Issue,33560
R14020,SO28245,P1556,09-Feb-2025,2,Quality Issue,89980
R14021,SO20609,P1022,16-Jan-2025,12,Size Issue,298080
R14022,SO10639,P1663,19-Aug-2025,7,Late Delivery,285880
R14023,SO35420,P1300,05-Jan-2026,9,Size Issue,122760
R14024,SO58134,P1191,14-Mar-2025,9,Damaged,565830
R14025,SO14792,P1669,04-Apr-2025,10,Defective,354800
R14026,SO37264,P1682,13-May-2025,11,Late Delivery,267190
R14027,SO12284,P1703,21-Oct-2025,1,Wrong Item,37280
R14028,SO43030,P1948,23-Nov-2025,9,Damaged,287100
R14029,SO68264,P1155,13-Oct-2025,1,Not Required,590
R14030,SO18495,P1983,27-Aug-2025,1,Defective,82620
R14031,SO59080,P1314,27-Jul-2025,8,Damaged,39840
R14032,SO15038,P1869,17-Aug-2025,4,Defective,214280
R14033,SO65303,P1555,26-Oct-2025,15,Wrong Item,524700
R14034,SO64861,P1776,05-Feb-2025,1,Not Required,65890
R14035,SO24468,P1397,27-Jun-2025,7,Defective,295260
R14036,SO42015,P1878,15-Oct-2025,15,Wrong Item,8550
R14037,SO19729,P1692,23-Apr-2025,4,Not Required,220520
R14038,SO43154,P1665,22-Apr-2025,1,Defective,55820
R14039,SO21639,P1997,20-May-2025,1,Late Delivery,26430
R14040,SO66808,P1860,05-Jun-2025,2,Size Issue,135340
R14041,SO56364,P1135,16-Jun-2025,13,Not Required,674180
R14042,SO47594,P1049,05-Mar-2025,10,Defective,124900
R14043,SO22233,P1295,30-Aug-2025,4,Not Required,21600
R14044,SO25896,P1878,27-Sep-2025,14,Quality Issue,7980
R14045,SO49797,P1045,21-Sep-2025,7,Late Delivery,311080
R14046,SO16784,P1162,06-Feb-2025,11,Not Required,209000
R14047,SO13229,P1517,28-Feb-2025,9,Size Issue,181620
R14048,SO16549,P1219,30-Aug-2025,13,Damaged,27170
R14049,SO54552,P1192,27-Feb-2025,5,Wrong Item,19250
R14050,SO43419,P1171,20-May-2025,4,Wrong Item,163000
R14051,SO17064,P1900,07-Feb-2025,6,Damaged,409320
R14052,SO32566,P1729,05-Oct-2025,10,Defective,99700
R14053,SO22046,P1870,27-Mar-2025,4,Not Required,23560
R14054,SO19341,P1791,03-Dec-2025,1,Quality Issue,60880
R14055,SO63818,P1516,18-Dec-2025,2,Quality Issue,48800
R14056,SO68576,P1818,03-Nov-2025,7,Not Required,294840
R14057,SO14411,P1875,08-May-2025,4,Damaged,141360
R14058,SO49931,P1917,13-Oct-2025,3,Quality Issue,7440
R14059,SO68419,P1715,27-May-2025,2,Late Delivery,148140
R14060,SO57337,P1271,16-Nov-2025,4,Quality Issue,174040
R14061,SO10791,P1345,01-Mar-2025,12,Quality Issue,180720
R14062,SO25217,P1371,27-Apr-2025,10,Defective,749800
R14063,SO65639,P1180,25-Aug-2025,5,Late Delivery,321500
R14064,SO37002,P1798,24-Apr-2025,7,Defective,385700
R14065,SO44703,P1782,12-Sep-2025,18,Late Delivery,188640
R14066,SO35986,P1600,19-Jun-2025,10,Damaged,23300
R14067,SO67780,P1461,30-Sep-2025,1,Defective,12600
R14068,SO16646,P1438,08-Nov-2025,12,Quality Issue,272280
R14069,SO64069,P1563,05-Aug-2025,9,Defective,307350
R14070,SO51053,P1864,04-Jul-2025,13,Wrong Item,628290
R14071,SO21609,P1586,23-Dec-2025,2,Quality Issue,99200
R14072,SO35963,P1165,06-Sep-2025,2,Damaged,36720
R14073,SO45984,P1940,10-Feb-2025,5,Size Issue,359800
R14074,SO44992,P1964,15-May-2025,7,Damaged,426930
R14075,SO69067,P1843,02-Feb-2025,12,Size Issue,475080
R14076,SO61201,P1927,09-Jan-2026,1,Not Required,28000
R14077,SO66656,P1367,09-Mar-2025,4,Quality Issue,261560
R14078,SO54266,P1144,26-May-2025,4,Damaged,278320
R14079,SO15856,P1555,04-Nov-2025,6,Late Delivery,209880
R14080,SO39116,P1968,19-Nov-2025,5,Defective,227750
R14081,SO21102,P1090,05-Mar-2025,4,Damaged,222720
R14082,SO17226,P1817,13-Apr-2025,14,Quality Issue,1051960
R14083,SO49452,P1090,15-Sep-2025,2,Damaged,111360
R14084,SO20813,P1417,21-Mar-2025,4,Size Issue,66480
R14085,SO27961,P1609,14-May-2025,1,Wrong Item,7320
R14086,SO25825,P1108,14-Nov-2025,3,Size Issue,172500
R14087,SO60203,P1106,01-Jan-2026,9,Late Delivery,403290
R14088,SO47603,P1091,17-Jul-2025,10,Size Issue,176300
R14089,SO10706,P1529,19-Feb-2025,11,Size Issue,717640
R14090,SO63894,P1802,15-Jun-2025,6,Size Issue,34200
R14091,SO46335,P1497,12-Mar-2025,3,Quality Issue,129990
R14092,SO27710,P1279,16-Jun-2025,8,Wrong Item,26080
R14093,SO18331,P1248,22-Oct-2025,3,Size Issue,115620
R14094,SO66532,P1760,29-Nov-2025,3,Not Required,211920
R14095,SO43230,P1095,19-Nov-2025,3,Size Issue,66000
R14096,SO26301,P1831,10-Oct-2025,3,Late Delivery,131250
R14097,SO35649,P1861,15-Feb-2025,3,Wrong Item,160140
R14098,SO61567,P1785,20-Nov-2025,3,Late Delivery,61620
R14099,SO29613,P1705,16-Dec-2025,13,Wrong Item,958750
R14100,SO15194,P1842,15-Oct-2025,4,Not Required,245320
R14101,SO54598,P1072,23-Dec-2025,2,Size Issue,101040
R14102,SO63079,P1578,15-Feb-2025,16,Not Required,115360
R14103,SO28562,P1183,28-Jan-2025,1,Damaged,13060
R14104,SO40390,P1746,15-Feb-2025,6,Damaged,378420
R14105,SO44340,P1350,27-Sep-2025,2,Late Delivery,100520
R14106,SO46608,P1340,23-Sep-2025,8,Quality Issue,358320
R14107,SO66714,P1447,22-Mar-2025,5,Defective,105250
R14108,SO45975,P1721,30-May-2025,7,Quality Issue,436100
R14109,SO29688,P1679,12-May-2025,10,Wrong Item,729200
R14110,SO13113,P1378,10-Apr-2025,1,Wrong Item,12410
R14111,SO69502,P1865,02-Oct-2025,2,Not Required,148560
R14112,SO20361,P1847,19-Aug-2025,10,Late Delivery,91500
R14113,SO19244,P1659,25-Sep-2025,5,Size Issue,223450
R14114,SO43318,P1201,06-Dec-2025,18,Damaged,1434060
R14115,SO13102,P1080,20-Jan-2025,17,Late Delivery,760240
R14116,SO44897,P1855,22-Dec-2025,2,Wrong Item,148440
R14117,SO48821,P1721,12-Feb-2025,1,Late Delivery,62300
R14118,SO45836,P1984,30-Dec-2025,6,Defective,1440
R14119,SO59206,P1057,19-Apr-2025,1,Defective,420
R14120,SO66035,P1205,10-Oct-2025,8,Damaged,30800
R14121,SO59429,P1817,26-Oct-2025,3,Late Delivery,225420
R14122,SO18609,P1016,05-Jul-2025,2,Late Delivery,18420
R14123,SO54175,P1491,22-Dec-2025,8,Wrong Item,611360
R14124,SO18770,P1873,03-Jul-2025,2,Not Required,154900
R14125,SO30683,P1967,03-Nov-2025,2,Late Delivery,130120
R14126,SO68303,P1241,21-Jan-2025,2,Quality Issue,94820
R14127,SO57269,P1012,02-Sep-2025,9,Not Required,569790
R14128,SO61191,P1037,19-Aug-2025,10,Quality Issue,425900
R14129,SO62721,P1386,10-Sep-2025,3,Late Delivery,115800
R14130,SO18855,P1144,07-Apr-2025,2,Damaged,139160
R14131,SO17206,P1368,28-Apr-2025,13,Size Issue,167050
R14132,SO31307,P1771,21-Mar-2025,4,Not Required,195640
R14133,SO32340,P1794,26-May-2025,6,Defective,36120
R14134,SO39606,P1202,18-Nov-2025,8,Size Issue,559680
R14135,SO54839,P1070,26-Oct-2025,9,Damaged,660870
R14136,SO63641,P1640,30-Mar-2025,12,Size Issue,311760
R14137,SO63898,P1893,22-Apr-2025,4,Not Required,6720
R14138,SO10923,P1127,06-Apr-2025,2,Not Required,28080
R14139,SO44309,P1244,24-Dec-2025,5,Defective,130150
R14140,SO23212,P1374,08-Mar-2025,1,Wrong Item,51750
R14141,SO63563,P1131,27-Jan-2025,7,Wrong Item,35630
R14142,SO64106,P1296,23-Apr-2025,4,Wrong Item,229960
R14143,SO63505,P1486,07-Dec-2025,6,Defective,387660
R14144,SO67506,P1723,20-Jan-2025,1,Quality Issue,13430
R14145,SO49117,P1220,07-Apr-2025,10,Quality Issue,727300
R14146,SO35121,P1218,22-Jul-2025,17,Late Delivery,265710
R14147,SO36582,P1819,16-Jan-2025,1,Wrong Item,61040
R14148,SO17667,P1674,16-Dec-2025,2,Late Delivery,78040
R14149,SO36612,P1219,20-Dec-2025,2,Wrong Item,4180
R14150,SO31858,P1353,26-Nov-2025,14,Wrong Item,136080
R14151,SO65577,P1251,03-Nov-2025,7,Not Required,337540
R14152,SO10647,P1276,15-Apr-2025,1,Not Required,4480
R14153,SO20682,P1798,01-Jan-2026,11,Defective,606100
R14154,SO28736,P1883,18-Sep-2025,6,Size Issue,333900
R14155,SO45275,P1343,26-Mar-2025,6,Wrong Item,319200
R14156,SO54057,P1031,15-Mar-2025,1,Late Delivery,61240
R14157,SO49209,P1770,18-Oct-2025,7,Defective,117600
R14158,SO69641,P1075,11-Mar-2025,9,Not Required,613620
R14159,SO35262,P1969,13-Dec-2025,1,Size Issue,47570
R14160,SO57258,P1592,15-Jan-2025,7,Defective,559860
R14161,SO46768,P1423,30-Apr-2025,8,Defective,105280
R14162,SO32131,P1847,30-Nov-2025,5,Defective,45750
R14163,SO44523,P1977,17-May-2025,5,Wrong Item,311150
R14164,SO28078,P1767,30-Dec-2025,3,Quality Issue,152940
R14165,SO68356,P1181,07-Jun-2025,8,Quality Issue,257440
R14166,SO18973,P1467,12-Feb-2025,3,Quality Issue,85830
R14167,SO41461,P1506,10-May-2025,5,Damaged,98150
R14168,SO65199,P1686,23-Sep-2025,11,Size Issue,145420
R14169,SO31160,P1520,02-May-2025,1,Damaged,3590
R14170,SO58258,P1455,03-Apr-2025,1,Not Required,32750
R14171,SO63881,P1300,30-May-2025,1,Late Delivery,13640
R14172,SO26726,P1436,10-Dec-2025,4,Quality Issue,4080
R14173,SO35434,P1407,18-Dec-2025,5,Not Required,310200
R14174,SO64178,P1053,26-Feb-2025,1,Defective,29320
R14175,SO14194,P1107,22-Jan-2025,1,Quality Issue,1890
R14176,SO14462,P1292,19-Jul-2025,16,Size Issue,766240
R14177,SO52698,P1769,27-Aug-2025,1,Damaged,43130
R14178,SO30759,P1468,23-Jan-2025,7,Quality Issue,50610
R14179,SO37707,P1728,10-Apr-2025,6,Not Required,258420
R14180,SO15311,P1635,26-Aug-2025,3,Size Issue,203580
R14181,SO40403,P1211,27-Dec-2025,14,Quality Issue,71820
R14182,SO21322,P1948,01-Nov-2025,17,Defective,542300
R14183,SO36968,P1387,26-Jul-2025,5,Quality Issue,211250
R14184,SO30315,P1211,23-Oct-2025,4,Not Required,20520
R14185,SO25375,P1984,05-Feb-2025,2,Defective,480
R14186,SO60222,P1225,07-Dec-2025,3,Defective,94530
R14187,SO57809,P1888,31-May-2025,9,Defective,235710
R14188,SO20165,P1118,06-Dec-2025,6,Not Required,93240
R14189,SO66246,P1236,03-Dec-2025,3,Quality Issue,174900
R14190,SO18248,P1105,26-Feb-2025,13,Wrong Item,920790
R14191,SO47649,P1999,25-Mar-2025,1,Late Delivery,35170
R14192,SO31965,P1295,25-Jul-2025,3,Late Delivery,16200
R14193,SO62050,P1591,23-Mar-2025,9,Quality Issue,6930
R14194,SO42611,P1525,06-Feb-2025,4,Damaged,99520
R14195,SO51467,P1792,12-Nov-2025,4,Quality Issue,260200
R14196,SO62013,P1022,15-Dec-2025,1,Wrong Item,24840
R14197,SO47032,P1721,01-Jan-2026,5,Damaged,311500
R14198,SO64080,P1355,23-Apr-2025,1,Damaged,58970
R14199,SO49663,P1183,05-Dec-2025,3,Damaged,39180
R14200,SO20307,P1534,19-May-2025,1,Damaged,14930
R14201,SO19414,P1122,15-Dec-2025,14,Size Issue,619640
R14202,SO14440,P1445,18-Jan-2025,15,Damaged,37350
R14203,SO37627,P1469,26-Jul-2025,8,Size Issue,316160
R14204,SO13999,P1130,04-Dec-2025,12,Late Delivery,325320
R14205,SO59483,P1110,06-Sep-2025,10,Defective,449300
R14206,SO37306,P1615,16-Sep-2025,1,Wrong Item,17110
R14207,SO55426,P1745,08-Nov-2025,3,Not Required,213360
R14208,SO30841,P1734,02-Aug-2025,10,Wrong Item,575700
R14209,SO25063,P1610,20-Mar-2025,3,Late Delivery,168960
R14210,SO66980,P1709,03-Apr-2025,4,Not Required,61920
R14211,SO23250,P1784,10-Oct-2025,1,Quality Issue,49860
R14212,SO52675,P1081,25-Apr-2025,7,Quality Issue,520380
R14213,SO32728,P1198,05-Jan-2026,11,Damaged,198440
R14214,SO14428,P1117,22-Apr-2025,1,Wrong Item,63780
R14215,SO30847,P1140,27-May-2025,3,Late Delivery,105870
R14216,SO16262,P1952,23-Jul-2025,1,Late Delivery,37450
R14217,SO36486,P1167,16-Sep-2025,1,Size Issue,22070
R14218,SO19276,P1061,29-Jan-2025,7,Defective,268870
R14219,SO63341,P1906,17-Apr-2025,8,Wrong Item,1120
R14220,SO27751,P1945,20-Aug-2025,11,Late Delivery,619630
R14221,SO23123,P1675,28-Feb-2025,9,Size Issue,421650
R14222,SO13257,P1315,10-Apr-2025,1,Defective,65430
R14223,SO17148,P1738,19-Feb-2025,15,Damaged,172350
R14224,SO33889,P1623,23-Jun-2025,3,Damaged,205470
R14225,SO41312,P1560,08-Aug-2025,5,Wrong Item,44200
R14226,SO50760,P1833,27-May-2025,2,Late Delivery,61160
R14227,SO17057,P1983,19-Sep-2025,17,Not Required,1404540
R14228,SO42300,P1662,17-Apr-2025,10,Defective,699100
R14229,SO19208,P1492,13-Sep-2025,5,Wrong Item,213200
R14230,SO41178,P1372,22-May-2025,1,Wrong Item,5910
R14231,SO13604,P1169,13-May-2025,8,Size Issue,497200
R14232,SO43726,P1696,30-May-2025,2,Not Required,92440
R14233,SO48358,P1965,25-Feb-2025,6,Not Required,35460
R14234,SO31153,P1639,01-Oct-2025,3,Wrong Item,194220
R14235,SO19592,P1772,30-Mar-2025,4,Late Delivery,212800
R14236,SO25661,P1864,03-Apr-2025,7,Wrong Item,338310
R14237,SO10178,P1320,21-Mar-2025,3,Size Issue,78930
R14238,SO52910,P1196,28-Apr-2025,4,Not Required,119760
R14239,SO65946,P1485,28-Dec-2025,1,Size Issue,54010
R14240,SO13935,P1115,19-Mar-2025,3,Size Issue,47550
R14241,SO65211,P1579,06-Oct-2025,1,Defective,9570
R14242,SO27365,P1948,02-Nov-2025,9,Quality Issue,287100
R14243,SO46675,P1730,18-Apr-2025,9,Not Required,208800
R14244,SO64040,P1266,23-May-2025,5,Size Issue,41200
R14245,SO52035,P1030,10-Dec-2025,10,Damaged,217000
R14246,SO46572,P1662,02-Oct-2025,2,Quality Issue,139820
R14247,SO10163,P1870,29-Apr-2025,1,Late Delivery,5890
R14248,SO44436,P1080,02-Oct-2025,4,Late Delivery,178880
R14249,SO16367,P1420,02-Sep-2025,5,Not Required,36900
R14250,SO12833,P1650,22-Jun-2025,10,Late Delivery,462400
R14251,SO31151,P1622,18-Feb-2025,16,Defective,1245120
R14252,SO15386,P1074,14-Dec-2025,1,Late Delivery,47610
R14253,SO50206,P1144,14-Sep-2025,11,Late Delivery,765380
R14254,SO33194,P1801,30-Aug-2025,15,Size Issue,989850
R14255,SO31087,P1657,06-Jun-2025,4,Not Required,302960
R14256,SO36902,P1364,30-Aug-2025,12,Quality Issue,232680
R14257,SO10725,P1736,23-Jul-2025,3,Wrong Item,140100
R14258,SO22774,P1993,04-Jul-2025,7,Quality Issue,140980
R14259,SO40539,P1574,28-Jan-2025,4,Size Issue,181440
R14260,SO31733,P1817,10-Mar-2025,3,Defective,225420
R14261,SO30615,P1036,05-May-2025,2,Not Required,15380
R14262,SO45946,P1660,20-Jul-2025,1,Not Required,16270
R14263,SO24264,P1076,29-Dec-2025,13,Not Required,5720
R14264,SO51330,P1324,16-Nov-2025,6,Size Issue,402480
R14265,SO39469,P1622,11-May-2025,3,Wrong Item,233460
R14266,SO69033,P1163,12-Sep-2025,2,Size Issue,38340
R14267,SO53431,P1062,19-Jul-2025,7,Quality Issue,431760
R14268,SO45418,P1998,10-May-2025,4,Damaged,122280
R14269,SO38311,P1185,20-Nov-2025,5,Not Required,64600
R14270,SO37651,P1206,27-Sep-2025,3,Wrong Item,206520
R14271,SO50984,P2000,02-Jan-2026,4,Not Required,283200
R14272,SO53050,P1193,10-Oct-2025,1,Not Required,18770
R14273,SO14947,P1683,14-Dec-2025,16,Defective,968640
R14274,SO20722,P1269,16-Jul-2025,1,Quality Issue,22230
R14275,SO40387,P1790,13-May-2025,16,Late Delivery,946720
R14276,SO26011,P1332,02-Feb-2025,3,Defective,166170
R14277,SO49482,P1274,09-Feb-2025,6,Quality Issue,423540
R14278,SO21191,P1953,01-Jul-2025,10,Defective,651600
R14279,SO38549,P1756,19-May-2025,7,Late Delivery,450310
R14280,SO30757,P1680,08-May-2025,15,Late Delivery,665850
R14281,SO60588,P1187,11-Jan-2026,3,Size Issue,88230
R14282,SO13818,P1579,12-Jan-2026,1,Wrong Item,9570
R14283,SO15249,P1475,25-Jan-2025,1,Wrong Item,17050
R14284,SO50783,P1789,11-Jul-2025,4,Wrong Item,86120
R14285,SO30398,P1392,04-Nov-2025,5,Quality Issue,157250
R14286,SO38946,P1193,01-Oct-2025,7,Defective,131390
R14287,SO56202,P1598,07-May-2025,4,Damaged,153840
R14288,SO65377,P1346,01-Jun-2025,1,Late Delivery,55560
R14289,SO17216,P1036,23-Nov-2025,9,Damaged,69210
R14290,SO51447,P1037,31-Oct-2025,7,Size Issue,298130
R14291,SO25568,P1639,04-Dec-2025,15,Wrong Item,971100
R14292,SO12949,P1003,07-Mar-2025,2,Defective,88400
R14293,SO15480,P1595,10-Apr-2025,5,Damaged,348950
R14294,SO40393,P1155,03-Feb-2025,4,Not Required,2360
R14295,SO30997,P1365,16-Jul-2025,2,Defective,140360
R14296,SO44288,P1973,08-Feb-2025,1,Not Required,17690
R14297,SO34681,P1769,13-Mar-2025,10,Not Required,431300
R14298,SO13145,P1650,13-May-2025,6,Damaged,277440
R14299,SO25807,P1024,28-May-2025,1,Not Required,67470
R14300,SO69144,P1659,14-Mar-2025,8,Damaged,357520
R14301,SO67453,P1934,27-Oct-2025,5,Defective,234650
R14302,SO14736,P1516,12-Mar-2025,3,Damaged,73200
R14303,SO63133,P1385,06-Dec-2025,8,Defective,170080
R14304,SO53701,P1553,05-May-2025,13,Late Delivery,184730
R14305,SO30013,P1538,16-Nov-2025,1,Size Issue,80160
R14306,SO40701,P1022,17-Aug-2025,7,Damaged,173880
R14307,SO27393,P1309,02-Dec-2025,9,Not Required,306270
R14308,SO52462,P1821,04-Aug-2025,5,Defective,330800
R14309,SO41760,P1030,30-May-2025,2,Size Issue,43400
R14310,SO28308,P1353,20-Jul-2025,9,Damaged,87480
R14311,SO43417,P1803,12-Feb-2025,7,Damaged,321300
R14312,SO28210,P1419,07-Dec-2025,7,Defective,555520
R14313,SO21281,P1378,09-Jul-2025,5,Late Delivery,62050
R14314,SO34464,P1458,05-Mar-2025,3,Wrong Item,167370
R14315,SO25280,P1546,26-Jun-2025,6,Defective,283800
R14316,SO52875,P1008,19-Nov-2025,1,Defective,62340
R14317,SO57451,P1075,21-Jul-2025,1,Not Required,68180
R14318,SO33802,P1286,19-Jan-2025,13,Not Required,1109680
R14319,SO65794,P1084,22-Jul-2025,2,Quality Issue,151600
R14320,SO15893,P1073,22-Mar-2025,4,Not Required,214000
R14321,SO22587,P1738,25-Apr-2025,6,Defective,68940
R14322,SO40408,P1805,10-Jul-2025,2,Not Required,61020
R14323,SO19520,P1518,15-Aug-2025,13,Not Required,567320
R14324,SO23245,P1709,12-Nov-2025,5,Defective,77400
R14325,SO44013,P1879,28-Jul-2025,1,Late Delivery,50660
R14326,SO13794,P1343,09-Sep-2025,1,Size Issue,53200
R14327,SO34070,P1285,09-Feb-2025,4,Damaged,146400
R14328,SO66249,P1376,18-Nov-2025,15,Damaged,990600
R14329,SO56824,P1590,06-May-2025,5,Damaged,175950
R14330,SO19718,P1784,14-Jul-2025,3,Size Issue,149580
R14331,SO56902,P1416,03-Jan-2026,15,Damaged,70800
R14332,SO37982,P1338,19-Jan-2025,4,Not Required,21600
R14333,SO62298,P1698,17-Oct-2025,7,Wrong Item,460110
R14334,SO27452,P1612,26-Feb-2025,5,Defective,20200
R14335,SO25430,P1235,01-Sep-2025,9,Size Issue,494280
R14336,SO21172,P1089,06-Oct-2025,13,Quality Issue,420420
R14337,SO12166,P1498,19-Dec-2025,15,Wrong Item,1017900
R14338,SO60701,P1926,06-Apr-2025,13,Size Issue,7410
R14339,SO54878,P1094,30-Oct-2025,14,Damaged,455840
R14340,SO26710,P1955,15-Feb-2025,1,Late Delivery,33720
R14341,SO63042,P1497,20-Jul-2025,3,Size Issue,129990
R14342,SO29319,P1700,16-Nov-2025,5,Not Required,139300
R14343,SO68563,P1982,03-Sep-2025,5,Wrong Item,236750
R14344,SO41014,P1183,11-Apr-2025,1,Damaged,13060
R14345,SO29734,P1370,22-Nov-2025,6,Not Required,27180
R14346,SO20198,P1350,07-May-2025,11,Late Delivery,552860
R14347,SO39921,P1876,19-Oct-2025,2,Wrong Item,46540
R14348,SO12477,P1800,24-May-2025,3,Late Delivery,158280
R14349,SO39425,P1584,29-Dec-2025,3,Wrong Item,161220
R14350,SO69042,P1137,26-Apr-2025,12,Damaged,144480
R14351,SO55947,P1815,25-Nov-2025,2,Late Delivery,51040
R14352,SO32773,P1630,05-Nov-2025,1,Damaged,24960
R14353,SO65482,P1024,26-Mar-2025,2,Late Delivery,134940
R14354,SO48458,P1040,25-Oct-2025,4,Defective,70080
R14355,SO19683,P1524,21-Sep-2025,14,Damaged,831040
R14356,SO33972,P1532,26-Dec-2025,5,Late Delivery,86200
R14357,SO51483,P1343,10-Mar-2025,2,Late Delivery,106400
R14358,SO59729,P1643,25-Dec-2025,4,Late Delivery,270800
R14359,SO48670,P1772,22-Apr-2025,8,Size Issue,425600
R14360,SO51143,P1069,05-Mar-2025,8,Damaged,101280
R14361,SO16321,P1327,21-Nov-2025,10,Damaged,41000
R14362,SO57327,P1975,16-Feb-2025,1,Damaged,23860
R14363,SO53089,P1509,28-Oct-2025,3,Late Delivery,145620
R14364,SO67602,P1529,14-Aug-2025,1,Quality Issue,65240
R14365,SO21962,P1652,03-Apr-2025,7,Size Issue,466480
R14366,SO22709,P1442,14-Sep-2025,5,Not Required,99400
R14367,SO69767,P1589,16-Aug-2025,3,Wrong Item,50340
R14368,SO34666,P1974,14-Jul-2025,7,Wrong Item,330260
R14369,SO57621,P1936,16-May-2025,4,Defective,95640
R14370,SO20438,P1228,11-Sep-2025,6,Quality Issue,289560
R14371,SO11615,P1606,09-May-2025,1,Late Delivery,18140
R14372,SO68159,P1994,06-Mar-2025,1,Damaged,50880
R14373,SO64256,P1610,22-Jun-2025,5,Quality Issue,281600
R14374,SO63368,P1154,14-May-2025,2,Defective,49120
R14375,SO61426,P1909,30-Jan-2025,4,Quality Issue,54120
R14376,SO64713,P1596,18-May-2025,2,Damaged,74420
R14377,SO66088,P1054,16-Jul-2025,11,Not Required,230560
R14378,SO69676,P1645,07-Jul-2025,5,Defective,309250
R14379,SO50774,P1043,19-Jan-2025,3,Defective,89460
R14380,SO30148,P1201,03-Dec-2025,1,Late Delivery,79670
R14381,SO53459,P1477,12-Oct-2025,14,Wrong Item,238420
R14382,SO20423,P1969,15-Jan-2025,9,Quality Issue,428130
R14383,SO31053,P1566,20-Jan-2025,4,Wrong Item,91920
R14384,SO57835,P1104,28-Jul-2025,1,Not Required,7170
R14385,SO37352,P1055,16-Sep-2025,1,Wrong Item,63120
R14386,SO68712,P1842,28-Sep-2025,3,Late Delivery,183990
R14387,SO65431,P1884,02-Aug-2025,1,Damaged,14610
R14388,SO59197,P1488,06-Aug-2025,4,Not Required,93040
R14389,SO15808,P1697,29-Mar-2025,3,Wrong Item,188310
R14390,SO55973,P1245,02-Sep-2025,5,Damaged,283400
R14391,SO31277,P1368,20-Apr-2025,5,Size Issue,64250
R14392,SO10536,P1537,21-Mar-2025,11,Defective,283360
R14393,SO37494,P1385,18-Apr-2025,8,Damaged,170080
R14394,SO33991,P1408,18-Nov-2025,14,Size Issue,771820
R14395,SO13074,P1675,16-Dec-2025,1,Defective,46850
R14396,SO42693,P1197,10-Dec-2025,9,Damaged,414540
R14397,SO40319,P1307,09-May-2025,9,Defective,588510
R14398,SO12567,P1909,27-Dec-2025,2,Quality Issue,27060
R14399,SO24837,P1754,28-Jan-2025,1,Late Delivery,860
R14400,SO10475,P1783,04-Dec-2025,1,Not Required,31840
R14401,SO53988,P1850,04-Mar-2025,8,Not Required,104080
R14402,SO30575,P1252,25-Nov-2025,9,Wrong Item,136350
R14403,SO61896,P1506,13-Aug-2025,8,Late Delivery,157040
R14404,SO18478,P1784,06-Aug-2025,1,Quality Issue,49860
R14405,SO13766,P1883,21-Jun-2025,11,Damaged,612150
R14406,SO13711,P1341,12-Nov-2025,7,Damaged,169470
R14407,SO19558,P1031,12-May-2025,2,Not Required,122480
R14408,SO36893,P1955,04-Dec-2025,18,Wrong Item,606960
R14409,SO48250,P1211,10-Aug-2025,11,Wrong Item,56430
R14410,SO24498,P1902,15-May-2025,12,Quality Issue,684720
R14411,SO68365,P1095,06-Jan-2026,12,Not Required,264000
R14412,SO60020,P1315,21-Aug-2025,2,Late Delivery,130860
R14413,SO18395,P1558,12-May-2025,8,Size Issue,223600
R14414,SO42974,P1888,03-May-2025,3,Not Required,78570
R14415,SO38700,P1396,09-Mar-2025,4,Size Issue,30400
R14416,SO23542,P1473,26-Aug-2025,7,Wrong Item,246400
R14417,SO57167,P1766,08-May-2025,8,Defective,577200
R14418,SO24564,P1891,27-Jul-2025,7,Not Required,75880
R14419,SO21869,P1444,17-Sep-2025,4,Late Delivery,259680
R14420,SO62653,P1168,22-Jun-2025,6,Late Delivery,334200
R14421,SO62406,P1943,05-Feb-2025,2,Wrong Item,85420
R14422,SO38051,P1639,29-Mar-2025,5,Not Required,323700
R14423,SO56847,P1980,06-Aug-2025,1,Wrong Item,43130
R14424,SO35644,P1452,30-Mar-2025,8,Late Delivery,557600
R14425,SO50236,P1676,29-Jan-2025,1,Not Required,69770
R14426,SO13393,P1866,21-Mar-2025,2,Late Delivery,140060
R14427,SO69270,P1271,01-Jan-2026,10,Wrong Item,435100
R14428,SO23545,P1792,09-Apr-2025,2,Quality Issue,130100
R14429,SO16572,P1444,28-Nov-2025,7,Late Delivery,454440
R14430,SO52606,P1465,22-Oct-2025,3,Not Required,29940
R14431,SO15642,P1934,04-Jun-2025,2,Damaged,93860
R14432,SO35099,P1632,24-Mar-2025,9,Not Required,46800
R14433,SO20828,P1677,25-Feb-2025,1,Not Required,64560
R14434,SO17157,P1998,30-Aug-2025,12,Wrong Item,366840
R14435,SO15457,P1233,30-Jul-2025,12,Size Issue,144840
R14436,SO42621,P1304,14-Aug-2025,12,Size Issue,518880
R14437,SO35601,P1213,04-Jun-2025,3,Quality Issue,151140
R14438,SO14773,P1057,02-Dec-2025,2,Damaged,840
R14439,SO52073,P1418,24-Oct-2025,3,Wrong Item,26070
R14440,SO26205,P1041,04-Jan-2026,3,Size Issue,101730
R14441,SO11391,P1733,19-Jun-2025,1,Damaged,48220
R14442,SO63547,P1004,16-May-2025,9,Defective,431280
R14443,SO20717,P1594,20-Nov-2025,5,Defective,273700
R14444,SO30794,P1278,05-Sep-2025,2,Quality Issue,109420
R14445,SO25717,P1799,06-Jan-2026,6,Quality Issue,225720
R14446,SO40812,P1308,19-Dec-2025,1,Not Required,10000
R14447,SO32379,P1919,18-Jan-2025,7,Wrong Item,38500
R14448,SO62945,P1477,04-Mar-2025,3,Defective,51090
R14449,SO52758,P1383,28-Feb-2025,16,Late Delivery,796000
R14450,SO31120,P1095,16-Aug-2025,4,Quality Issue,88000
R14451,SO49735,P1619,18-Apr-2025,1,Defective,24000
R14452,SO51057,P1079,03-Mar-2025,7,Size Issue,333060
R14453,SO37231,P1337,15-Dec-2025,12,Quality Issue,528240
R14454,SO43752,P1780,28-Nov-2025,10,Size Issue,219600
R14455,SO17760,P1263,17-May-2025,16,Size Issue,264960
R14456,SO38503,P1995,31-Oct-2025,8,Late Delivery,442240
R14457,SO23945,P1421,04-Jul-2025,3,Not Required,137220
R14458,SO15940,P1249,23-Feb-2025,10,Defective,47200
R14459,SO36879,P1098,20-Jun-2025,11,Defective,857890
R14460,SO34305,P1646,03-Sep-2025,8,Late Delivery,416800
R14461,SO16359,P1564,04-Feb-2025,8,Late Delivery,21920
R14462,SO36681,P1858,10-Feb-2025,6,Late Delivery,414000
R14463,SO53145,P1999,13-Jan-2025,5,Quality Issue,175850
R14464,SO13061,P1502,22-May-2025,3,Quality Issue,219810
R14465,SO43505,P1329,01-Aug-2025,4,Damaged,26920
R14466,SO51534,P1626,12-Aug-2025,5,Not Required,196000
R14467,SO68815,P1272,04-Nov-2025,4,Quality Issue,262800
R14468,SO12782,P1993,12-Sep-2025,4,Quality Issue,80560
R14469,SO29364,P1639,04-Jan-2026,2,Wrong Item,129480
R14470,SO66238,P1841,22-Jul-2025,8,Size Issue,161920
R14471,SO57805,P1940,09-Mar-2025,1,Wrong Item,71960
R14472,SO53860,P1629,18-Aug-2025,10,Damaged,364300
R14473,SO54173,P1041,06-Jul-2025,6,Size Issue,203460
R14474,SO63223,P1542,27-Jun-2025,3,Not Required,237720
R14475,SO54225,P1811,11-Jul-2025,1,Size Issue,63990
R14476,SO55582,P1318,18-Apr-2025,3,Not Required,203460
R14477,SO32347,P1531,07-Apr-2025,1,Size Issue,5050
R14478,SO30247,P1280,12-Jun-2025,1,Damaged,32540
R14479,SO66847,P1682,12-May-2025,4,Size Issue,97160
R14480,SO52112,P1001,05-Jul-2025,6,Size Issue,284160
R14481,SO54908,P1802,17-Jul-2025,3,Late Delivery,17100
R14482,SO48767,P1596,13-Oct-2025,17,Defective,632570
R14483,SO33953,P1689,26-Oct-2025,10,Late Delivery,491100
R14484,SO23324,P1320,27-May-2025,1,Size Issue,26310
R14485,SO33929,P1490,13-Apr-2025,5,Wrong Item,50250
R14486,SO68404,P1820,10-Apr-2025,9,Late Delivery,69570
R14487,SO13770,P1599,07-Jun-2025,10,Quality Issue,108200
R14488,SO27215,P1376,31-Jan-2025,1,Wrong Item,66040
R14489,SO44521,P1712,03-Feb-2025,3,Wrong Item,80730
R14490,SO58371,P1880,05-Dec-2025,6,Late Delivery,248640
R14491,SO32269,P1589,07-Dec-2025,8,Wrong Item,134240
R14492,SO28183,P1838,24-Jun-2025,4,Late Delivery,16120
R14493,SO34202,P1544,07-Mar-2025,4,Size Issue,203880
R14494,SO62040,P1932,04-Mar-2025,3,Quality Issue,202830
R14495,SO18357,P1146,01-Nov-2025,2,Defective,134800
R14496,SO69427,P1256,01-Sep-2025,1,Not Required,9740
R14497,SO17111,P1577,13-May-2025,3,Size Issue,9390
R14498,SO13899,P1520,20-Dec-2025,12,Damaged,43080
R14499,SO68055,P1665,10-Aug-2025,7,Damaged,390740
R14500,SO48417,P1981,14-Feb-2025,9,Size Issue,204840
R14501,SO66004,P1031,30-Jan-2025,7,Size Issue,428680
R14502,SO62829,P1171,29-May-2025,3,Not Required,122250
R14503,SO50742,P1598,10-Mar-2025,3,Wrong Item,115380
R14504,SO45807,P1073,20-Jun-2025,1,Late Delivery,53500
R14505,SO29040,P1557,08-Apr-2025,11,Defective,116710
R14506,SO53858,P1440,16-Jan-2026,4,Damaged,93600
R14507,SO40168,P1159,19-May-2025,1,Damaged,65600
R14508,SO14912,P1241,05-Aug-2025,4,Defective,189640
R14509,SO33600,P1579,13-Aug-2025,9,Damaged,86130
R14510,SO68209,P1896,28-Jul-2025,2,Damaged,116400
R14511,SO38441,P1286,27-Sep-2025,7,Wrong Item,597520
R14512,SO57157,P1270,20-Mar-2025,2,Quality Issue,115960
R14513,SO58166,P1527,07-Apr-2025,11,Damaged,13530
R14514,SO27129,P1699,31-Jan-2025,1,Size Issue,23810
R14515,SO29100,P1681,29-Oct-2025,2,Wrong Item,30920
R14516,SO59119,P1793,22-Nov-2025,5,Quality Issue,299450
R14517,SO13602,P1290,26-Dec-2025,6,Defective,404820
R14518,SO40504,P1951,20-Jul-2025,14,Not Required,812140
R14519,SO37129,P1937,11-Feb-2025,3,Damaged,121740
R14520,SO20433,P1657,05-Oct-2025,2,Damaged,151480
R14521,SO18529,P1932,12-May-2025,8,Size Issue,540880
R14522,SO17851,P1925,10-Apr-2025,4,Late Delivery,111280
R14523,SO23489,P1475,06-May-2025,11,Not Required,187550
R14524,SO15562,P1693,11-Apr-2025,4,Size Issue,261720
R14525,SO40571,P1159,04-Nov-2025,1,Defective,65600
R14526,SO66815,P1918,27-Apr-2025,1,Late Delivery,1470
R14527,SO26469,P1772,20-Aug-2025,1,Defective,53200
R14528,SO60459,P1393,27-Jan-2025,1,Wrong Item,20150
R14529,SO59984,P1488,24-Jul-2025,7,Late Delivery,162820
R14530,SO55717,P1959,13-Mar-2025,6,Late Delivery,123420
R14531,SO26080,P1334,08-Aug-2025,6,Quality Issue,45060
R14532,SO55981,P1957,11-Sep-2025,3,Late Delivery,37350
R14533,SO10320,P1859,24-Jul-2025,3,Late Delivery,99930
R14534,SO13077,P1919,19-Nov-2025,7,Late Delivery,38500
R14535,SO66950,P1312,19-Jul-2025,6,Quality Issue,142500
R14536,SO32063,P1462,14-Mar-2025,4,Wrong Item,125480
R14537,SO53402,P1069,02-Mar-2025,4,Damaged,50640
R14538,SO19139,P1937,07-Apr-2025,14,Not Required,568120
R14539,SO23988,P1635,24-Oct-2025,8,Wrong Item,542880
R14540,SO11387,P1813,10-Oct-2025,2,Damaged,60800
R14541,SO22848,P1911,06-May-2025,14,Not Required,672420
R14542,SO48831,P1121,11-Dec-2025,1,Damaged,18530
R14543,SO46523,P1471,13-May-2025,1,Size Issue,1400
R14544,SO35794,P1179,31-Oct-2025,8,Damaged,473440
R14545,SO18998,P1325,27-Jun-2025,1,Damaged,77400
R14546,SO54279,P1254,20-Mar-2025,1,Late Delivery,44740
R14547,SO67432,P1013,01-Mar-2025,1,Not Required,57040
R14548,SO68910,P1366,11-Jul-2025,6,Defective,220860
R14549,SO28755,P1423,26-Feb-2025,1,Defective,13160
R14550,SO20251,P1760,14-Apr-2025,9,Size Issue,635760
R14551,SO19181,P1084,27-Jun-2025,2,Defective,151600
R14552,SO35734,P1664,17-Jul-2025,1,Defective,20980
R14553,SO64423,P1632,09-Jun-2025,1,Size Issue,5200
R14554,SO14091,P1100,01-Dec-2025,6,Late Delivery,115020
R14555,SO67240,P1271,09-Dec-2025,15,Defective,652650
R14556,SO10502,P1786,13-Jan-2025,7,Quality Issue,489650
R14557,SO55243,P1487,19-Feb-2025,2,Not Required,114820
R14558,SO46472,P1932,27-Jul-2025,14,Size Issue,946540
R14559,SO67469,P1648,06-Jun-2025,2,Wrong Item,130520
R14560,SO21505,P1531,23-Nov-2025,4,Quality Issue,20200
R14561,SO36508,P1867,14-May-2025,3,Late Delivery,104370
R14562,SO35594,P1501,04-Apr-2025,9,Defective,90270
R14563,SO62981,P1689,06-Nov-2025,9,Quality Issue,441990
R14564,SO30725,P1695,02-Jun-2025,6,Not Required,61260
R14565,SO69215,P1334,15-Apr-2025,6,Damaged,45060
R14566,SO46115,P1456,22-Sep-2025,4,Not Required,62320
R14567,SO42100,P1226,17-Jan-2026,14,Wrong Item,830480
R14568,SO10548,P1373,14-Oct-2025,7,Defective,466900
R14569,SO21090,P1114,18-Mar-2025,5,Quality Issue,262600
R14570,SO60309,P1724,11-Oct-2025,1,Damaged,24880
R14571,SO50558,P1697,21-May-2025,1,Wrong Item,62770
R14572,SO17372,P1478,10-Nov-2025,1,Damaged,25440
R14573,SO49349,P1293,13-Mar-2025,3,Quality Issue,7230
R14574,SO40336,P1260,02-Aug-2025,2,Not Required,135880
R14575,SO44232,P1142,01-Aug-2025,9,Not Required,10710
R14576,SO62310,P1604,24-Dec-2025,1,Damaged,23820
R14577,SO28220,P1981,09-Jan-2026,5,Not Required,113800
R14578,SO29360,P1342,31-Aug-2025,3,Quality Issue,238470
R14579,SO69136,P1907,02-Dec-2025,1,Wrong Item,2640
R14580,SO23480,P1941,07-Aug-2025,18,Defective,1024200
R14581,SO64582,P1771,10-Feb-2025,12,Wrong Item,586920
R14582,SO49160,P1054,05-Oct-2025,5,Quality Issue,104800
R14583,SO34298,P1430,27-Feb-2025,3,Not Required,37680
R14584,SO25229,P1896,16-Dec-2025,2,Quality Issue,116400
R14585,SO56308,P1307,26-Mar-2025,4,Late Delivery,261560
R14586,SO36010,P1059,09-Apr-2025,2,Late Delivery,102800
R14587,SO56431,P1390,12-Oct-2025,6,Quality Issue,286200
R14588,SO43373,P1060,26-Aug-2025,6,Late Delivery,177720
R14589,SO56270,P1179,19-Aug-2025,9,Quality Issue,532620
R14590,SO52765,P1794,20-Jan-2025,16,Damaged,96320
R14591,SO33114,P1161,25-Jul-2025,11,Defective,191730
R14592,SO11388,P1550,25-Dec-2025,17,Size Issue,980900
R14593,SO56989,P1260,03-Aug-2025,4,Wrong Item,271760
R14594,SO35183,P1041,14-Aug-2025,2,Not Required,67820
R14595,SO56169,P1556,07-Jul-2025,1,Quality Issue,44990
R14596,SO26981,P1702,27-Jun-2025,10,Not Required,28100
R14597,SO61226,P1593,08-Jun-2025,2,Not Required,62300
R14598,SO10450,P1811,22-Sep-2025,15,Damaged,959850
R14599,SO36747,P1745,08-Dec-2025,9,Wrong Item,640080
R14600,SO28606,P1821,20-Feb-2025,14,Quality Issue,926240
R14601,SO69704,P1948,15-Sep-2025,3,Late Delivery,95700
R14602,SO45139,P1341,18-Sep-2025,11,Wrong Item,266310
R14603,SO52618,P1332,12-Aug-2025,13,Damaged,720070
R14604,SO14486,P1551,26-Aug-2025,6,Defective,286920
R14605,SO48110,P1699,03-Jan-2026,3,Quality Issue,71430
R14606,SO42784,P1925,10-Jul-2025,2,Defective,55640
R14607,SO66300,P1862,07-Nov-2025,5,Wrong Item,221650
R14608,SO30028,P1252,05-Dec-2025,13,Defective,196950
R14609,SO16150,P1439,20-Aug-2025,7,Defective,41300
R14610,SO12883,P1406,05-Aug-2025,19,Quality Issue,1411510
R14611,SO37659,P1611,08-Jul-2025,1,Not Required,25140
R14612,SO34130,P1514,17-Oct-2025,2,Not Required,14260
R14613,SO57090,P1822,13-Jan-2025,4,Damaged,208040
R14614,SO10097,P1314,07-Feb-2025,1,Size Issue,4980
R14615,SO56575,P1433,02-Nov-2025,14,Late Delivery,278740
R14616,SO27216,P1710,07-Aug-2025,6,Wrong Item,216120
R14617,SO32463,P1682,30-Dec-2025,4,Late Delivery,97160
R14618,SO29334,P1657,08-Oct-2025,6,Late Delivery,454440
R14619,SO11467,P1967,27-Oct-2025,7,Defective,455420
R14620,SO18124,P1819,01-Jan-2026,3,Size Issue,183120
R14621,SO27280,P1458,07-Nov-2025,1,Quality Issue,55790
R14622,SO65399,P1367,03-May-2025,6,Quality Issue,392340
R14623,SO45874,P1248,12-Apr-2025,4,Quality Issue,154160
R14624,SO55496,P1725,28-Oct-2025,2,Wrong Item,40200
R14625,SO15903,P1466,04-Jan-2026,4,Late Delivery,146520
R14626,SO21783,P1819,19-Apr-2025,3,Wrong Item,183120
R14627,SO36449,P1282,09-Sep-2025,1,Wrong Item,25540
R14628,SO49838,P1957,02-Oct-2025,1,Not Required,12450
R14629,SO54153,P1888,21-Jun-2025,4,Defective,104760
R14630,SO63454,P1688,09-Dec-2025,1,Size Issue,7440
R14631,SO55087,P1874,30-Mar-2025,3,Quality Issue,71130
R14632,SO54651,P1520,21-Jan-2025,2,Damaged,7180
R14633,SO44968,P1234,26-Nov-2025,11,Defective,139920
R14634,SO12522,P1986,05-Jan-2026,8,Wrong Item,507120
R14635,SO34235,P1256,26-Oct-2025,1,Defective,9740
R14636,SO34350,P1966,29-Apr-2025,2,Late Delivery,120280
R14637,SO13273,P1216,10-Nov-2025,2,Wrong Item,108620
R14638,SO37252,P1988,13-Dec-2025,11,Wrong Item,476740
R14639,SO35628,P1029,19-Aug-2025,1,Late Delivery,44450
R14640,SO68498,P1974,17-Nov-2025,10,Damaged,471800
R14641,SO12880,P1896,06-Dec-2025,11,Not Required,640200
R14642,SO32045,P1963,24-Mar-2025,8,Not Required,204080
R14643,SO64269,P1784,11-Jul-2025,10,Wrong Item,498600
R14644,SO48980,P1040,21-Sep-2025,16,Quality Issue,280320
R14645,SO43578,P1291,08-Apr-2025,8,Size Issue,237200
R14646,SO34176,P1979,15-Mar-2025,4,Not Required,207360
R14647,SO15679,P1766,14-Feb-2025,8,Damaged,577200
R14648,SO67393,P1277,18-Sep-2025,1,Not Required,5880
R14649,SO68767,P1116,07-Mar-2025,1,Late Delivery,12420
R14650,SO35664,P1534,29-Nov-2025,3,Late Delivery,44790
R14651,SO66233,P1749,24-Oct-2025,1,Late Delivery,26420
R14652,SO26593,P1322,15-Mar-2025,12,Wrong Item,946440
R14653,SO12454,P1167,03-Apr-2025,3,Damaged,66210
R14654,SO22502,P1313,02-May-2025,5,Late Delivery,18600
R14655,SO38919,P1170,26-Nov-2025,3,Damaged,181230
R14656,SO59954,P1134,10-Jul-2025,5,Late Delivery,156850
R14657,SO33003,P1691,28-Sep-2025,7,Size Issue,222740
R14658,SO19193,P1965,10-Feb-2025,10,Quality Issue,59100
R14659,SO31407,P1069,23-Jun-2025,2,Size Issue,25320
R14660,SO44566,P1854,14-May-2025,6,Size Issue,36540
R14661,SO65998,P1706,30-Oct-2025,1,Size Issue,3260
R14662,SO18986,P1145,23-Dec-2025,9,Late Delivery,44010
R14663,SO19903,P1759,27-Nov-2025,1,Damaged,25670
R14664,SO69882,P1104,31-Mar-2025,11,Quality Issue,78870
R14665,SO61975,P1622,16-Apr-2025,12,Damaged,933840
R14666,SO15285,P1247,21-Dec-2025,2,Size Issue,116280
R14667,SO36314,P1998,20-Sep-2025,5,Not Required,152850
R14668,SO29645,P1923,06-Oct-2025,4,Wrong Item,151040
R14669,SO55876,P1132,28-Jul-2025,7,Late Delivery,269920
R14670,SO59765,P1039,01-Apr-2025,3,Quality Issue,93930
R14671,SO46716,P1940,25-Jul-2025,15,Quality Issue,1079400
R14672,SO59454,P1993,24-Jan-2025,9,Damaged,181260
R14673,SO55910,P1950,19-Jun-2025,18,Not Required,690480
R14674,SO44504,P1215,07-Feb-2025,1,Damaged,59940
R14675,SO34792,P1273,01-Oct-2025,1,Wrong Item,46440
R14676,SO38729,P1416,04-Nov-2025,11,Size Issue,51920
R14677,SO24910,P1499,10-Mar-2025,1,Late Delivery,22710
R14678,SO63832,P1884,21-Jun-2025,14,Quality Issue,204540
R14679,SO17229,P1798,09-Dec-2025,6,Damaged,330600
R14680,SO40261,P1827,22-May-2025,4,Size Issue,151000
R14681,SO43176,P1112,09-Aug-2025,9,Late Delivery,334260
R14682,SO25100,P1327,23-Apr-2025,15,Damaged,61500
R14683,SO25050,P1514,18-Apr-2025,7,Not Required,49910
R14684,SO44214,P1636,22-Nov-2025,6,Damaged,42660
R14685,SO18269,P1227,20-Mar-2025,4,Defective,205680
R14686,SO27185,P1035,31-Dec-2025,2,Quality Issue,40740
R14687,SO43043,P1712,02-Dec-2025,12,Not Required,322920
R14688,SO26230,P1911,19-May-2025,2,Quality Issue,96060
R14689,SO22051,P1166,06-Mar-2025,15,Not Required,757500
R14690,SO20698,P1552,11-Jun-2025,1,Damaged,66450
R14691,SO43920,P1225,13-Apr-2025,9,Defective,283590
R14692,SO67754,P1411,17-Sep-2025,7,Wrong Item,464380
R14693,SO63689,P1468,17-Nov-2025,6,Late Delivery,43380
R14694,SO60837,P1202,13-May-2025,4,Wrong Item,279840
R14695,SO50203,P1860,19-Sep-2025,2,Quality Issue,135340
R14696,SO59821,P1304,03-Nov-2025,3,Quality Issue,129720
R14697,SO56023,P1297,22-Jun-2025,12,Not Required,143880
R14698,SO11563,P1223,03-Jun-2025,5,Not Required,287250
R14699,SO54940,P1295,10-Aug-2025,1,Not Required,5400
R14700,SO18652,P1860,18-Apr-2025,8,Late Delivery,541360
R14701,SO47364,P1568,01-Mar-2025,1,Defective,7740
R14702,SO26828,P1639,09-Aug-2025,3,Wrong Item,194220
R14703,SO60107,P1805,06-Oct-2025,4,Size Issue,122040
R14704,SO40919,P1056,24-Feb-2025,5,Late Delivery,358450
R14705,SO57329,P1208,23-Feb-2025,4,Size Issue,246760
R14706,SO36941,P1821,07-Dec-2025,2,Not Required,132320
R14707,SO49699,P1994,02-Sep-2025,7,Defective,356160
R14708,SO55519,P1155,30-Sep-2025,2,Late Delivery,1180
R14709,SO48580,P1711,24-Mar-2025,4,Defective,97960
R14710,SO10597,P1312,27-Feb-2025,1,Not Required,23750
R14711,SO32927,P1849,11-Sep-2025,1,Quality Issue,27140
R14712,SO33256,P1472,03-Feb-2025,1,Size Issue,9540
R14713,SO61660,P1298,28-Nov-2025,4,Size Issue,285080
R14714,SO22987,P1898,20-Dec-2025,2,Not Required,54300
R14715,SO27051,P1962,01-Aug-2025,1,Defective,33840
R14716,SO54498,P1418,05-Jun-2025,1,Quality Issue,8690
R14717,SO43148,P1753,22-Jul-2025,1,Defective,44290
R14718,SO33277,P1220,21-Jul-2025,1,Late Delivery,72730
R14719,SO64892,P1213,08-Jan-2026,10,Late Delivery,503800
R14720,SO50934,P1885,05-Aug-2025,1,Late Delivery,4030
R14721,SO49195,P1293,28-Apr-2025,2,Wrong Item,4820
R14722,SO14952,P1382,19-Oct-2025,3,Quality Issue,50190
R14723,SO40104,P1654,28-Oct-2025,3,Size Issue,94650
R14724,SO55218,P1006,07-Aug-2025,15,Late Delivery,291600
R14725,SO57076,P1846,24-May-2025,15,Size Issue,851400
R14726,SO67672,P1966,22-Sep-2025,8,Wrong Item,481120
R14727,SO53956,P1832,03-Sep-2025,3,Late Delivery,59970
R14728,SO30008,P1125,13-Jun-2025,1,Size Issue,11300
R14729,SO10877,P1206,01-Mar-2025,9,Late Delivery,619560
R14730,SO48053,P1210,20-Jan-2025,11,Damaged,579920
R14731,SO36213,P1891,20-Jun-2025,1,Damaged,10840
R14732,SO27763,P1248,15-Jan-2025,2,Late Delivery,77080
R14733,SO68716,P1160,21-Oct-2025,3,Defective,56280
R14734,SO49476,P1302,08-Jun-2025,1,Size Issue,120
R14735,SO39514,P1859,14-Aug-2025,9,Not Required,299790
R14736,SO36292,P1915,28-Jan-2025,3,Wrong Item,44070
R14737,SO41746,P1012,12-Oct-2025,3,Wrong Item,189930
R14738,SO34908,P1196,30-May-2025,3,Quality Issue,89820
R14739,SO40166,P1703,29-May-2025,2,Damaged,74560
R14740,SO64593,P1917,01-Aug-2025,1,Quality Issue,2480
R14741,SO52110,P1306,09-Nov-2025,2,Damaged,50920
R14742,SO13001,P1681,26-Jun-2025,1,Size Issue,15460
R14743,SO52716,P1036,02-Nov-2025,8,Damaged,61520
R14744,SO48603,P1585,09-Mar-2025,8,Not Required,459040
R14745,SO56983,P1750,29-Apr-2025,1,Damaged,42340
R14746,SO35472,P1902,25-Jun-2025,3,Wrong Item,171180
R14747,SO47139,P1230,16-Apr-2025,1,Not Required,37330
R14748,SO46789,P1167,25-Sep-2025,2,Damaged,44140
R14749,SO58409,P1525,31-Jan-2025,3,Late Delivery,74640
R14750,SO24029,P1482,23-Jun-2025,3,Damaged,207360
R14751,SO14281,P1281,27-Jan-2025,6,Wrong Item,7140
R14752,SO25223,P1293,17-Apr-2025,3,Quality Issue,7230
R14753,SO65075,P1736,18-Nov-2025,12,Size Issue,560400
R14754,SO40047,P1815,06-Mar-2025,3,Damaged,76560
R14755,SO24734,P1864,02-Aug-2025,1,Quality Issue,48330
R14756,SO31527,P1110,21-Dec-2025,7,Defective,314510
R14757,SO35169,P1317,06-Jun-2025,13,Quality Issue,780650
R14758,SO39424,P1808,23-Jul-2025,11,Wrong Item,750420
R14759,SO32450,P1171,16-Oct-2025,4,Late Delivery,163000
R14760,SO17364,P1390,25-Apr-2025,2,Quality Issue,95400
R14761,SO52018,P1331,14-Mar-2025,7,Late Delivery,35560
R14762,SO52370,P1667,27-May-2025,1,Late Delivery,5600
R14763,SO41146,P1980,06-Jan-2026,2,Quality Issue,86260
R14764,SO42515,P1257,21-Mar-2025,8,Quality Issue,368320
R14765,SO35551,P1457,24-Sep-2025,1,Wrong Item,25680
R14766,SO20072,P1129,14-Nov-2025,9,Damaged,232110
R14767,SO15825,P1149,23-Apr-2025,8,Not Required,57200
R14768,SO45719,P1044,02-Dec-2025,3,Damaged,162750
R14769,SO65628,P1549,15-Feb-2025,12,Not Required,516240
R14770,SO27661,P1542,11-Nov-2025,5,Late Delivery,396200
R14771,SO52911,P1159,29-Apr-2025,7,Quality Issue,459200
R14772,SO11266,P1138,06-Jan-2026,1,Late Delivery,53350
R14773,SO12125,P1201,21-Apr-2025,1,Defective,79670
R14774,SO12240,P1802,28-Jun-2025,4,Damaged,22800
R14775,SO52575,P1363,21-Nov-2025,11,Damaged,678370
R14776,SO55653,P1687,10-Nov-2025,6,Damaged,81900
R14777,SO10414,P1608,27-Dec-2025,8,Late Delivery,656400
R14778,SO25214,P1746,25-Dec-2025,2,Damaged,126140
R14779,SO20610,P1263,17-Nov-2025,6,Size Issue,99360
R14780,SO43235,P1792,30-Jul-2025,3,Damaged,195150
R14781,SO55776,P1830,19-Dec-2025,7,Late Delivery,179760
R14782,SO14093,P1475,28-Nov-2025,4,Not Required,68200
R14783,SO37727,P1761,03-Aug-2025,1,Wrong Item,2930
R14784,SO51969,P1911,06-Nov-2025,1,Quality Issue,48030
R14785,SO52841,P1822,24-Jun-2025,8,Not Required,416080
R14786,SO38222,P2000,03-Mar-2025,1,Late Delivery,70800
R14787,SO55838,P1957,14-Jun-2025,3,Not Required,37350
R14788,SO62774,P1098,02-Dec-2025,1,Defective,77990
R14789,SO24027,P1298,05-Feb-2025,6,Late Delivery,427620
R14790,SO57787,P1223,28-Apr-2025,10,Late Delivery,574500
R14791,SO41077,P1106,28-Oct-2025,2,Not Required,89620
R14792,SO47232,P1154,25-Oct-2025,1,Late Delivery,24560
R14793,SO48713,P1912,26-Mar-2025,8,Defective,437840
R14794,SO49561,P1694,24-Oct-2025,3,Damaged,200610
R14795,SO53238,P1833,28-Oct-2025,13,Quality Issue,397540
R14796,SO51642,P1426,24-Jun-2025,14,Size Issue,875560
R14797,SO25456,P1949,23-Mar-2025,2,Damaged,59320
R14798,SO20528,P1835,18-Feb-2025,3,Not Required,16350
R14799,SO43255,P1430,30-Mar-2025,5,Not Required,62800
R14800,SO49510,P1677,29-Aug-2025,2,Defective,129120
R14801,SO40013,P1613,08-Dec-2025,8,Quality Issue,611440
R14802,SO35635,P1520,10-Apr-2025,12,Size Issue,43080
R14803,SO54603,P1531,09-Aug-2025,1,Size Issue,5050
R14804,SO50564,P1326,28-Mar-2025,6,Size Issue,67740
R14805,SO52445,P1728,10-May-2025,1,Late Delivery,43070
R14806,SO13866,P1509,18-May-2025,9,Quality Issue,436860
R14807,SO64815,P1433,27-Mar-2025,13,Size Issue,258830
R14808,SO54144,P1161,28-Oct-2025,2,Quality Issue,34860
R14809,SO39902,P1501,01-Feb-2025,3,Defective,30090
R14810,SO33382,P1268,19-May-2025,2,Damaged,6560
R14811,SO22247,P1411,28-Jun-2025,1,Not Required,66340
R14812,SO66648,P1967,06-Aug-2025,7,Damaged,455420
R14813,SO48283,P1860,04-Jul-2025,17,Late Delivery,1150390
R14814,SO51484,P1197,10-Nov-2025,8,Defective,368480
R14815,SO18582,P1262,28-Oct-2025,8,Damaged,256000
R14816,SO35724,P1865,31-May-2025,2,Not Required,148560
R14817,SO25102,P1542,29-Nov-2025,2,Not Required,158480
R14818,SO28228,P1029,02-Mar-2025,6,Quality Issue,266700
R14819,SO52797,P1768,01-Jun-2025,4,Quality Issue,186520
R14820,SO24870,P1886,22-Jun-2025,3,Quality Issue,10560
R14821,SO58765,P1427,24-Jun-2025,7,Size Issue,536970
R14822,SO26763,P1636,30-Dec-2025,1,Size Issue,7110
R14823,SO65635,P1010,02-Sep-2025,1,Wrong Item,6310
R14824,SO13702,P1843,02-Oct-2025,3,Size Issue,118770
R14825,SO36949,P1660,08-Apr-2025,1,Defective,16270
R14826,SO40704,P1419,05-May-2025,1,Late Delivery,79360
R14827,SO15966,P1209,13-Jun-2025,5,Wrong Item,111950
R14828,SO32319,P1473,07-Oct-2025,10,Defective,352000
R14829,SO16155,P1149,24-May-2025,1,Quality Issue,7150
R14830,SO13955,P1830,22-Aug-2025,10,Quality Issue,256800
R14831,SO17172,P1106,20-Mar-2025,1,Size Issue,44810
R14832,SO23334,P1521,24-Apr-2025,4,Defective,1520
R14833,SO62368,P1124,27-Oct-2025,1,Not Required,37170
R14834,SO16587,P1507,10-Jan-2026,3,Size Issue,221700
R14835,SO26904,P1636,24-Jul-2025,12,Not Required,85320
R14836,SO13676,P1185,07-Jun-2025,3,Not Required,38760
R14837,SO69600,P1321,10-Dec-2025,3,Wrong Item,192960
R14838,SO64884,P1861,13-Apr-2025,10,Late Delivery,533800
R14839,SO59486,P1372,07-Jan-2026,4,Late Delivery,23640
R14840,SO18293,P1379,30-Aug-2025,2,Defective,79880
R14841,SO43312,P1741,16-Jun-2025,1,Not Required,270
R14842,SO57879,P1986,03-Nov-2025,1,Late Delivery,63390
R14843,SO20252,P1670,27-Jun-2025,2,Wrong Item,56740
R14844,SO20971,P1264,27-Aug-2025,1,Quality Issue,66220
R14845,SO38799,P1959,13-Feb-2025,1,Defective,20570
R14846,SO38620,P1558,28-Aug-2025,1,Quality Issue,27950
R14847,SO67500,P1472,04-Aug-2025,3,Not Required,28620
R14848,SO48151,P1628,28-Feb-2025,7,Wrong Item,335230
R14849,SO47545,P1390,26-Jul-2025,2,Wrong Item,95400
R14850,SO58503,P1070,21-Oct-2025,3,Defective,220290
R14851,SO32514,P1408,16-Feb-2025,2,Quality Issue,110260
R14852,SO45444,P1027,03-Sep-2025,7,Wrong Item,223160
R14853,SO32987,P1194,10-Sep-2025,1,Late Delivery,6640
R14854,SO37653,P1546,14-Jul-2025,13,Quality Issue,614900
R14855,SO69255,P1609,25-Jul-2025,1,Wrong Item,7320
R14856,SO56730,P1824,12-Jan-2025,7,Quality Issue,66080
R14857,SO30421,P1216,07-Sep-2025,2,Not Required,108620
R14858,SO48499,P1796,21-Aug-2025,1,Quality Issue,8460
R14859,SO65746,P1412,21-Jan-2025,3,Size Issue,97050
R14860,SO33495,P1592,28-Jul-2025,2,Late Delivery,159960
R14861,SO39414,P1465,07-Apr-2025,13,Defective,129740
R14862,SO69105,P1401,11-Jul-2025,1,Defective,38470
R14863,SO29697,P1270,28-May-2025,9,Damaged,521820
R14864,SO45394,P1013,23-Feb-2025,3,Not Required,171120
R14865,SO32972,P1023,17-Jan-2026,2,Damaged,45140
R14866,SO36203,P1581,30-Jan-2025,2,Quality Issue,70140
R14867,SO23547,P1265,20-Feb-2025,2,Defective,75680
R14868,SO28635,P1594,12-Oct-2025,8,Size Issue,437920
R14869,SO31009,P1727,07-Jul-2025,11,Late Delivery,758780
R14870,SO63345,P1113,02-Apr-2025,4,Wrong Item,147880
R14871,SO66200,P1257,09-Jul-2025,4,Not Required,184160
R14872,SO48843,P1217,07-Nov-2025,1,Damaged,36100
R14873,SO54367,P1951,27-Mar-2025,2,Damaged,116020
R14874,SO33471,P1891,24-Oct-2025,1,Quality Issue,10840
R14875,SO18062,P1265,04-Jun-2025,2,Size Issue,75680
R14876,SO67530,P1759,15-Sep-2025,7,Wrong Item,179690
R14877,SO65335,P1977,06-Sep-2025,1,Damaged,62230
R14878,SO66965,P1604,23-Oct-2025,3,Wrong Item,71460
R14879,SO54375,P1875,07-Oct-2025,10,Damaged,353400
R14880,SO12243,P1997,04-Aug-2025,1,Damaged,26430
R14881,SO69442,P1475,26-Jul-2025,14,Wrong Item,238700
R14882,SO54937,P1419,27-Mar-2025,1,Defective,79360
R14883,SO27787,P1138,06-Jan-2026,2,Not Required,106700
R14884,SO13913,P1201,15-Nov-2025,15,Damaged,1195050
R14885,SO42912,P1799,18-May-2025,19,Wrong Item,714780
R14886,SO47326,P1694,15-Nov-2025,4,Wrong Item,267480
R14887,SO36404,P1678,02-Jul-2025,3,Defective,76230
R14888,SO36206,P1060,19-Oct-2025,7,Size Issue,207340
R14889,SO46306,P1489,23-Sep-2025,11,Quality Issue,126830
R14890,SO21674,P1679,28-Mar-2025,1,Wrong Item,72920
R14891,SO16902,P1282,28-Sep-2025,2,Late Delivery,51080
R14892,SO20185,P1776,06-Dec-2025,2,Wrong Item,131780
R14893,SO13370,P1934,21-May-2025,8,Size Issue,375440
R14894,SO16086,P1519,21-Sep-2025,4,Not Required,55200
R14895,SO53251,P1134,21-Dec-2025,4,Size Issue,125480
R14896,SO35315,P1015,21-Apr-2025,3,Quality Issue,137160
R14897,SO58401,P1777,09-Jun-2025,5,Damaged,199450
R14898,SO49256,P1961,28-Apr-2025,2,Defective,43520
R14899,SO36359,P1692,08-May-2025,3,Quality Issue,165390
R14900,SO46305,P1222,10-Jun-2025,5,Damaged,118350
R14901,SO64403,P1183,16-Jan-2025,2,Late Delivery,26120
R14902,SO13663,P1359,27-Sep-2025,8,Size Issue,24800
R14903,SO65515,P1525,04-Jul-2025,12,Not Required,298560
R14904,SO53483,P1454,18-May-2025,3,Late Delivery,166380
R14905,SO55184,P1464,22-Jan-2025,2,Damaged,16680
R14906,SO61228,P1977,16-Oct-2025,2,Defective,124460
R14907,SO41698,P1078,13-Sep-2025,5,Size Issue,68100
R14908,SO11059,P1706,25-Jul-2025,4,Defective,13040
R14909,SO10903,P1797,30-Jun-2025,1,Not Required,5950
R14910,SO12991,P1997,02-Jun-2025,3,Size Issue,79290
R14911,SO54160,P1652,22-Sep-2025,10,Late Delivery,666400
R14912,SO21430,P1128,20-Dec-2025,3,Damaged,214830
R14913,SO19083,P1920,20-Feb-2025,7,Quality Issue,433510
R14914,SO35096,P1676,12-Jun-2025,7,Wrong Item,488390
R14915,SO37232,P1684,04-Feb-2025,2,Size Issue,127760
R14916,SO33629,P1999,06-Dec-2025,1,Defective,35170
R14917,SO27196,P1506,01-Nov-2025,3,Not Required,58890
R14918,SO26480,P1497,13-Oct-2025,4,Quality Issue,173320
R14919,SO42352,P1618,15-Dec-2025,12,Defective,608880
R14920,SO49725,P1138,03-Jan-2026,12,Defective,640200
R14921,SO18674,P1718,20-Jan-2025,6,Quality Issue,285960
R14922,SO49607,P1952,03-Oct-2025,4,Damaged,149800
R14923,SO54640,P1457,29-Apr-2025,14,Size Issue,359520
R14924,SO38721,P1812,20-Jun-2025,4,Quality Issue,271000
R14925,SO22120,P1154,05-Dec-2025,7,Defective,171920
R14926,SO68506,P1794,22-Jun-2025,4,Size Issue,24080
R14927,SO24473,P1378,11-May-2025,3,Not Required,37230
R14928,SO16823,P1480,02-May-2025,3,Defective,78150
R14929,SO53186,P1797,17-Jun-2025,14,Size Issue,83300
R14930,SO39845,P1416,17-Sep-2025,12,Damaged,56640
R14931,SO52585,P1848,11-Feb-2025,6,Damaged,205080
R14932,SO40193,P1341,24-Apr-2025,4,Quality Issue,96840
R14933,SO11775,P1943,12-Dec-2025,1,Quality Issue,42710
R14934,SO62978,P1301,23-Feb-2025,1,Size Issue,23360
R14935,SO20154,P1683,05-Sep-2025,13,Size Issue,787020
R14936,SO46683,P1696,08-Nov-2025,7,Quality Issue,323540
R14937,SO44837,P1725,18-Oct-2025,3,Not Required,60300
R14938,SO22431,P1163,28-Aug-2025,12,Late Delivery,230040
R14939,SO14219,P1345,14-Sep-2025,5,Not Required,75300
R14940,SO45048,P1644,22-Jun-2025,3,Wrong Item,98940
R14941,SO40967,P1626,06-Mar-2025,3,Late Delivery,117600
R14942,SO56536,P1356,24-Jan-2025,3,Quality Issue,79920
R14943,SO62529,P1428,17-Oct-2025,3,Quality Issue,148680
R14944,SO49716,P1758,09-Dec-2025,6,Wrong Item,211380
R14945,SO60509,P1373,11-Jul-2025,5,Not Required,333500
R14946,SO60200,P1965,19-Jul-2025,2,Late Delivery,11820
R14947,SO57335,P1286,05-Feb-2025,3,Quality Issue,256080
R14948,SO49441,P1698,04-Feb-2025,4,Not Required,262920
R14949,SO52278,P1030,10-Feb-2025,2,Defective,43400
R14950,SO51531,P1019,12-Oct-2025,1,Not Required,59740
R14951,SO19467,P1900,27-Apr-2025,1,Damaged,68220
R14952,SO53813,P1196,03-Aug-2025,2,Late Delivery,59880
R14953,SO18518,P1679,28-Sep-2025,6,Size Issue,437520
R14954,SO36666,P1282,02-Nov-2025,2,Size Issue,51080
R14955,SO41352,P1100,07-Nov-2025,2,Wrong Item,38340
R14956,SO63768,P1039,18-Apr-2025,2,Defective,62620
R14957,SO39910,P1082,04-Aug-2025,6,Wrong Item,189960
R14958,SO49948,P1583,18-Feb-2025,4,Defective,203840
R14959,SO54813,P1332,29-Nov-2025,10,Not Required,553900
R14960,SO69912,P1398,11-Nov-2025,5,Damaged,59050
R14961,SO34783,P1054,18-Feb-2025,3,Damaged,62880
R14962,SO57779,P1984,09-Jul-2025,16,Wrong Item,3840
R14963,SO37452,P1956,08-Apr-2025,9,Quality Issue,613800
R14964,SO29080,P1728,22-Jun-2025,1,Damaged,43070
R14965,SO29894,P1204,30-Jun-2025,12,Quality Issue,191400
R14966,SO66655,P1094,09-Sep-2025,3,Quality Issue,97680
R14967,SO43639,P1070,14-Jun-2025,5,Defective,367150
R14968,SO40745,P1554,09-Jul-2025,2,Late Delivery,74600
R14969,SO43624,P1986,21-Jul-2025,11,Wrong Item,697290
R14970,SO17166,P1689,01-Aug-2025,2,Defective,98220
R14971,SO18076,P1612,15-Aug-2025,1,Defective,4040
R14972,SO32766,P1697,20-Jul-2025,5,Not Required,313850
R14973,SO36583,P1503,11-Mar-2025,2,Damaged,86400
R14974,SO53839,P1088,02-Jan-2026,13,Wrong Item,452400
R14975,SO40499,P1991,03-Jun-2025,5,Late Delivery,224300
R14976,SO69337,P1797,10-Dec-2025,2,Quality Issue,11900
R14977,SO63194,P1703,26-Oct-2025,10,Late Delivery,372800
R14978,SO43999,P1602,29-Apr-2025,5,Not Required,381050
R14979,SO18707,P1169,14-Jan-2026,8,Late Delivery,497200
R14980,SO52848,P1653,26-Jan-2025,4,Quality Issue,286520
R14981,SO37406,P1619,18-Sep-2025,1,Damaged,24000
R14982,SO26051,P1481,03-Jul-2025,2,Not Required,92860
R14983,SO66591,P1224,30-Mar-2025,6,Late Delivery,117840
R14984,SO48960,P1733,13-Dec-2025,3,Late Delivery,144660
R14985,SO67997,P1517,07-Apr-2025,13,Damaged,262340
R14986,SO56006,P1405,06-Jan-2026,2,Quality Issue,123140
R14987,SO16060,P1763,26-Dec-2025,18,Not Required,185940
R14988,SO51598,P1032,23-Feb-2025,5,Quality Issue,245700
R14989,SO65318,P1512,02-Jun-2025,10,Late Delivery,579800
R14990,SO66450,P1215,04-May-2025,2,Quality Issue,119880
R14991,SO38668,P1838,21-Jun-2025,2,Quality Issue,8060
R14992,SO41890,P1546,05-Feb-2025,1,Not Required,47300
R14993,SO30460,P1732,16-Nov-2025,8,Size Issue,184160
R14994,SO50991,P1197,02-Apr-2025,3,Defective,138180
R14995,SO52945,P1770,21-Feb-2025,9,Not Required,151200
R14996,SO61950,P1900,22-Aug-2025,1,Wrong Item,68220
R14997,SO44201,P1022,02-Jan-2026,1,Late Delivery,24840
R14998,SO44190,P1146,27-Feb-2025,3,Late Delivery,202200
R14999,SO62086,P1704,07-Jan-2025,7,Size Issue,65450
R15000,SO57016,P1546,05-Apr-2025,3,Quality Issue,141900
R15001,SO16972,P1957,10-Feb-2025,6,Size Issue,74700
R15002,SO28581,P1603,27-Oct-2025,18,Damaged,676800
R15003,SO65045,P1690,07-Sep-2025,1,Defective,39200
R15004,SO66742,P1925,23-Aug-2025,14,Defective,389480
R15005,SO43821,P1155,12-May-2025,5,Size Issue,2950
R15006,SO52202,P1421,23-Aug-2025,1,Damaged,45740
R15007,SO34320,P1400,19-Jan-2025,2,Size Issue,135040
R15008,SO20864,P1607,26-Aug-2025,1,Defective,71230
R15009,SO16192,P1111,18-Sep-2025,8,Late Delivery,559200
R15010,SO59469,P1153,13-Dec-2025,2,Defective,98140
R15011,SO40554,P1486,23-May-2025,1,Damaged,64610
R15012,SO51651,P1616,30-Mar-2025,1,Quality Issue,1940
R15013,SO60730,P1152,12-Feb-2025,6,Wrong Item,396060
R15014,SO24355,P1805,24-May-2025,1,Late Delivery,30510
R15015,SO61737,P1976,15-Jun-2025,1,Not Required,60290
R15016,SO60513,P1693,20-Jun-2025,4,Wrong Item,261720
R15017,SO25192,P1605,03-Aug-2025,13,Defective,495300
R15018,SO42785,P1025,08-Apr-2025,1,Defective,38190
R15019,SO51414,P1831,01-Jun-2025,2,Not Required,87500
R15020,SO48444,P1542,20-Jun-2025,11,Size Issue,871640
R15021,SO18615,P1833,20-Feb-2025,1,Not Required,30580
R15022,SO59588,P1776,10-Jul-2025,9,Quality Issue,593010
R15023,SO34557,P1074,15-Aug-2025,8,Wrong Item,380880
R15024,SO48334,P1880,26-Apr-2025,14,Quality Issue,580160
R15025,SO32703,P1243,04-May-2025,1,Damaged,77540
R15026,SO57986,P1934,09-Jul-2025,14,Defective,657020
R15027,SO13726,P1534,26-Mar-2025,2,Wrong Item,29860
R15028,SO28883,P1754,15-Jan-2026,3,Damaged,2580
R15029,SO65904,P1812,28-Aug-2025,2,Late Delivery,135500
R15030,SO36545,P1067,09-May-2025,1,Wrong Item,32380
R15031,SO55204,P1467,22-Feb-2025,14,Late Delivery,400540
R15032,SO13762,P1622,04-Jun-2025,5,Late Delivery,389100
R15033,SO50998,P1206,21-Jan-2025,9,Quality Issue,619560
R15034,SO65788,P1516,25-Jun-2025,6,Defective,146400
R15035,SO27950,P1122,04-Oct-2025,10,Wrong Item,442600
R15036,SO41358,P1768,16-Jan-2025,17,Defective,792710
R15037,SO62979,P1073,30-May-2025,11,Late Delivery,588500
R15038,SO41823,P1542,02-Nov-2025,2,Size Issue,158480
R15039,SO54122,P1573,07-Nov-2025,1,Size Issue,2390
R15040,SO35690,P1211,19-Oct-2025,2,Defective,10260
R15041,SO49150,P1010,14-Oct-2025,10,Wrong Item,63100
R15042,SO69439,P1024,26-Apr-2025,8,Defective,539760
R15043,SO18195,P1189,09-Nov-2025,4,Not Required,41600
R15044,SO29667,P1716,28-Jan-2025,5,Late Delivery,174000
R15045,SO68126,P1250,06-Sep-2025,12,Not Required,166440
R15046,SO21159,P1508,04-Mar-2025,13,Not Required,456430
R15047,SO25547,P1554,06-Aug-2025,2,Wrong Item,74600
R15048,SO37669,P1948,12-May-2025,16,Late Delivery,510400
R15049,SO61144,P1744,25-Aug-2025,2,Late Delivery,5800
R15050,SO30215,P1969,07-Jul-2025,2,Not Required,95140
R15051,SO11992,P1371,15-Mar-2025,3,Late Delivery,224940
R15052,SO62079,P1456,15-Mar-2025,11,Not Required,171380
R15053,SO64895,P1263,05-Nov-2025,6,Quality Issue,99360
R15054,SO28840,P1366,07-Apr-2025,1,Not Required,36810
R15055,SO32243,P1819,20-Mar-2025,3,Damaged,183120
R15056,SO20259,P1063,03-Aug-2025,3,Damaged,96840
R15057,SO41599,P1342,08-Aug-2025,6,Damaged,476940
R15058,SO37875,P1520,19-Jun-2025,4,Defective,14360
R15059,SO34606,P1163,01-Aug-2025,4,Late Delivery,76680
R15060,SO53197,P1699,06-Nov-2025,6,Wrong Item,142860
R15061,SO62071,P1704,25-Jun-2025,2,Not Required,18700
R15062,SO33866,P1092,15-Nov-2025,15,Late Delivery,1095900
R15063,SO58852,P1206,23-Jan-2025,1,Late Delivery,68840
R15064,SO10103,P1883,14-Jan-2025,7,Wrong Item,389550
R15065,SO13669,P1497,13-Oct-2025,1,Damaged,43330
R15066,SO57202,P1968,08-Mar-2025,14,Defective,637700
R15067,SO44507,P1285,06-Sep-2025,1,Wrong Item,36600
R15068,SO33189,P1618,18-Nov-2025,7,Late Delivery,355180
R15069,SO38083,P1016,07-Nov-2025,1,Damaged,9210
R15070,SO31212,P1160,30-Aug-2025,8,Size Issue,150080
R15071,SO13068,P1431,11-Jul-2025,4,Quality Issue,267920
R15072,SO25259,P1026,05-Dec-2025,5,Wrong Item,292650
R15073,SO19239,P1574,30-Aug-2025,1,Size Issue,45360
R15074,SO45081,P1553,17-Nov-2025,9,Not Required,127890
R15075,SO32691,P1324,06-Apr-2025,7,Size Issue,469560
R15076,SO51469,P1628,10-Aug-2025,10,Late Delivery,478900
R15077,SO40246,P1648,31-Dec-2025,2,Not Required,130520
R15078,SO68060,P1132,24-Oct-2025,5,Damaged,192800
R15079,SO44564,P1424,14-Jul-2025,11,Defective,660660
R15080,SO21111,P1475,29-Oct-2025,1,Wrong Item,17050
R15081,SO42944,P1301,09-Feb-2025,5,Defective,116800
R15082,SO58328,P1638,19-Nov-2025,8,Damaged,58320
R15083,SO67632,P1562,15-Sep-2025,2,Not Required,108600
R15084,SO39043,P1510,13-Oct-2025,1,Late Delivery,3050
R15085,SO58721,P1437,30-Oct-2025,2,Quality Issue,122980
R15086,SO57915,P1333,30-Jul-2025,12,Size Issue,213120
R15087,SO24646,P1060,07-Feb-2025,8,Wrong Item,236960
R15088,SO66917,P1527,16-Jun-2025,4,Quality Issue,4920
R15089,SO63820,P1254,03-Sep-2025,7,Size Issue,313180
R15090,SO42745,P1841,15-Aug-2025,7,Defective,141680
R15091,SO65363,P1485,13-Mar-2025,13,Size Issue,702130
R15092,SO69525,P1062,18-Feb-2025,1,Quality Issue,61680
R15093,SO49009,P1970,15-Jan-2025,2,Damaged,102560
R15094,SO66767,P1510,17-Apr-2025,1,Quality Issue,3050
R15095,SO65011,P1784,30-Sep-2025,9,Wrong Item,448740
R15096,SO53817,P1019,02-Nov-2025,13,Damaged,776620
R15097,SO42919,P1053,20-Apr-2025,2,Quality Issue,58640
R15098,SO59006,P1920,22-Aug-2025,1,Late Delivery,61930
R15099,SO52365,P1625,15-Jun-2025,2,Size Issue,92360
R15100,SO55594,P1713,07-Oct-2025,1,Damaged,43580
R15101,SO23623,P1760,26-Dec-2025,11,Size Issue,777040
R15102,SO11559,P1365,10-Oct-2025,3,Size Issue,210540
R15103,SO36073,P1048,18-May-2025,2,Not Required,99320
R15104,SO63780,P1384,08-Dec-2025,1,Damaged,2140
R15105,SO32833,P1526,02-Mar-2025,1,Size Issue,6240
R15106,SO32841,P1281,12-Aug-2025,4,Defective,4760
R15107,SO46152,P1550,20-Jun-2025,10,Defective,577000
R15108,SO41814,P1293,18-Jul-2025,4,Late Delivery,9640
R15109,SO68394,P1376,29-Sep-2025,17,Quality Issue,1122680
R15110,SO11445,P1425,23-Mar-2025,3,Damaged,211770
R15111,SO50036,P1004,04-Jun-2025,2,Damaged,95840
R15112,SO59794,P1890,25-Feb-2025,7,Quality Issue,489020
R15113,SO45281,P1915,24-Mar-2025,3,Not Required,44070
R15114,SO40368,P1521,24-Oct-2025,1,Size Issue,380
R15115,SO19376,P1357,06-Aug-2025,1,Wrong Item,58270
R15116,SO65465,P1857,04-Oct-2025,11,Wrong Item,655930
R15117,SO28077,P1974,20-Jan-2025,6,Late Delivery,283080
R15118,SO45974,P1792,19-Apr-2025,1,Size Issue,65050
R15119,SO51775,P1121,11-Dec-2025,3,Damaged,55590
R15120,SO39905,P1274,29-Sep-2025,14,Quality Issue,988260
R15121,SO59179,P1488,20-Apr-2025,2,Not Required,46520
R15122,SO13771,P1492,16-Jun-2025,6,Damaged,255840
R15123,SO49161,P1966,18-Jul-2025,6,Quality Issue,360840
R15124,SO44905,P1864,14-Feb-2025,1,Size Issue,48330
R15125,SO35746,P1574,16-Jan-2025,1,Wrong Item,45360
R15126,SO37055,P1449,09-May-2025,1,Defective,16000
R15127,SO53556,P1849,13-Oct-2025,1,Wrong Item,27140
R15128,SO25238,P1906,26-Aug-2025,3,Not Required,420
R15129,SO41548,P1925,02-Nov-2025,5,Size Issue,139100
R15130,SO65721,P1778,05-May-2025,5,Not Required,185600
R15131,SO21660,P1559,12-Jan-2025,8,Wrong Item,580960
R15132,SO28304,P1643,02-Oct-2025,15,Wrong Item,1015500
R15133,SO46534,P1185,21-Dec-2025,2,Size Issue,25840
R15134,SO32122,P1328,28-Mar-2025,4,Late Delivery,214280
R15135,SO45186,P1248,15-Jun-2025,3,Wrong Item,115620
R15136,SO26781,P1390,01-Jul-2025,4,Defective,190800
R15137,SO45074,P1668,20-Oct-2025,15,Damaged,278400
R15138,SO13306,P1411,19-Mar-2025,1,Not Required,66340
R15139,SO60090,P1391,01-May-2025,3,Wrong Item,163200
R15140,SO63609,P1990,11-Oct-2025,1,Late Delivery,10210
R15141,SO57891,P1679,11-Jan-2025,1,Not Required,72920
R15142,SO51850,P1626,31-Jul-2025,8,Wrong Item,313600
R15143,SO15295,P1300,08-Dec-2025,1,Late Delivery,13640
R15144,SO30033,P1960,17-Feb-2025,3,Defective,142020
R15145,SO39975,P1194,17-Jul-2025,11,Size Issue,73040
R15146,SO37715,P1200,01-Dec-2025,1,Late Delivery,13090
R15147,SO13310,P1213,03-Feb-2025,2,Defective,100760
R15148,SO44086,P1889,07-Apr-2025,2,Damaged,16820
R15149,SO66749,P1254,26-Jan-2025,15,Damaged,671100
R15150,SO19582,P1611,26-Aug-2025,2,Defective,50280
R15151,SO51805,P1994,22-Jan-2025,9,Late Delivery,457920
R15152,SO58361,P1943,26-Dec-2025,10,Damaged,427100
R15153,SO41793,P1326,03-May-2025,8,Quality Issue,90320
R15154,SO32198,P1143,27-Mar-2025,17,Size Issue,756330
R15155,SO45619,P1229,25-Jul-2025,1,Defective,450
R15156,SO41706,P1608,08-Aug-2025,2,Wrong Item,164100
R15157,SO11276,P1485,27-Sep-2025,2,Damaged,108020
R15158,SO25381,P1999,13-Oct-2025,3,Not Required,105510
R15159,SO36862,P1865,29-Nov-2025,5,Wrong Item,371400
R15160,SO65823,P1004,30-Nov-2025,13,Wrong Item,622960
R15161,SO55815,P1204,20-May-2025,3,Not Required,47850
R15162,SO19678,P1554,21-Sep-2025,2,Damaged,74600
R15163,SO34213,P1269,24-Oct-2025,6,Late Delivery,133380
R15164,SO24181,P1367,30-Sep-2025,10,Damaged,653900
R15165,SO40859,P1391,19-Nov-2025,7,Defective,380800
R15166,SO29851,P1482,01-Oct-2025,6,Quality Issue,414720
R15167,SO10435,P1883,28-Dec-2025,14,Quality Issue,779100
R15168,SO49472,P1178,26-Dec-2025,2,Damaged,86760
R15169,SO30286,P1161,08-Jul-2025,14,Damaged,244020
R15170,SO58100,P1910,16-Jun-2025,1,Defective,71280
R15171,SO63128,P1778,04-Aug-2025,3,Quality Issue,111360
R15172,SO69182,P1987,02-Oct-2025,1,Late Delivery,43950
R15173,SO11400,P1909,17-Dec-2025,4,Damaged,54120
R15174,SO67099,P1116,18-Jan-2025,3,Wrong Item,37260
R15175,SO65690,P1122,08-Jun-2025,8,Quality Issue,354080
R15176,SO44157,P1559,06-Apr-2025,7,Wrong Item,508340
R15177,SO14713,P1237,10-Jun-2025,1,Damaged,59710
R15178,SO50299,P1234,17-Mar-2025,1,Not Required,12720
R15179,SO25748,P1638,02-Apr-2025,9,Not Required,65610
R15180,SO23652,P1873,20-Dec-2025,2,Damaged,154900
R15181,SO65485,P1404,23-Feb-2025,2,Not Required,144960
R15182,SO19522,P1273,10-Mar-2025,15,Late Delivery,696600
R15183,SO25003,P1406,21-Feb-2025,4,Late Delivery,297160
R15184,SO52597,P1636,17-Mar-2025,10,Not Required,71100
R15185,SO13793,P1731,08-Aug-2025,6,Damaged,358200
R15186,SO36282,P1256,07-May-2025,2,Late Delivery,19480
R15187,SO19288,P1167,07-Oct-2025,7,Size Issue,154490
R15188,SO31895,P1821,12-Mar-2025,3,Not Required,198480
R15189,SO35602,P1945,09-Jun-2025,7,Damaged,394310
R15190,SO17772,P1811,19-Sep-2025,1,Damaged,63990
R15191,SO13988,P1905,03-Jun-2025,8,Late Delivery,396560
R15192,SO61624,P1367,25-Nov-2025,5,Not Required,326950
R15193,SO56796,P1461,01-Jul-2025,2,Late Delivery,25200
R15194,SO28243,P1672,13-Jul-2025,1,Damaged,28760
R15195,SO23703,P1692,14-May-2025,5,Wrong Item,275650
R15196,SO34870,P1957,05-Aug-2025,6,Quality Issue,74700
R15197,SO16730,P1882,03-Feb-2025,11,Size Issue,217580
R15198,SO46433,P1618,13-Jul-2025,7,Size Issue,355180
R15199,SO51806,P1654,14-Apr-2025,5,Wrong Item,157750
R15200,SO52293,P1590,21-Feb-2025,10,Wrong Item,351900
R15201,SO52037,P1473,08-Mar-2025,5,Not Required,176000
R15202,SO47625,P1892,24-May-2025,2,Quality Issue,55760
R15203,SO44299,P1488,25-Dec-2025,1,Late Delivery,23260
R15204,SO40367,P1332,18-Dec-2025,1,Not Required,55390
R15205,SO28619,P1018,20-Apr-2025,1,Late Delivery,5790
R15206,SO11685,P1218,19-Oct-2025,4,Not Required,62520
R15207,SO24443,P1800,11-Mar-2025,2,Size Issue,105520
R15208,SO62695,P1132,20-Nov-2025,1,Late Delivery,38560
R15209,SO35335,P1330,19-Feb-2025,6,Not Required,289380
R15210,SO50055,P1141,23-Oct-2025,5,Damaged,117350
R15211,SO18811,P1681,13-Nov-2025,7,Defective,108220
R15212,SO37041,P1997,08-Feb-2025,7,Damaged,185010
R15213,SO16659,P1277,29-Nov-2025,1,Not Required,5880
R15214,SO61457,P1739,18-Aug-2025,2,Late Delivery,58640
R15215,SO22455,P1800,22-Jun-2025,9,Wrong Item,474840
R15216,SO59044,P1065,09-Mar-2025,1,Quality Issue,32270
R15217,SO32894,P1454,11-Feb-2025,4,Late Delivery,221840
R15218,SO10623,P1532,05-Sep-2025,1,Wrong Item,17240
R15219,SO31755,P1862,02-Jan-2026,9,Defective,398970
R15220,SO49271,P1043,06-Jan-2025,11,Not Required,328020
R15221,SO40778,P1109,12-Nov-2025,8,Wrong Item,352880
R15222,SO25590,P1483,04-Nov-2025,4,Wrong Item,300760
R15223,SO36059,P1190,29-Mar-2025,1,Size Issue,35350
R15224,SO25744,P1774,07-Mar-2025,11,Damaged,510730
R15225,SO54804,P1438,11-Nov-2025,1,Late Delivery,22690
R15226,SO23858,P1793,29-Jan-2025,1,Not Required,59890
R15227,SO28858,P1285,11-Apr-2025,12,Late Delivery,439200
R15228,SO28315,P1252,11-Apr-2025,7,Damaged,106050
R15229,SO62504,P1726,23-Apr-2025,1,Defective,49600
R15230,SO58284,P1555,13-Mar-2025,2,Damaged,69960
R15231,SO59147,P1386,17-Oct-2025,15,Late Delivery,579000
R15232,SO61242,P1619,28-Jul-2025,11,Defective,264000
R15233,SO65270,P1538,30-Dec-2025,1,Defective,80160
R15234,SO18484,P1293,17-Apr-2025,3,Damaged,7230
R15235,SO34843,P1842,18-Jul-2025,4,Size Issue,245320
R15236,SO64981,P1831,21-Sep-2025,9,Late Delivery,393750
R15237,SO65496,P1799,20-Feb-2025,7,Wrong Item,263340
R15238,SO66272,P1372,13-Mar-2025,16,Damaged,94560
R15239,SO52990,P1953,01-Nov-2025,12,Damaged,781920
R15240,SO52310,P1598,02-Sep-2025,5,Wrong Item,192300
R15241,SO33493,P1638,21-Mar-2025,2,Damaged,14580
R15242,SO13634,P1444,31-Jan-2025,10,Quality Issue,649200
R15243,SO64489,P1721,17-Oct-2025,9,Defective,560700
R15244,SO16279,P1110,04-Oct-2025,1,Damaged,44930
R15245,SO49768,P1080,04-May-2025,1,Wrong Item,44720
R15246,SO57180,P1883,13-May-2025,9,Defective,500850
R15247,SO45262,P1176,25-Nov-2025,18,Wrong Item,693180
R15248,SO22572,P1857,26-Dec-2025,11,Quality Issue,655930
R15249,SO64610,P1229,21-Jan-2025,13,Not Required,5850
R15250,SO24213,P1927,14-Feb-2025,11,Late Delivery,308000
R15251,SO52558,P1523,14-Oct-2025,2,Wrong Item,23780
R15252,SO63148,P1784,15-Nov-2025,9,Size Issue,448740
R15253,SO61983,P1525,14-Oct-2025,4,Quality Issue,99520
R15254,SO28515,P1357,28-Jun-2025,12,Late Delivery,699240
R15255,SO20469,P1586,16-Jul-2025,4,Size Issue,198400
R15256,SO33031,P1885,08-Dec-2025,2,Damaged,8060
R15257,SO27708,P1847,28-Jul-2025,11,Defective,100650
R15258,SO49937,P1188,12-Mar-2025,2,Quality Issue,166180
R15259,SO37167,P1303,06-Sep-2025,6,Wrong Item,74220
R15260,SO36006,P1059,18-Jun-2025,4,Defective,205600
R15261,SO42983,P1983,11-Dec-2025,6,Size Issue,495720
R15262,SO63678,P1812,09-Aug-2025,4,Not Required,271000
R15263,SO48363,P1301,22-Dec-2025,1,Size Issue,23360
R15264,SO55854,P1108,12-Feb-2025,5,Defective,287500
R15265,SO45297,P1147,23-Sep-2025,1,Wrong Item,40630
R15266,SO48705,P1806,26-Jul-2025,18,Wrong Item,671940
R15267,SO68654,P1635,17-Sep-2025,2,Quality Issue,135720
R15268,SO53530,P1271,10-Jan-2025,1,Wrong Item,43510
R15269,SO59756,P1937,31-May-2025,8,Defective,324640
R15270,SO60256,P1219,06-Sep-2025,8,Damaged,16720
R15271,SO26711,P1762,27-Mar-2025,5,Defective,122100
R15272,SO69049,P1381,02-Dec-2025,2,Damaged,47740
R15273,SO40229,P1927,01-Nov-2025,5,Damaged,140000
R15274,SO20230,P1894,09-Sep-2025,5,Size Issue,274300
R15275,SO51735,P1696,23-Mar-2025,8,Size Issue,369760
R15276,SO42930,P1900,06-Apr-2025,4,Late Delivery,272880
R15277,SO53998,P1507,27-Jan-2025,9,Defective,665100
R15278,SO60413,P1856,12-Aug-2025,4,Quality Issue,286240
R15279,SO34359,P1662,12-Mar-2025,3,Quality Issue,209730
R15280,SO17652,P1619,11-Mar-2025,6,Size Issue,144000
R15281,SO61815,P1026,01-Oct-2025,3,Not Required,175590
R15282,SO62566,P1839,04-Oct-2025,1,Defective,5120
R15283,SO19332,P1695,02-May-2025,5,Not Required,51050
R15284,SO37870,P1357,13-Aug-2025,11,Not Required,640970
R15285,SO50839,P1032,03-Aug-2025,7,Defective,343980
R15286,SO29400,P1194,14-Jun-2025,2,Size Issue,13280
R15287,SO52082,P1896,11-Jun-2025,2,Not Required,116400
R15288,SO32554,P1602,21-Jun-2025,2,Quality Issue,152420
R15289,SO23774,P1510,07-Jul-2025,7,Damaged,21350
R15290,SO11485,P1536,05-Nov-2025,14,Size Issue,813260
R15291,SO49329,P1699,13-Jan-2026,3,Damaged,71430
R15292,SO43664,P1484,09-Nov-2025,13,Size Issue,536120
R15293,SO61424,P1589,25-Jun-2025,10,Defective,167800
R15294,SO62087,P1012,17-Jun-2025,10,Wrong Item,633100
R15295,SO19618,P1363,24-Aug-2025,1,Damaged,61670
R15296,SO56187,P1814,29-Aug-2025,5,Not Required,216200
R15297,SO54583,P1455,09-Apr-2025,15,Damaged,491250
R15298,SO35409,P1711,26-Jul-2025,6,Defective,146940
R15299,SO46221,P1200,21-Aug-2025,5,Defective,65450
R15300,SO60873,P1976,07-Dec-2025,3,Defective,180870
R15301,SO26948,P1533,27-Jun-2025,6,Damaged,241500
R15302,SO65019,P1754,18-Sep-2025,2,Damaged,1720
R15303,SO64665,P1239,14-Aug-2025,5,Not Required,415600
R15304,SO15650,P1916,19-Feb-2025,8,Defective,598880
R15305,SO64952,P1804,22-Oct-2025,7,Defective,439950
R15306,SO59788,P1106,08-Dec-2025,3,Quality Issue,134430
R15307,SO19884,P1872,05-Jun-2025,6,Size Issue,240000
R15308,SO61018,P1227,09-May-2025,3,Late Delivery,154260
R15309,SO27063,P1271,16-Feb-2025,1,Not Required,43510
R15310,SO28823,P1523,08-May-2025,1,Size Issue,11890
R15311,SO39592,P1664,22-Sep-2025,14,Wrong Item,293720
R15312,SO14890,P1856,23-Sep-2025,4,Quality Issue,286240
R15313,SO30504,P1582,05-Feb-2025,4,Late Delivery,104480
R15314,SO53007,P1092,10-Jan-2026,14,Wrong Item,1022840
R15315,SO64969,P1845,25-Feb-2025,4,Defective,90080
R15316,SO45051,P1082,04-Mar-2025,7,Size Issue,221620
R15317,SO12837,P1203,23-Jan-2025,1,Damaged,17620
R15318,SO32516,P1423,09-May-2025,5,Size Issue,65800
R15319,SO41342,P1774,02-Jul-2025,1,Late Delivery,46430
R15320,SO27048,P1008,19-Oct-2025,14,Quality Issue,872760
R15321,SO64447,P1743,25-Jul-2025,9,Defective,368820
R15322,SO40824,P1984,22-Nov-2025,8,Defective,1920
R15323,SO60367,P1527,24-Nov-2025,2,Size Issue,2460
R15324,SO38925,P1195,25-Aug-2025,2,Quality Issue,53120
R15325,SO69754,P1705,10-Oct-2025,3,Defective,221250
R15326,SO20936,P1428,02-Mar-2025,2,Damaged,99120
R15327,SO68193,P1373,23-Feb-2025,3,Late Delivery,200100
R15328,SO39661,P1898,02-Aug-2025,1,Size Issue,27150
R15329,SO38254,P1961,06-Mar-2025,3,Late Delivery,65280
R15330,SO17233,P1444,16-Sep-2025,5,Defective,324600
R15331,SO32671,P1870,25-Apr-2025,5,Defective,29450
R15332,SO53264,P1018,27-Nov-2025,11,Not Required,63690
R15333,SO13713,P1013,20-Jan-2025,10,Damaged,570400
R15334,SO49448,P1650,29-Apr-2025,14,Late Delivery,647360
R15335,SO27208,P1062,28-May-2025,7,Defective,431760
R15336,SO49374,P1106,02-Feb-2025,6,Quality Issue,268860
R15337,SO11084,P1794,01-Mar-2025,2,Quality Issue,12040
R15338,SO23860,P1157,31-Jan-2025,10,Defective,63400
R15339,SO62364,P1873,28-Apr-2025,16,Defective,1239200
R15340,SO52000,P1123,30-Oct-2025,3,Late Delivery,185670
R15341,SO61118,P1736,04-Jan-2026,7,Not Required,326900
R15342,SO67532,P1147,15-Aug-2025,4,Quality Issue,162520
R15343,SO56258,P1525,01-Aug-2025,10,Late Delivery,248800
R15344,SO63649,P1461,10-Jun-2025,16,Late Delivery,201600
R15345,SO48348,P1525,13-Apr-2025,7,Damaged,174160
R15346,SO10952,P1417,21-Feb-2025,10,Quality Issue,166200
R15347,SO28496,P1480,07-Apr-2025,3,Wrong Item,78150
R15348,SO21245,P1748,01-Jan-2026,14,Size Issue,159180
R15349,SO34852,P1169,29-Dec-2025,1,Defective,62150
R15350,SO36563,P1100,17-Jul-2025,7,Wrong Item,134190
R15351,SO21913,P1203,18-Mar-2025,4,Defective,70480
R15352,SO17998,P1040,27-Sep-2025,5,Late Delivery,87600
R15353,SO32156,P1671,30-Sep-2025,11,Defective,178530
R15354,SO39106,P1943,05-Jun-2025,12,Not Required,512520
R15355,SO63697,P1655,25-Apr-2025,10,Quality Issue,74100
R15356,SO24703,P1783,26-Sep-2025,17,Quality Issue,541280
R15357,SO26506,P1487,31-Jan-2025,10,Not Required,574100
R15358,SO56908,P1993,28-May-2025,2,Damaged,40280
R15359,SO41616,P1037,13-Oct-2025,1,Late Delivery,42590
R15360,SO36706,P1952,24-May-2025,14,Size Issue,524300
R15361,SO54702,P1226,03-Feb-2025,2,Not Required,118640
R15362,SO23105,P1225,17-Mar-2025,12,Quality Issue,378120
R15363,SO35713,P1437,02-Dec-2025,12,Defective,737880
R15364,SO46345,P1187,15-Sep-2025,4,Damaged,117640
R15365,SO34992,P1115,25-Jun-2025,9,Late Delivery,142650
R15366,SO67699,P1758,09-Jan-2026,4,Not Required,140920
R15367,SO13514,P1864,16-Jun-2025,11,Quality Issue,531630
R15368,SO36627,P1977,16-Feb-2025,7,Not Required,435610
R15369,SO20205,P1514,08-Nov-2025,15,Not Required,106950
R15370,SO66314,P1107,12-Dec-2025,4,Late Delivery,7560
R15371,SO61564,P1478,29-Jun-2025,3,Quality Issue,76320
R15372,SO23732,P1283,19-Jan-2025,3,Defective,153270
R15373,SO39956,P1430,11-Jul-2025,2,Late Delivery,25120
R15374,SO43759,P1188,05-Jul-2025,3,Not Required,249270
R15375,SO24053,P1686,05-Oct-2025,8,Not Required,105760
R15376,SO35600,P1990,15-Sep-2025,4,Defective,40840
R15377,SO19233,P1427,18-Oct-2025,2,Quality Issue,153420
R15378,SO28846,P1026,17-Jul-2025,3,Quality Issue,175590
R15379,SO48865,P1422,24-Dec-2025,1,Defective,29800
R15380,SO40583,P1036,04-Jul-2025,4,Damaged,30760
R15381,SO50794,P1408,12-Nov-2025,4,Defective,220520
R15382,SO65616,P1439,13-Dec-2025,4,Size Issue,23600
R15383,SO15012,P1998,20-Apr-2025,14,Late Delivery,427980
R15384,SO13034,P1135,20-Aug-2025,18,Damaged,933480
R15385,SO51930,P1316,07-Oct-2025,4,Damaged,17560
R15386,SO30417,P1250,23-Jul-2025,3,Late Delivery,41610
R15387,SO42411,P1524,17-May-2025,1,Quality Issue,59360
R15388,SO36228,P1350,19-May-2025,2,Size Issue,100520
R15389,SO16698,P1158,07-Feb-2025,9,Not Required,419400
R15390,SO13511,P1857,19-Jan-2025,3,Late Delivery,178890
R15391,SO11198,P1352,04-Dec-2025,3,Late Delivery,9090
R15392,SO21290,P1260,17-May-2025,13,Quality Issue,883220
R15393,SO62084,P1428,05-Oct-2025,1,Not Required,49560
R15394,SO25206,P1851,04-Jan-2026,1,Defective,25540
R15395,SO13593,P1306,27-May-2025,11,Quality Issue,280060
R15396,SO40759,P1841,25-Oct-2025,5,Late Delivery,101200
R15397,SO32615,P1865,04-Apr-2025,2,Not Required,148560
R15398,SO60151,P1679,23-Feb-2025,6,Quality Issue,437520
R15399,SO53640,P1060,19-Jun-2025,7,Size Issue,207340
R15400,SO56140,P1761,23-Nov-2025,7,Late Delivery,20510
R15401,SO12354,P1264,05-Mar-2025,13,Late Delivery,860860
R15402,SO37884,P1336,27-Dec-2025,1,Late Delivery,14560
R15403,SO24531,P1796,24-May-2025,2,Not Required,16920
R15404,SO49672,P1068,25-Sep-2025,1,Not Required,17930
R15405,SO31456,P1991,21-Nov-2025,10,Damaged,448600
R15406,SO55060,P1992,17-Mar-2025,11,Late Delivery,757240
R15407,SO46600,P1730,17-Feb-2025,12,Damaged,278400
R15408,SO57600,P1614,23-Apr-2025,1,Size Issue,4890
R15409,SO10847,P1564,27-Nov-2025,1,Size Issue,2740
R15410,SO53757,P1262,28-Feb-2025,11,Quality Issue,352000
R15411,SO50119,P1747,07-Jan-2026,11,Late Delivery,11990
R15412,SO23243,P1174,15-May-2025,5,Not Required,77450
R15413,SO10833,P1995,27-Jun-2025,2,Not Required,110560
R15414,SO22613,P1064,29-May-2025,9,Size Issue,42480
R15415,SO35597,P1746,20-May-2025,10,Damaged,630700
R15416,SO34431,P1504,11-Feb-2025,2,Late Delivery,81160
R15417,SO44120,P1878,13-Sep-2025,10,Damaged,5700
R15418,SO20843,P1742,23-Jan-2025,3,Late Delivery,224730
R15419,SO42977,P1495,14-Jan-2026,2,Late Delivery,41360
R15420,SO59478,P1325,17-May-2025,4,Late Delivery,309600
R15421,SO37045,P1727,10-May-2025,4,Quality Issue,275920
R15422,SO37863,P1006,17-Nov-2025,7,Late Delivery,136080
R15423,SO67104,P1640,17-Oct-2025,3,Damaged,77940
R15424,SO43663,P1138,19-Aug-2025,2,Not Required,106700
R15425,SO62314,P1545,19-Feb-2025,1,Wrong Item,13510
R15426,SO55022,P1765,20-Mar-2025,4,Late Delivery,157160
R15427,SO18548,P1093,16-Feb-2025,3,Defective,44250
R15428,SO37662,P1347,25-Jun-2025,2,Not Required,91960
R15429,SO40934,P1927,02-Dec-2025,8,Wrong Item,224000
R15430,SO36001,P1809,06-May-2025,1,Quality Issue,4350
R15431,SO13467,P1037,01-Nov-2025,7,Not Required,298130
R15432,SO66826,P1337,19-May-2025,6,Late Delivery,264120
R15433,SO56207,P1526,10-Dec-2025,1,Quality Issue,6240
R15434,SO67195,P1030,11-Jul-2025,8,Quality Issue,173600
R15435,SO47222,P1023,03-Feb-2025,9,Defective,203130
R15436,SO35416,P1692,21-Dec-2025,8,Not Required,441040
R15437,SO30649,P1843,29-Aug-2025,13,Size Issue,514670
R15438,SO25274,P1202,30-Apr-2025,6,Damaged,419760
R15439,SO54282,P1580,07-Mar-2025,1,Wrong Item,33450
R15440,SO29824,P1935,12-Apr-2025,1,Defective,30940
R15441,SO41707,P1690,13-Mar-2025,17,Damaged,666400
R15442,SO36310,P1213,07-Mar-2025,1,Quality Issue,50380
R15443,SO44864,P1910,04-Nov-2025,6,Quality Issue,427680
R15444,SO69010,P1540,25-Apr-2025,1,Not Required,11800
R15445,SO56724,P1006,21-Mar-2025,19,Not Required,369360
R15446,SO50282,P1670,25-May-2025,18,Wrong Item,510660
R15447,SO36779,P1132,31-Jul-2025,6,Late Delivery,231360
R15448,SO40079,P1350,01-Sep-2025,8,Damaged,402080
R15449,SO40804,P1942,26-Nov-2025,6,Not Required,196980
R15450,SO61097,P1847,07-Nov-2025,1,Wrong Item,9150
R15451,SO12803,P1248,04-Aug-2025,2,Size Issue,77080
R15452,SO38071,P1094,04-Oct-2025,15,Damaged,488400
R15453,SO22716,P1952,23-Sep-2025,3,Quality Issue,112350
R15454,SO53655,P1140,07-Feb-2025,11,Size Issue,388190
R15455,SO69748,P1808,07-Dec-2025,1,Not Required,68220
R15456,SO22926,P1338,22-Sep-2025,14,Late Delivery,75600
R15457,SO34827,P1838,20-Mar-2025,3,Not Required,12090
R15458,SO16570,P1877,21-Mar-2025,3,Quality Issue,108510
R15459,SO43427,P1048,27-Mar-2025,1,Size Issue,49660
R15460,SO66334,P1192,08-Sep-2025,3,Late Delivery,11550
R15461,SO35255,P1682,29-Oct-2025,9,Damaged,218610
R15462,SO21926,P1692,06-Sep-2025,1,Size Issue,55130
R15463,SO34918,P1002,11-Sep-2025,7,Defective,460180
R15464,SO63453,P1937,14-Nov-2025,9,Quality Issue,365220
R15465,SO69185,P1151,24-Jan-2025,1,Damaged,910
R15466,SO13716,P1235,27-Jun-2025,3,Not Required,164760
R15467,SO34650,P1999,11-Oct-2025,5,Not Required,175850
R15468,SO60302,P1675,07-Mar-2025,7,Wrong Item,327950
R15469,SO33724,P1250,19-May-2025,11,Late Delivery,152570
R15470,SO49728,P1235,01-Mar-2025,2,Not Required,109840
R15471,SO53305,P1560,25-Apr-2025,6,Late Delivery,53040
R15472,SO54954,P1345,15-Apr-2025,2,Defective,30120
R15473,SO43771,P1269,25-Mar-2025,1,Size Issue,22230
R15474,SO37303,P1002,13-Jan-2025,4,Late Delivery,262960
R15475,SO46680,P1305,06-Jun-2025,2,Wrong Item,41800
R15476,SO59375,P1856,16-Sep-2025,9,Quality Issue,644040
R15477,SO18847,P1368,28-May-2025,9,Wrong Item,115650
R15478,SO63897,P1182,24-Dec-2025,2,Size Issue,126120
R15479,SO66103,P1997,22-Mar-2025,4,Late Delivery,105720
R15480,SO27199,P1773,09-Jun-2025,2,Defective,161260
R15481,SO61462,P1554,19-Feb-2025,4,Damaged,149200
R15482,SO60291,P1585,05-Oct-2025,11,Quality Issue,631180
R15483,SO65170,P1101,02-Sep-2025,7,Quality Issue,107660
R15484,SO69276,P1340,31-Jan-2025,1,Late Delivery,44790
R15485,SO55804,P1335,21-Jan-2025,2,Wrong Item,10000
R15486,SO66694,P1560,21-Nov-2025,6,Damaged,53040
R15487,SO65418,P1624,12-Jan-2026,1,Not Required,71150
R15488,SO49188,P1956,13-Aug-2025,5,Wrong Item,341000
R15489,SO14325,P1188,06-May-2025,10,Damaged,830900
R15490,SO27849,P1142,27-Nov-2025,2,Quality Issue,2380
R15491,SO26573,P1506,14-May-2025,15,Late Delivery,294450
R15492,SO26354,P1203,22-Oct-2025,2,Defective,35240
R15493,SO36727,P1705,23-Jan-2025,10,Defective,737500
R15494,SO23972,P1412,22-May-2025,6,Damaged,194100
R15495,SO60842,P1818,28-Aug-2025,2,Late Delivery,84240
R15496,SO27467,P1074,09-Nov-2025,1,Quality Issue,47610
R15497,SO49894,P1351,23-Sep-2025,10,Damaged,261800
R15498,SO30400,P1076,30-Jan-2025,4,Defective,1760
R15499,SO26772,P1434,22-Jun-2025,7,Quality Issue,173250
R15500,SO29876,P1155,17-Mar-2025,3,Not Required,1770
R15501,SO61984,P1781,07-Oct-2025,6,Damaged,364680
R15502,SO19669,P1137,12-Mar-2025,12,Size Issue,144480
R15503,SO32134,P1618,04-Jul-2025,11,Size Issue,558140
R15504,SO35088,P1672,21-Feb-2025,3,Wrong Item,86280
R15505,SO16159,P1132,20-Dec-2025,9,Wrong Item,347040
R15506,SO26816,P1679,01-May-2025,1,Size Issue,72920
R15507,SO52339,P1824,04-Jun-2025,15,Not Required,141600
R15508,SO53918,P1131,12-Aug-2025,1,Wrong Item,5090
R15509,SO42345,P1574,11-Mar-2025,2,Damaged,90720
R15510,SO65874,P1809,03-Jan-2026,6,Size Issue,26100
R15511,SO14404,P1362,23-Jun-2025,8,Size Issue,521040
R15512,SO41164,P1389,22-Feb-2025,4,Size Issue,74360
R15513,SO50624,P1065,26-Nov-2025,1,Damaged,32270
R15514,SO49942,P1731,14-Jan-2025,3,Not Required,179100
R15515,SO45432,P1708,05-Aug-2025,1,Defective,23100
R15516,SO47631,P1861,18-Aug-2025,10,Defective,533800
R15517,SO25084,P1444,14-Jan-2025,3,Quality Issue,194760
R15518,SO50582,P1868,18-Jul-2025,4,Quality Issue,79120
R15519,SO58079,P1853,20-Sep-2025,14,Defective,766780
R15520,SO25842,P1783,01-Jun-2025,1,Quality Issue,31840
R15521,SO10513,P1793,07-Sep-2025,7,Late Delivery,419230
R15522,SO46549,P1782,04-Oct-2025,10,Not Required,104800
R15523,SO26647,P1113,17-Apr-2025,7,Damaged,258790
R15524,SO40721,P1470,09-Nov-2025,2,Late Delivery,23620
R15525,SO37051,P1934,13-Feb-2025,2,Wrong Item,93860
R15526,SO52862,P1074,13-Jan-2025,4,Not Required,190440
R15527,SO54658,P1134,16-Dec-2025,8,Late Delivery,250960
R15528,SO39357,P1177,24-Feb-2025,3,Wrong Item,167340
R15529,SO52427,P1332,03-Apr-2025,2,Size Issue,110780
R15530,SO60693,P1577,21-Mar-2025,4,Size Issue,12520
R15531,SO47108,P1662,27-Mar-2025,7,Size Issue,489370
R15532,SO43657,P1686,30-Jan-2025,1,Quality Issue,13220
R15533,SO60335,P1090,07-Feb-2025,2,Defective,111360
R15534,SO20621,P1931,02-Oct-2025,3,Not Required,20730
R15535,SO39471,P1980,12-Feb-2025,6,Not Required,258780
R15536,SO43915,P1573,12-Oct-2025,1,Wrong Item,2390
R15537,SO33290,P1795,15-Feb-2025,2,Damaged,122000
R15538,SO44174,P1249,19-Sep-2025,1,Quality Issue,4720
R15539,SO24770,P1949,04-Apr-2025,10,Damaged,296600
R15540,SO31026,P1054,12-Oct-2025,3,Size Issue,62880
R15541,SO11649,P1885,30-Oct-2025,1,Defective,4030
R15542,SO40265,P1719,02-Mar-2025,8,Quality Issue,121120
R15543,SO25330,P1652,17-Mar-2025,1,Not Required,66640
R15544,SO37781,P1670,20-Apr-2025,3,Quality Issue,85110
R15545,SO55421,P1574,11-Jul-2025,6,Defective,272160
R15546,SO69155,P1914,25-Apr-2025,3,Wrong Item,201720
R15547,SO24316,P1853,31-Jul-2025,3,Quality Issue,164310
R15548,SO63370,P1628,17-Feb-2025,6,Size Issue,287340
R15549,SO46631,P1298,15-Jan-2025,5,Damaged,356350
R15550,SO54559,P1809,17-Nov-2025,8,Defective,34800
R15551,SO60663,P1974,22-Jan-2025,4,Quality Issue,188720
R15552,SO18026,P1334,21-Mar-2025,2,Quality Issue,15020
R15553,SO15578,P1387,01-May-2025,9,Late Delivery,380250
R15554,SO21681,P1015,27-Jun-2025,6,Defective,274320
R15555,SO40445,P1219,03-Mar-2025,2,Not Required,4180
R15556,SO32902,P1094,25-Nov-2025,2,Damaged,65120
R15557,SO22557,P1172,01-Jul-2025,16,Not Required,405600
R15558,SO21554,P1464,08-Oct-2025,5,Size Issue,41700
R15559,SO19372,P1248,14-Sep-2025,9,Wrong Item,346860
R15560,SO36072,P1187,06-Jan-2026,7,Quality Issue,205870
R15561,SO18461,P1678,25-Oct-2025,1,Quality Issue,25410
R15562,SO41953,P1220,30-Jan-2025,5,Damaged,363650
R15563,SO56777,P1171,02-Aug-2025,8,Not Required,326000
R15564,SO67304,P1321,26-May-2025,5,Size Issue,321600
R15565,SO39682,P1299,21-Feb-2025,5,Quality Issue,113450
R15566,SO13571,P1075,03-Sep-2025,1,Size Issue,68180
R15567,SO10678,P1795,28-Oct-2025,5,Wrong Item,305000
R15568,SO44223,P1483,26-Oct-2025,12,Defective,902280
R15569,SO36958,P1381,05-Jan-2026,11,Defective,262570
R15570,SO30349,P1926,06-Apr-2025,7,Not Required,3990
R15571,SO12316,P1716,04-Dec-2025,3,Quality Issue,104400
R15572,SO50849,P1001,01-Jul-2025,16,Defective,757760
R15573,SO44964,P1828,08-Feb-2025,2,Quality Issue,9080
R15574,SO35310,P1770,15-Apr-2025,8,Quality Issue,134400
R15575,SO11293,P1649,18-Mar-2025,7,Size Issue,296170
R15576,SO54391,P1987,30-Aug-2025,5,Defective,219750
R15577,SO40029,P1022,29-Jan-2025,15,Quality Issue,372600
R15578,SO38271,P1720,31-Dec-2025,16,Damaged,868160
R15579,SO17191,P1440,13-Nov-2025,2,Late Delivery,46800
R15580,SO38032,P1651,22-Feb-2025,12,Not Required,177240
R15581,SO32032,P1174,22-May-2025,14,Wrong Item,216860
R15582,SO44967,P1349,16-Jul-2025,11,Wrong Item,385550
R15583,SO24004,P1521,07-Oct-2025,3,Not Required,1140
R15584,SO28261,P1145,16-Nov-2025,1,Not Required,4890
R15585,SO51112,P1429,24-Dec-2025,10,Damaged,481800
R15586,SO46100,P1049,22-Aug-2025,1,Not Required,12490
R15587,SO18515,P1465,28-Aug-2025,13,Defective,129740
R15588,SO46814,P1463,14-Nov-2025,10,Damaged,194500
R15589,SO47214,P1399,15-Jan-2025,8,Late Delivery,325120
R15590,SO25777,P1760,12-Dec-2025,14,Size Issue,988960
R15591,SO31831,P1643,26-May-2025,17,Quality Issue,1150900
R15592,SO66063,P1999,26-Jun-2025,9,Damaged,316530
R15593,SO28921,P1687,22-Dec-2025,3,Wrong Item,40950
R15594,SO37729,P1256,25-Jul-2025,1,Wrong Item,9740
R15595,SO68517,P1756,22-Apr-2025,2,Size Issue,128660
R15596,SO13434,P1631,10-Aug-2025,8,Quality Issue,319360
R15597,SO56732,P1767,28-Mar-2025,8,Wrong Item,407840
R15598,SO15594,P1902,11-May-2025,3,Not Required,171180
R15599,SO18684,P1484,03-Jun-2025,3,Wrong Item,123720
R15600,SO59868,P1135,27-Feb-2025,18,Defective,933480
R15601,SO21210,P1067,30-Apr-2025,1,Size Issue,32380
R15602,SO39959,P1258,16-Dec-2025,2,Quality Issue,102000
R15603,SO62249,P1148,25-Dec-2025,9,Wrong Item,495090
R15604,SO68892,P1525,17-Aug-2025,3,Quality Issue,74640
R15605,SO61278,P1464,21-Dec-2025,7,Size Issue,58380
R15606,SO60146,P1811,29-Mar-2025,1,Wrong Item,63990
R15607,SO40724,P1557,03-Sep-2025,8,Size Issue,84880
R15608,SO32266,P1368,07-Dec-2025,3,Late Delivery,38550
R15609,SO44499,P1619,03-Oct-2025,6,Wrong Item,144000
R15610,SO50100,P1969,25-Feb-2025,1,Quality Issue,47570
R15611,SO21720,P1473,21-Jul-2025,1,Wrong Item,35200
R15612,SO51251,P1665,24-Apr-2025,6,Not Required,334920
R15613,SO64082,P1520,08-Nov-2025,2,Size Issue,7180
R15614,SO40167,P1486,05-Jan-2026,2,Defective,129220
R15615,SO32435,P1317,16-Feb-2025,2,Defective,120100
R15616,SO11052,P1464,07-Oct-2025,1,Quality Issue,8340
R15617,SO64777,P1544,10-May-2025,7,Damaged,356790
R15618,SO25255,P1327,01-Jul-2025,5,Late Delivery,20500
R15619,SO21622,P1064,01-Dec-2025,2,Late Delivery,9440
R15620,SO24236,P1440,30-Nov-2025,13,Late Delivery,304200
R15621,SO61722,P1595,17-Nov-2025,2,Quality Issue,139580
R15622,SO40463,P1123,27-Apr-2025,12,Late Delivery,742680
R15623,SO31462,P1183,07-Aug-2025,2,Damaged,26120
R15624,SO11621,P1894,22-May-2025,4,Size Issue,219440
R15625,SO62273,P1106,12-Nov-2025,5,Late Delivery,224050
R15626,SO67502,P1270,13-Aug-2025,5,Size Issue,289900
R15627,SO23720,P1224,12-May-2025,1,Quality Issue,19640
R15628,SO61760,P1784,28-Jul-2025,1,Wrong Item,49860
R15629,SO65737,P1524,19-May-2025,5,Wrong Item,296800
R15630,SO49302,P1730,24-Dec-2025,11,Defective,255200
R15631,SO51309,P1802,13-Sep-2025,8,Late Delivery,45600
R15632,SO60947,P1859,10-Jan-2026,2,Late Delivery,66620
R15633,SO43097,P1133,22-Sep-2025,10,Wrong Item,729200
R15634,SO53334,P1208,06-Sep-2025,4,Damaged,246760
R15635,SO68477,P1098,26-Aug-2025,5,Size Issue,389950
R15636,SO36436,P1960,01-Dec-2025,5,Late Delivery,236700
R15637,SO30316,P1737,16-Oct-2025,9,Late Delivery,272340
R15638,SO55552,P1458,23-Apr-2025,1,Size Issue,55790
R15639,SO20740,P1618,31-May-2025,14,Defective,710360
R15640,SO68240,P1302,11-Mar-2025,12,Damaged,1440
R15641,SO43997,P1009,19-Aug-2025,3,Size Issue,17220
R15642,SO47667,P1301,04-Oct-2025,1,Wrong Item,23360
R15643,SO29168,P1384,28-Jan-2025,3,Defective,6420
R15644,SO15795,P1381,04-Mar-2025,1,Size Issue,23870
R15645,SO23515,P1916,04-Oct-2025,5,Late Delivery,374300
R15646,SO41394,P1406,02-Dec-2025,1,Late Delivery,74290
R15647,SO37553,P1755,01-Sep-2025,15,Defective,832350
R15648,SO28266,P1514,11-Jun-2025,3,Late Delivery,21390
R15649,SO62191,P1570,09-Jan-2026,4,Wrong Item,55320
R15650,SO24565,P1917,13-May-2025,1,Size Issue,2480
R15651,SO41975,P1883,23-Jul-2025,5,Wrong Item,278250
R15652,SO35887,P1833,26-May-2025,6,Wrong Item,183480
R15653,SO45037,P1347,02-Mar-2025,3,Not Required,137940
R15654,SO48164,P1256,25-May-2025,5,Quality Issue,48700
R15655,SO36419,P1035,24-Sep-2025,9,Damaged,183330
R15656,SO10188,P1595,27-Mar-2025,9,Late Delivery,628110
R15657,SO55608,P1703,30-Jul-2025,2,Size Issue,74560
R15658,SO17427,P1958,14-Jul-2025,5,Wrong Item,370600
R15659,SO21728,P1688,13-Aug-2025,12,Defective,89280
R15660,SO34648,P1717,30-Mar-2025,1,Size Issue,45860
R15661,SO69556,P1523,06-Mar-2025,1,Not Required,11890
R15662,SO15705,P1824,20-Dec-2025,2,Defective,18880
R15663,SO54522,P1477,07-Apr-2025,3,Defective,51090
R15664,SO35418,P1533,20-Jun-2025,6,Damaged,241500
R15665,SO36197,P1399,29-Jun-2025,5,Defective,203200
R15666,SO55644,P1009,30-Mar-2025,15,Defective,86100
R15667,SO46139,P1755,15-Jul-2025,1,Late Delivery,55490
R15668,SO30087,P1253,03-Aug-2025,1,Size Issue,21280
R15669,SO62739,P1576,02-Sep-2025,17,Defective,546890
R15670,SO23752,P1033,08-Sep-2025,3,Size Issue,178950
R15671,SO11502,P1024,11-Jun-2025,3,Defective,202410
R15672,SO65854,P1931,27-Apr-2025,2,Size Issue,13820
R15673,SO44871,P1866,02-Apr-2025,1,Damaged,70030
R15674,SO23088,P1647,10-Jul-2025,4,Wrong Item,39640
R15675,SO49320,P1994,23-Mar-2025,4,Defective,203520
R15676,SO47189,P1278,17-Jan-2026,1,Late Delivery,54710
R15677,SO48562,P1968,18-Apr-2025,6,Not Required,273300
R15678,SO25119,P1091,13-Nov-2025,6,Not Required,105780
R15679,SO35704,P1432,28-Apr-2025,5,Wrong Item,297550
R15680,SO61312,P1010,08-Nov-2025,3,Quality Issue,18930
R15681,SO21456,P1183,06-Aug-2025,12,Wrong Item,156720
R15682,SO19999,P1249,29-Mar-2025,7,Defective,33040
R15683,SO58963,P1137,03-May-2025,14,Damaged,168560
R15684,SO27866,P1006,26-Dec-2025,9,Size Issue,174960
R15685,SO16674,P1089,05-Jan-2026,2,Quality Issue,64680
R15686,SO18590,P1069,20-Sep-2025,5,Damaged,63300
R15687,SO55368,P1425,21-Jul-2025,4,Late Delivery,282360
R15688,SO67653,P1352,10-Feb-2025,4,Wrong Item,12120
R15689,SO36337,P1858,15-Aug-2025,2,Late Delivery,138000
R15690,SO38547,P1791,15-Oct-2025,9,Late Delivery,547920
R15691,SO50937,P1451,26-Jan-2025,3,Wrong Item,181320
R15692,SO24665,P1660,31-Jul-2025,8,Damaged,130160
R15693,SO44835,P1859,20-Nov-2025,1,Damaged,33310
R15694,SO63562,P1764,16-May-2025,6,Not Required,435120
R15695,SO20096,P1770,27-Jul-2025,8,Quality Issue,134400
R15696,SO11024,P1680,11-Apr-2025,12,Not Required,532680
R15697,SO30354,P1426,17-May-2025,8,Size Issue,500320
R15698,SO47656,P1504,15-Aug-2025,2,Late Delivery,81160
R15699,SO24475,P1260,20-Aug-2025,8,Size Issue,543520
R15700,SO40492,P1995,21-Jan-2025,2,Size Issue,110560
R15701,SO59907,P1785,06-May-2025,1,Not Required,20540
R15702,SO20937,P1918,19-Jun-2025,6,Not Required,8820
R15703,SO48296,P1154,14-Oct-2025,1,Late Delivery,24560
R15704,SO27562,P1795,15-Aug-2025,3,Defective,183000
R15705,SO40930,P1334,16-Jan-2025,2,Wrong Item,15020
R15706,SO17594,P1413,16-Aug-2025,4,Damaged,29240
R15707,SO17942,P1352,25-Jun-2025,1,Size Issue,3030
R15708,SO18131,P1093,14-Oct-2025,4,Late Delivery,59000
R15709,SO68127,P1570,02-Mar-2025,3,Not Required,41490
R15710,SO58102,P1605,11-May-2025,6,Wrong Item,228600
R15711,SO39307,P1126,01-Oct-2025,1,Damaged,19390
R15712,SO49296,P1355,08-Sep-2025,1,Damaged,58970
R15713,SO11268,P1760,17-Aug-2025,5,Wrong Item,353200
R15714,SO28353,P1408,31-May-2025,4,Late Delivery,220520
R15715,SO12408,P1773,26-Feb-2025,2,Not Required,161260
R15716,SO41388,P1203,28-Dec-2025,1,Defective,17620
R15717,SO51301,P1586,04-Mar-2025,8,Late Delivery,396800
R15718,SO32571,P1031,10-Mar-2025,12,Defective,734880
R15719,SO18171,P1586,12-Nov-2025,8,Defective,396800
R15720,SO32407,P1491,21-Nov-2025,3,Size Issue,229260
R15721,SO33848,P1417,17-Jul-2025,1,Quality Issue,16620
R15722,SO65944,P1306,19-May-2025,4,Wrong Item,101840
R15723,SO29849,P1757,09-Oct-2025,3,Size Issue,109860
R15724,SO59599,P1095,23-May-2025,3,Not Required,66000
R15725,SO32444,P1539,28-May-2025,5,Damaged,123450
R15726,SO46837,P1006,23-May-2025,11,Damaged,213840
R15727,SO15960,P1106,11-Feb-2025,6,Quality Issue,268860
R15728,SO62199,P1561,27-Jan-2025,9,Quality Issue,494280
R15729,SO22895,P1363,29-Jul-2025,11,Size Issue,678370
R15730,SO51426,P1429,20-Jun-2025,5,Defective,240900
R15731,SO22588,P1865,07-Dec-2025,4,Damaged,297120
R15732,SO45822,P1791,05-Jun-2025,3,Defective,182640
R15733,SO21017,P1232,09-Oct-2025,6,Late Delivery,323940
R15734,SO44867,P1023,26-May-2025,1,Damaged,22570
R15735,SO47301,P1814,05-Sep-2025,14,Late Delivery,605360
R15736,SO19040,P1216,21-Jul-2025,7,Size Issue,380170
R15737,SO47745,P1797,20-Feb-2025,6,Not Required,35700
R15738,SO53517,P1825,16-Apr-2025,2,Wrong Item,78500
R15739,SO23871,P1948,19-Mar-2025,3,Quality Issue,95700
R15740,SO17838,P1253,11-Sep-2025,17,Wrong Item,361760
R15741,SO39257,P1774,27-Jan-2025,2,Size Issue,92860
R15742,SO33432,P1751,14-Jul-2025,9,Wrong Item,490860
R15743,SO66726,P1338,26-Jan-2025,6,Quality Issue,32400
R15744,SO20214,P1823,06-Mar-2025,3,Damaged,239820
R15745,SO32493,P1162,30-Jan-2025,9,Size Issue,171000
R15746,SO44464,P1685,27-Mar-2025,1,Damaged,32050
R15747,SO17927,P1549,19-Mar-2025,6,Quality Issue,258120
R15748,SO49934,P1216,30-Apr-2025,6,Size Issue,325860
R15749,SO48664,P1806,26-Mar-2025,6,Wrong Item,223980
R15750,SO47173,P1213,25-Oct-2025,9,Damaged,453420
R15751,SO29914,P1358,12-Sep-2025,4,Late Delivery,1600
R15752,SO23811,P1034,25-Jul-2025,3,Damaged,204690
R15753,SO39764,P1145,17-Jan-2025,17,Size Issue,83130
R15754,SO34638,P1141,27-Aug-2025,4,Size Issue,93880
R15755,SO12648,P1451,12-Oct-2025,13,Wrong Item,785720
R15756,SO13537,P1792,09-Jun-2025,3,Not Required,195150
R15757,SO23356,P1142,13-Jun-2025,1,Defective,1190
R15758,SO41144,P1698,08-Feb-2025,14,Not Required,920220
R15759,SO43662,P1110,15-Feb-2025,3,Quality Issue,134790
R15760,SO33204,P1142,29-Jul-2025,5,Damaged,5950
R15761,SO44234,P1550,18-Feb-2025,7,Wrong Item,403900
R15762,SO37702,P1783,15-Dec-2025,5,Size Issue,159200
R15763,SO63674,P1151,11-Dec-2025,1,Late Delivery,910
R15764,SO26935,P1311,29-Aug-2025,5,Wrong Item,191400
R15765,SO45251,P1158,11-Jul-2025,5,Defective,233000
R15766,SO36783,P1772,26-May-2025,1,Damaged,53200
R15767,SO47593,P1913,15-Aug-2025,4,Late Delivery,97560
R15768,SO49586,P1403,19-Nov-2025,9,Not Required,228060
R15769,SO67598,P1778,15-Sep-2025,10,Defective,371200
R15770,SO15507,P1696,12-Dec-2025,19,Size Issue,878180
R15771,SO69244,P1816,11-Feb-2025,6,Quality Issue,121380
R15772,SO49787,P1830,06-Jan-2025,3,Quality Issue,77040
R15773,SO25405,P1802,25-Feb-2025,1,Damaged,5700
R15774,SO61323,P1682,11-Mar-2025,14,Size Issue,340060
R15775,SO39130,P1226,05-Dec-2025,6,Quality Issue,355920
R15776,SO57257,P1492,06-Feb-2025,1,Defective,42640
R15777,SO44679,P1998,21-Mar-2025,7,Quality Issue,213990
R15778,SO17644,P1110,04-Jun-2025,9,Late Delivery,404370
R15779,SO60807,P1886,21-Feb-2025,10,Not Required,35200
R15780,SO19973,P1928,12-Jan-2026,2,Damaged,41280
R15781,SO36771,P1046,11-May-2025,8,Damaged,294240
R15782,SO15529,P1286,19-May-2025,15,Size Issue,1280400
R15783,SO26478,P1354,17-Apr-2025,1,Wrong Item,65930
R15784,SO22761,P1596,19-Oct-2025,10,Defective,372100
R15785,SO28104,P1071,07-Oct-2025,7,Defective,75040
R15786,SO37797,P1296,07-Jun-2025,9,Quality Issue,517410
R15787,SO65568,P1099,16-Jun-2025,11,Quality Issue,747780
R15788,SO68582,P1265,01-Feb-2025,10,Damaged,378400
R15789,SO49061,P1803,05-Oct-2025,17,Not Required,780300
R15790,SO40313,P1781,18-May-2025,5,Late Delivery,303900
R15791,SO52543,P1490,22-Jul-2025,7,Damaged,70350
R15792,SO26668,P1454,04-Jan-2026,1,Quality Issue,55460
R15793,SO46284,P1774,18-Oct-2025,8,Not Required,371440
R15794,SO39744,P1809,01-Oct-2025,12,Defective,52200
R15795,SO25162,P1436,06-Jan-2026,4,Quality Issue,4080
R15796,SO50741,P1935,29-Aug-2025,4,Wrong Item,123760
R15797,SO64838,P1212,03-May-2025,16,Late Delivery,894400
R15798,SO49250,P1520,07-Jul-2025,2,Late Delivery,7180
R15799,SO40214,P1069,09-Jun-2025,5,Not Required,63300
R15800,SO60580,P1017,24-Nov-2025,9,Size Issue,239220
R15801,SO15884,P1496,17-Aug-2025,6,Quality Issue,333300
R15802,SO43498,P1748,07-Jul-2025,3,Not Required,34110
R15803,SO31175,P1331,01-May-2025,1,Not Required,5080
R15804,SO56369,P1723,04-Feb-2025,1,Damaged,13430
R15805,SO46376,P1804,07-Mar-2025,3,Wrong Item,188550
R15806,SO17955,P1532,13-Feb-2025,6,Size Issue,103440
R15807,SO47845,P1853,26-Jun-2025,6,Late Delivery,328620
R15808,SO23790,P1622,05-Oct-2025,6,Quality Issue,466920
R15809,SO66442,P1992,26-Sep-2025,5,Size Issue,344200
R15810,SO22467,P1160,14-Jun-2025,1,Size Issue,18760
R15811,SO44443,P1447,10-Jan-2025,9,Late Delivery,189450
R15812,SO11753,P1177,29-Jan-2025,1,Not Required,55780
R15813,SO57654,P1966,18-Sep-2025,9,Quality Issue,541260
R15814,SO39492,P1496,31-Jul-2025,2,Damaged,111100
R15815,SO35694,P1039,02-Jun-2025,2,Quality Issue,62620
R15816,SO17115,P1433,20-Nov-2025,7,Late Delivery,139370
R15817,SO46780,P1668,04-Nov-2025,1,Wrong Item,18560
R15818,SO63029,P1062,05-Mar-2025,7,Wrong Item,431760
R15819,SO19897,P1946,07-Nov-2025,1,Damaged,42690
R15820,SO44006,P1706,05-Mar-2025,17,Defective,55420
R15821,SO63319,P1822,30-Nov-2025,2,Quality Issue,104020
R15822,SO67049,P1530,12-Aug-2025,7,Wrong Item,202510
R15823,SO36810,P1497,30-Jan-2025,5,Not Required,216650
R15824,SO67593,P1591,01-Oct-2025,10,Wrong Item,7700
R15825,SO25278,P1685,02-Oct-2025,4,Damaged,128200
R15826,SO43242,P1490,20-Nov-2025,2,Late Delivery,20100
R15827,SO32767,P1532,03-Apr-2025,1,Late Delivery,17240
R15828,SO45086,P1221,09-Apr-2025,4,Defective,90760
R15829,SO57667,P1696,16-Jun-2025,4,Late Delivery,184880
R15830,SO45698,P1524,19-Jan-2025,2,Defective,118720
R15831,SO17436,P1047,31-Oct-2025,13,Damaged,114530
R15832,SO41485,P1457,20-Aug-2025,2,Not Required,51360
R15833,SO55896,P1384,27-Jan-2025,4,Quality Issue,8560
R15834,SO48076,P1373,05-Feb-2025,1,Size Issue,66700
R15835,SO25492,P1990,18-Sep-2025,6,Damaged,61260
R15836,SO21116,P1293,13-Jun-2025,3,Wrong Item,7230
R15837,SO45583,P1094,26-Jul-2025,3,Damaged,97680
R15838,SO57436,P1971,27-May-2025,7,Defective,119280
R15839,SO20056,P1836,09-Apr-2025,1,Late Delivery,55300
R15840,SO50526,P1661,13-May-2025,13,Damaged,69550
R15841,SO63525,P1747,27-Nov-2025,4,Defective,4360
R15842,SO22426,P1460,25-Feb-2025,2,Damaged,73680
R15843,SO17430,P1957,27-Jul-2025,6,Quality Issue,74700
R15844,SO60726,P1706,14-Jun-2025,5,Quality Issue,16300
R15845,SO44515,P1324,26-Oct-2025,3,Size Issue,201240
R15846,SO13207,P1930,23-Sep-2025,16,Wrong Item,836160
R15847,SO44717,P1164,23-Aug-2025,12,Late Delivery,111720
R15848,SO57800,P1130,17-Apr-2025,1,Defective,27110
R15849,SO19464,P1774,06-Jan-2026,1,Defective,46430
R15850,SO26796,P1166,21-Aug-2025,7,Not Required,353500
R15851,SO56530,P1215,16-Jan-2025,3,Wrong Item,179820
R15852,SO36794,P1559,22-Jan-2025,9,Damaged,653580
R15853,SO38284,P1424,11-Jan-2026,1,Defective,60060
R15854,SO51218,P1283,18-May-2025,6,Wrong Item,306540
R15855,SO62511,P1951,02-Oct-2025,11,Damaged,638110
R15856,SO60941,P1514,18-Jul-2025,14,Not Required,99820
R15857,SO66732,P1881,24-Jan-2025,5,Defective,123900
R15858,SO42257,P1753,29-Dec-2025,16,Wrong Item,708640
R15859,SO21189,P1460,28-Jul-2025,3,Size Issue,110520
R15860,SO38000,P1731,12-Feb-2025,2,Not Required,119400
R15861,SO14150,P1570,16-Aug-2025,5,Late Delivery,69150
R15862,SO66631,P1943,16-May-2025,5,Wrong Item,213550
R15863,SO42607,P1914,17-Mar-2025,2,Size Issue,134480
R15864,SO40681,P1908,28-Aug-2025,1,Size Issue,2720
R15865,SO31267,P1664,08-Aug-2025,11,Late Delivery,230780
R15866,SO62872,P1746,18-Aug-2025,1,Damaged,63070
R15867,SO30844,P1226,17-Oct-2025,1,Not Required,59320
R15868,SO67041,P1252,21-Sep-2025,10,Quality Issue,151500
R15869,SO27101,P1532,01-Aug-2025,1,Late Delivery,17240
R15870,SO33939,P1386,28-Oct-2025,4,Quality Issue,154400
R15871,SO69177,P1239,29-Mar-2025,4,Defective,332480
R15872,SO49570,P1301,19-Jul-2025,7,Not Required,163520
R15873,SO15670,P1182,08-Jul-2025,3,Size Issue,189180
R15874,SO58507,P1523,11-Jun-2025,4,Quality Issue,47560
R15875,SO67759,P1447,30-Oct-2025,3,Quality Issue,63150
R15876,SO37933,P1892,06-Nov-2025,2,Not Required,55760
R15877,SO55061,P1101,17-Jun-2025,4,Not Required,61520
R15878,SO43334,P1088,15-Aug-2025,1,Late Delivery,34800
R15879,SO53904,P1520,14-Mar-2025,3,Defective,10770
R15880,SO48605,P1102,31-Oct-2025,2,Damaged,126500
R15881,SO47481,P1135,04-Dec-2025,3,Damaged,155580
R15882,SO49935,P1062,01-Sep-2025,8,Quality Issue,493440
R15883,SO19465,P1837,14-Dec-2025,2,Quality Issue,99280
R15884,SO50482,P1615,12-Oct-2025,8,Defective,136880
R15885,SO11397,P1518,30-Nov-2025,11,Late Delivery,480040
R15886,SO47880,P1537,14-May-2025,5,Not Required,128800
R15887,SO63467,P1837,29-Apr-2025,5,Defective,248200
R15888,SO52981,P1706,26-Jun-2025,8,Defective,26080
R15889,SO33498,P1809,15-Dec-2025,1,Wrong Item,4350
R15890,SO51287,P1603,09-Jul-2025,5,Damaged,188000
R15891,SO36709,P1092,20-Jan-2025,2,Defective,146120
R15892,SO29702,P1669,29-Nov-2025,4,Not Required,141920
R15893,SO41936,P1414,01-Feb-2025,8,Wrong Item,2720
R15894,SO46075,P1850,04-Apr-2025,2,Not Required,26020
R15895,SO11787,P1540,07-Mar-2025,14,Wrong Item,165200
R15896,SO47559,P1055,21-May-2025,1,Not Required,63120
R15897,SO41735,P1978,08-Aug-2025,1,Damaged,15340
R15898,SO51418,P1910,12-Apr-2025,4,Quality Issue,285120
R15899,SO47050,P1876,05-Nov-2025,1,Quality Issue,23270
R15900,SO38739,P1937,22-Aug-2025,2,Not Required,81160
R15901,SO62245,P1621,26-Sep-2025,2,Wrong Item,20140
R15902,SO18860,P1523,03-Oct-2025,10,Not Required,118900
R15903,SO47932,P1826,06-Jul-2025,1,Wrong Item,40370
R15904,SO42569,P1196,22-Sep-2025,2,Late Delivery,59880
R15905,SO22128,P1906,20-Jun-2025,2,Quality Issue,280
R15906,SO40703,P1012,12-Aug-2025,2,Damaged,126620
R15907,SO10645,P1215,31-Aug-2025,8,Damaged,479520
R15908,SO13031,P1806,04-May-2025,10,Size Issue,373300
R15909,SO36885,P1998,02-Sep-2025,1,Not Required,30570
R15910,SO40157,P1186,16-Feb-2025,1,Quality Issue,60120
R15911,SO48315,P1676,16-Dec-2025,4,Not Required,279080
R15912,SO65039,P1057,15-Feb-2025,2,Wrong Item,840
R15913,SO15716,P1089,25-Oct-2025,1,Late Delivery,32340
R15914,SO28678,P1962,23-Feb-2025,3,Quality Issue,101520
R15915,SO41804,P1368,30-Nov-2025,4,Quality Issue,51400
R15916,SO68620,P1810,29-Oct-2025,8,Damaged,564000
R15917,SO29686,P1673,20-Jul-2025,6,Size Issue,174420
R15918,SO45873,P1661,25-Oct-2025,12,Wrong Item,64200
R15919,SO63580,P1300,03-Jan-2026,2,Size Issue,27280
R15920,SO52318,P1754,04-Jan-2026,1,Quality Issue,860
R15921,SO32918,P1934,28-Mar-2025,1,Late Delivery,46930
R15922,SO62207,P1101,16-Aug-2025,6,Late Delivery,92280
R15923,SO11614,P1496,26-Jan-2025,6,Defective,333300
R15924,SO12649,P1539,27-Aug-2025,10,Not Required,246900
R15925,SO52640,P1527,29-Dec-2025,9,Defective,11070
R15926,SO69548,P1357,27-Feb-2025,8,Late Delivery,466160
R15927,SO63147,P1224,01-Aug-2025,2,Late Delivery,39280
R15928,SO56554,P1726,09-Mar-2025,1,Quality Issue,49600
R15929,SO39078,P1420,28-Jun-2025,13,Quality Issue,95940
R15930,SO30912,P1414,15-Feb-2025,11,Not Required,3740
R15931,SO20297,P1313,15-Jul-2025,1,Quality Issue,3720
R15932,SO62528,P1728,26-May-2025,9,Quality Issue,387630
R15933,SO43159,P1454,20-Feb-2025,4,Wrong Item,221840
R15934,SO54287,P1091,03-Jun-2025,2,Size Issue,35260
R15935,SO33643,P1976,07-Oct-2025,12,Wrong Item,723480
R15936,SO19402,P1064,06-Jun-2025,13,Damaged,61360
R15937,SO17789,P1943,11-Jun-2025,2,Damaged,85420
R15938,SO65406,P1306,29-Oct-2025,2,Late Delivery,50920
R15939,SO51230,P1147,09-Jul-2025,8,Not Required,325040
R15940,SO22740,P1032,23-Jul-2025,8,Defective,393120
R15941,SO45712,P1868,30-May-2025,14,Defective,276920
R15942,SO66874,P1064,01-Jun-2025,8,Size Issue,37760
R15943,SO43791,P1280,14-Dec-2025,6,Late Delivery,195240
R15944,SO12010,P1667,01-Sep-2025,10,Wrong Item,56000
R15945,SO29535,P1722,08-Dec-2025,11,Wrong Item,242770
R15946,SO62647,P1050,08-Apr-2025,8,Quality Issue,212320
R15947,SO41572,P1366,15-Jun-2025,1,Damaged,36810
R15948,SO55685,P1728,12-Mar-2025,2,Size Issue,86140
R15949,SO15011,P1982,02-Jun-2025,5,Defective,236750
R15950,SO65836,P1971,21-May-2025,1,Size Issue,17040
R15951,SO40679,P1458,31-Mar-2025,1,Size Issue,55790
R15952,SO22608,P1159,18-Jun-2025,2,Defective,131200
R15953,SO18853,P1131,30-Mar-2025,8,Damaged,40720
R15954,SO19028,P1836,23-Aug-2025,2,Not Required,110600
R15955,SO37947,P1198,15-Oct-2025,6,Wrong Item,108240
R15956,SO51745,P1835,16-Jan-2025,10,Wrong Item,54500
R15957,SO38659,P1378,08-Feb-2025,13,Size Issue,161330
R15958,SO60464,P1881,23-Feb-2025,4,Quality Issue,99120
R15959,SO52979,P1860,26-Dec-2025,1,Late Delivery,67670
R15960,SO26462,P1821,13-Sep-2025,1,Not Required,66160
R15961,SO56216,P1967,29-Nov-2025,8,Size Issue,520480
R15962,SO41654,P1861,14-Apr-2025,14,Late Delivery,747320
R15963,SO15540,P1799,29-Jan-2025,13,Damaged,489060
R15964,SO50876,P1786,07-Dec-2025,4,Quality Issue,279800
R15965,SO22384,P1171,07-Mar-2025,7,Damaged,285250
R15966,SO44770,P1710,27-May-2025,4,Not Required,144080
R15967,SO18052,P1791,11-Aug-2025,10,Size Issue,608800
R15968,SO66109,P1531,24-Feb-2025,6,Size Issue,30300
R15969,SO30459,P1824,16-Nov-2025,5,Defective,47200
R15970,SO25709,P1244,28-Feb-2025,2,Defective,52060
R15971,SO37428,P1529,05-Jun-2025,9,Size Issue,587160
R15972,SO66856,P1861,25-Feb-2025,7,Late Delivery,373660
R15973,SO16011,P1967,15-Nov-2025,15,Defective,975900
R15974,SO47159,P1547,30-Mar-2025,6,Damaged,303840
R15975,SO32863,P1731,07-Sep-2025,4,Size Issue,238800
R15976,SO28296,P1056,03-Jan-2026,2,Late Delivery,143380
R15977,SO24250,P1831,10-Sep-2025,7,Wrong Item,306250
R15978,SO21252,P1680,25-Aug-2025,16,Defective,710240
R15979,SO61177,P1906,04-Jun-2025,17,Wrong Item,2380
R15980,SO52508,P1197,07-Jan-2026,9,Size Issue,414540
R15981,SO17893,P1432,14-Oct-2025,2,Late Delivery,119020
R15982,SO44075,P1043,16-Feb-2025,3,Damaged,89460
R15983,SO47948,P1811,04-Sep-2025,2,Late Delivery,127980
R15984,SO57020,P1853,21-Sep-2025,7,Size Issue,383390
R15985,SO68743,P1284,20-Feb-2025,11,Size Issue,139590
R15986,SO49450,P1380,12-Jun-2025,6,Late Delivery,132660
R15987,SO59053,P1873,01-May-2025,5,Quality Issue,387250
R15988,SO23735,P1043,27-Jun-2025,1,Damaged,29820
R15989,SO58535,P1608,21-Apr-2025,1,Defective,82050
R15990,SO22855,P1029,16-Oct-2025,9,Not Required,400050
R15991,SO15244,P1775,07-Oct-2025,1,Damaged,68360
R15992,SO46096,P1688,21-Jan-2025,12,Size Issue,89280
R15993,SO48162,P1334,09-Jul-2025,4,Quality Issue,30040
R15994,SO42026,P1697,21-Dec-2025,6,Size Issue,376620
R15995,SO47554,P1288,19-Jun-2025,11,Defective,50490
R15996,SO42845,P1168,22-Jul-2025,4,Damaged,222800
R15997,SO14290,P1997,24-Jan-2025,3,Damaged,79290
R15998,SO67563,P1249,02-Jul-2025,1,Damaged,4720
R15999,SO51065,P1191,30-Jan-2025,9,Not Required,565830
R16000,SO32976,P1953,06-Jul-2025,2,Not Required,130320
R16001,SO35889,P1364,29-Aug-2025,7,Defective,135730
R16002,SO58406,P1132,13-Mar-2025,4,Damaged,154240
R16003,SO37464,P1500,01-Oct-2025,3,Quality Issue,102510
R16004,SO20648,P1900,24-Dec-2025,7,Defective,477540
R16005,SO46203,P1503,28-Jan-2025,1,Not Required,43200
R16006,SO56734,P1258,30-Sep-2025,1,Defective,51000
R16007,SO29028,P1014,16-Apr-2025,3,Defective,153150
R16008,SO58623,P1044,30-Dec-2025,1,Damaged,54250
R16009,SO23184,P1029,10-Feb-2025,2,Quality Issue,88900
R16010,SO66589,P1154,02-Apr-2025,8,Damaged,196480
R16011,SO52975,P1092,25-Feb-2025,13,Damaged,949780
R16012,SO35497,P1432,28-Jul-2025,4,Not Required,238040
R16013,SO50443,P1993,21-May-2025,2,Damaged,40280
R16014,SO12518,P1526,26-Aug-2025,4,Defective,24960
R16015,SO47325,P1419,01-Nov-2025,12,Size Issue,952320
R16016,SO22223,P1700,04-Dec-2025,2,Wrong Item,55720
R16017,SO16866,P1308,08-Nov-2025,10,Damaged,100000
R16018,SO55759,P1587,02-Dec-2025,5,Quality Issue,214850
R16019,SO35055,P1187,19-Jul-2025,1,Size Issue,29410
R16020,SO14046,P1577,06-Apr-2025,3,Defective,9390
R16021,SO28049,P1753,02-Aug-2025,1,Wrong Item,44290
R16022,SO35812,P1029,01-Sep-2025,5,Size Issue,222250
R16023,SO51077,P1500,02-Aug-2025,3,Wrong Item,102510
R16024,SO14288,P1753,19-Nov-2025,7,Damaged,310030
R16025,SO10171,P1830,10-Oct-2025,1,Late Delivery,25680
R16026,SO56875,P1424,01-Sep-2025,6,Not Required,360360
R16027,SO14860,P1773,28-May-2025,6,Quality Issue,483780
R16028,SO16650,P1298,09-Aug-2025,8,Late Delivery,570160
R16029,SO69120,P1020,07-Feb-2025,14,Late Delivery,870380
R16030,SO53781,P1871,02-Aug-2025,10,Wrong Item,112500
R16031,SO31448,P1117,03-May-2025,5,Defective,318900
R16032,SO44520,P1336,23-Dec-2025,3,Defective,43680
R16033,SO48970,P1949,23-Nov-2025,3,Defective,88980
R16034,SO48617,P1555,28-Aug-2025,12,Defective,419760
R16035,SO29984,P1639,28-Nov-2025,8,Wrong Item,517920
R16036,SO41269,P1046,08-Nov-2025,5,Damaged,183900
R16037,SO60225,P1419,08-Nov-2025,5,Quality Issue,396800
R16038,SO40805,P1470,24-Sep-2025,3,Quality Issue,35430
R16039,SO22474,P1346,09-Jun-2025,1,Defective,55560
R16040,SO42804,P1773,26-Nov-2025,2,Late Delivery,161260
R16041,SO32700,P1769,17-May-2025,14,Defective,603820
R16042,SO23598,P1923,06-Jul-2025,13,Not Required,490880
R16043,SO40968,P1281,19-May-2025,4,Wrong Item,4760
R16044,SO57213,P1661,31-Oct-2025,5,Damaged,26750
R16045,SO45505,P1579,09-May-2025,6,Size Issue,57420
R16046,SO36960,P1412,21-Apr-2025,6,Damaged,194100
R16047,SO39205,P1550,19-Nov-2025,3,Defective,173100
R16048,SO32349,P1624,17-Sep-2025,1,Late Delivery,71150
R16049,SO13286,P1343,29-Oct-2025,10,Wrong Item,532000
R16050,SO14256,P1301,04-Aug-2025,3,Size Issue,70080
R16051,SO17464,P1937,29-Oct-2025,11,Size Issue,446380
R16052,SO46123,P1481,04-Oct-2025,16,Size Issue,742880
R16053,SO59181,P1642,20-Jan-2025,2,Quality Issue,2080
R16054,SO11848,P1348,01-Feb-2025,1,Defective,80440
R16055,SO62894,P1012,06-Jan-2026,12,Size Issue,759720
R16056,SO48427,P1250,15-Jul-2025,13,Late Delivery,180310
R16057,SO54844,P1593,22-Jan-2025,7,Defective,218050
R16058,SO41820,P1927,23-Aug-2025,4,Late Delivery,112000
R16059,SO27927,P1028,28-Dec-2025,8,Late Delivery,400960
R16060,SO27576,P1645,18-Jul-2025,1,Damaged,61850
R16061,SO43551,P1142,26-Sep-2025,5,Not Required,5950
R16062,SO25991,P1436,25-Feb-2025,7,Size Issue,7140
R16063,SO42957,P1338,04-Jun-2025,9,Not Required,48600
R16064,SO33888,P1846,12-Jul-2025,1,Defective,56760
R16065,SO34321,P1594,28-Apr-2025,15,Damaged,821100
R16066,SO45429,P1153,28-Aug-2025,3,Wrong Item,147210
R16067,SO40997,P1792,08-Jun-2025,2,Wrong Item,130100
R16068,SO29767,P1021,30-Jan-2025,2,Not Required,40560
R16069,SO29084,P1571,02-Dec-2025,2,Damaged,127580
R16070,SO57433,P1634,22-Jun-2025,2,Damaged,115360
R16071,SO10957,P1467,30-Aug-2025,10,Late Delivery,286100
R16072,SO18902,P1739,15-Jun-2025,8,Not Required,234560
R16073,SO49045,P1880,30-Mar-2025,12,Not Required,497280
R16074,SO50002,P1519,06-Jul-2025,5,Defective,69000
R16075,SO29476,P1462,04-Mar-2025,5,Quality Issue,156850
R16076,SO34942,P1289,07-Jun-2025,7,Late Delivery,143290
R16077,SO16992,P1647,18-Sep-2025,5,Not Required,49550
R16078,SO68752,P1122,31-Mar-2025,15,Late Delivery,663900
R16079,SO19591,P1118,05-Jan-2026,1,Not Required,15540
R16080,SO26338,P1175,01-Jul-2025,1,Defective,38700
R16081,SO46023,P1225,04-May-2025,7,Damaged,220570
R16082,SO48152,P1679,20-Jan-2025,1,Late Delivery,72920
R16083,SO47239,P1655,26-Jan-2025,4,Damaged,29640
R16084,SO17328,P1747,20-Dec-2025,1,Not Required,1090
R16085,SO28525,P1200,07-Dec-2025,17,Wrong Item,222530
R16086,SO19570,P1311,23-Oct-2025,7,Not Required,267960
R16087,SO62910,P1095,28-Feb-2025,7,Defective,154000
R16088,SO50259,P1773,23-Jun-2025,4,Wrong Item,322520
R16089,SO61523,P1850,15-Feb-2025,1,Size Issue,13010
R16090,SO51450,P1782,28-Jun-2025,6,Size Issue,62880
R16091,SO47952,P1161,09-Jun-2025,13,Size Issue,226590
R16092,SO46872,P1539,16-Aug-2025,3,Wrong Item,74070
R16093,SO33041,P1183,26-Feb-2025,2,Wrong Item,26120
R16094,SO50301,P1784,20-Feb-2025,1,Quality Issue,49860
R16095,SO21035,P1408,09-Jul-2025,10,Damaged,551300
R16096,SO45459,P1741,13-Jul-2025,1,Damaged,270
R16097,SO22687,P1013,23-Aug-2025,10,Size Issue,570400
R16098,SO30232,P1211,24-Nov-2025,4,Wrong Item,20520
R16099,SO12019,P1480,05-May-2025,2,Quality Issue,52100
R16100,SO43225,P1989,18-Aug-2025,8,Late Delivery,219440
R16101,SO13165,P1105,20-Nov-2025,10,Not Required,708300
R16102,SO39345,P1181,04-Sep-2025,6,Size Issue,193080
R16103,SO46136,P1025,18-Nov-2025,5,Defective,190950
R16104,SO34733,P1400,18-Oct-2025,18,Size Issue,1215360
R16105,SO67478,P1654,15-Aug-2025,5,Late Delivery,157750
R16106,SO29915,P1950,26-Jun-2025,16,Not Required,613760
R16107,SO12630,P1614,03-May-2025,3,Not Required,14670
R16108,SO40914,P1471,04-Nov-2025,11,Defective,15400
R16109,SO69758,P1713,29-Aug-2025,3,Not Required,130740
R16110,SO51221,P1063,01-Nov-2025,7,Late Delivery,225960
R16111,SO29563,P1994,28-Mar-2025,3,Wrong Item,152640
R16112,SO52850,P1615,26-May-2025,6,Quality Issue,102660
R16113,SO37465,P1779,29-Dec-2025,5,Wrong Item,53200
R16114,SO42227,P1284,10-Sep-2025,10,Damaged,126900
R16115,SO33083,P1493,10-Jul-2025,13,Damaged,271960
R16116,SO64681,P1044,04-Oct-2025,7,Damaged,379750
R16117,SO51743,P1645,08-Dec-2025,4,Not Required,247400
R16118,SO12646,P1256,11-Feb-2025,8,Late Delivery,77920
R16119,SO63964,P1027,02-Feb-2025,3,Damaged,95640
R16120,SO41671,P1503,27-Nov-2025,4,Wrong Item,172800
R16121,SO39239,P1066,21-Sep-2025,12,Quality Issue,255360
R16122,SO33399,P1743,22-Jun-2025,5,Quality Issue,204900
R16123,SO17795,P1408,18-Dec-2025,4,Quality Issue,220520
R16124,SO60254,P1274,14-May-2025,8,Late Delivery,564720
R16125,SO44303,P1582,11-Oct-2025,12,Size Issue,313440
R16126,SO64984,P1713,24-Jun-2025,2,Size Issue,87160
R16127,SO35754,P1914,08-Aug-2025,3,Quality Issue,201720
R16128,SO44777,P1437,21-Dec-2025,9,Size Issue,553410
R16129,SO26221,P1291,18-Feb-2025,19,Not Required,563350
R16130,SO51878,P1039,01-Apr-2025,2,Wrong Item,62620
R16131,SO50272,P1345,21-Oct-2025,12,Not Required,180720
R16132,SO55301,P1005,17-Aug-2025,1,Wrong Item,38330
R16133,SO52909,P1821,23-Feb-2025,1,Quality Issue,66160
R16134,SO27351,P1290,02-Aug-2025,4,Size Issue,269880
R16135,SO39026,P1565,10-Oct-2025,14,Size Issue,35000
R16136,SO30272,P1445,15-Aug-2025,9,Quality Issue,22410
R16137,SO20666,P1653,08-Sep-2025,2,Not Required,143260
R16138,SO43283,P1665,08-Nov-2025,2,Not Required,111640
R16139,SO56635,P1493,14-Jun-2025,1,Wrong Item,20920
R16140,SO33535,P1209,03-Nov-2025,2,Size Issue,44780
R16141,SO55460,P1028,10-May-2025,3,Damaged,150360
R16142,SO68826,P1225,28-Oct-2025,4,Wrong Item,126040
R16143,SO27012,P1502,14-Aug-2025,1,Size Issue,73270
R16144,SO23342,P1361,08-Sep-2025,4,Quality Issue,193720
R16145,SO22535,P1180,23-Oct-2025,14,Size Issue,900200
R16146,SO11869,P1632,16-Sep-2025,2,Not Required,10400
R16147,SO28818,P1171,23-May-2025,8,Not Required,326000
R16148,SO48550,P1606,21-Jul-2025,3,Defective,54420
R16149,SO50062,P1716,18-Sep-2025,1,Late Delivery,34800
R16150,SO15076,P1017,13-Aug-2025,8,Not Required,212640
R16151,SO68277,P1509,04-Nov-2025,2,Not Required,97080
R16152,SO10798,P1570,02-Jul-2025,4,Damaged,55320
R16153,SO24611,P1242,29-Nov-2025,1,Quality Issue,11790
R16154,SO13508,P1695,21-Dec-2025,3,Size Issue,30630
R16155,SO20693,P1056,01-Jan-2026,17,Late Delivery,1218730
R16156,SO69142,P1608,15-Nov-2025,2,Defective,164100
R16157,SO49033,P1639,03-Mar-2025,1,Late Delivery,64740
R16158,SO34102,P1009,12-Sep-2025,8,Wrong Item,45920
R16159,SO67246,P1476,18-Apr-2025,8,Defective,165920
R16160,SO54581,P1277,20-Jan-2025,16,Late Delivery,94080
R16161,SO37160,P1491,06-Oct-2025,6,Quality Issue,458520
R16162,SO46806,P1028,13-Aug-2025,14,Wrong Item,701680
R16163,SO18218,P1551,02-Aug-2025,4,Quality Issue,191280
R16164,SO17338,P1898,17-Dec-2025,7,Late Delivery,190050
R16165,SO29320,P1284,01-Jun-2025,4,Not Required,50760
R16166,SO68351,P1958,30-Mar-2025,6,Wrong Item,444720
R16167,SO12651,P1590,15-Feb-2025,12,Damaged,422280
R16168,SO13183,P1500,15-Apr-2025,1,Defective,34170
R16169,SO63719,P1837,22-May-2025,6,Damaged,297840
R16170,SO48533,P1417,07-Aug-2025,1,Late Delivery,16620
R16171,SO69056,P1310,12-Jan-2026,7,Size Issue,108990
R16172,SO51250,P1985,26-Jan-2025,8,Late Delivery,647360
R16173,SO14668,P1293,05-Aug-2025,4,Defective,9640
R16174,SO56698,P1055,13-Oct-2025,4,Not Required,252480
R16175,SO46856,P1686,09-Mar-2025,8,Defective,105760
R16176,SO19969,P1322,26-Apr-2025,5,Late Delivery,394350
R16177,SO58075,P1232,01-Jan-2026,1,Not Required,53990
R16178,SO13193,P1766,15-Jan-2025,2,Not Required,144300
R16179,SO51156,P1925,07-Apr-2025,4,Wrong Item,111280
R16180,SO22024,P1847,29-Jun-2025,3,Damaged,27450
R16181,SO37924,P1329,10-Mar-2025,5,Size Issue,33650
R16182,SO51157,P1245,13-Sep-2025,4,Damaged,226720
R16183,SO48287,P1431,25-Jun-2025,5,Quality Issue,334900
R16184,SO22585,P1753,22-Dec-2025,5,Quality Issue,221450
R16185,SO34217,P1974,03-May-2025,2,Late Delivery,94360
R16186,SO29581,P1293,24-Jun-2025,1,Quality Issue,2410
R16187,SO41413,P1800,13-Nov-2025,1,Not Required,52760
R16188,SO18711,P1807,01-Mar-2025,6,Defective,236040
R16189,SO24022,P1003,09-Jul-2025,1,Wrong Item,44200
R16190,SO10574,P1781,07-Aug-2025,4,Not Required,243120
R16191,SO19223,P1640,17-Oct-2025,4,Size Issue,103920
R16192,SO43546,P1741,25-Jul-2025,5,Size Issue,1350
R16193,SO36732,P1371,09-Nov-2025,5,Size Issue,374900
R16194,SO29945,P1777,06-Mar-2025,6,Wrong Item,239340
R16195,SO61973,P1523,04-Dec-2025,1,Size Issue,11890
R16196,SO65476,P1088,12-Apr-2025,4,Defective,139200
R16197,SO19406,P1133,08-May-2025,2,Quality Issue,145840
R16198,SO31100,P1912,17-May-2025,3,Wrong Item,164190
R16199,SO52502,P1390,21-Feb-2025,8,Damaged,381600
R16200,SO54635,P1790,16-Aug-2025,16,Not Required,946720
R16201,SO27428,P1782,18-Aug-2025,1,Wrong Item,10480
R16202,SO27779,P1813,24-May-2025,5,Size Issue,152000
R16203,SO59030,P1114,19-Apr-2025,6,Defective,315120
R16204,SO13958,P1387,05-Jan-2026,7,Size Issue,295750
R16205,SO17489,P1188,15-Aug-2025,1,Defective,83090
R16206,SO28071,P1037,15-Feb-2025,10,Defective,425900
R16207,SO50675,P1926,30-Sep-2025,1,Size Issue,570
R16208,SO30116,P1341,09-Dec-2025,7,Quality Issue,169470
R16209,SO14642,P1997,07-Nov-2025,6,Late Delivery,158580
R16210,SO67854,P1629,01-May-2025,7,Damaged,255010
R16211,SO55917,P1092,13-Dec-2025,4,Defective,292240
R16212,SO21563,P1648,26-Jun-2025,7,Quality Issue,456820
R16213,SO11405,P1621,03-Jan-2026,4,Wrong Item,40280
R16214,SO42012,P1382,24-Feb-2025,3,Not Required,50190
R16215,SO64473,P1774,20-Aug-2025,6,Not Required,278580
R16216,SO48592,P1488,04-Dec-2025,5,Defective,116300
R16217,SO10239,P1248,24-Oct-2025,1,Late Delivery,38540
R16218,SO62736,P1075,13-Apr-2025,15,Size Issue,1022700
R16219,SO46076,P1739,27-Dec-2025,3,Late Delivery,87960
R16220,SO58964,P1532,28-Nov-2025,3,Defective,51720
R16221,SO24772,P1003,20-Aug-2025,14,Quality Issue,618800
R16222,SO64972,P1489,28-Oct-2025,1,Size Issue,11530
R16223,SO17997,P1256,03-May-2025,6,Quality Issue,58440
R16224,SO19862,P1104,10-May-2025,2,Quality Issue,14340
R16225,SO49637,P1518,22-Dec-2025,1,Quality Issue,43640
R16226,SO57599,P1907,22-Feb-2025,1,Defective,2640
R16227,SO49381,P1944,27-Jan-2025,3,Damaged,114690
R16228,SO32185,P1940,13-Aug-2025,4,Quality Issue,287840
R16229,SO29473,P1355,17-Nov-2025,6,Size Issue,353820
R16230,SO16956,P1643,04-Jan-2026,1,Size Issue,67700
R16231,SO49411,P1210,02-Jan-2026,1,Size Issue,52720
R16232,SO43441,P1354,13-Apr-2025,15,Late Delivery,988950
R16233,SO62362,P1284,02-Mar-2025,2,Damaged,25380
R16234,SO58611,P1843,21-Nov-2025,5,Quality Issue,197950
R16235,SO48418,P1120,23-Jul-2025,2,Wrong Item,46720
R16236,SO14807,P1307,24-Mar-2025,8,Not Required,523120
R16237,SO21183,P1914,08-May-2025,2,Not Required,134480
R16238,SO68150,P1485,09-Apr-2025,10,Damaged,540100
R16239,SO32383,P1353,21-Jul-2025,8,Damaged,77760
R16240,SO27512,P1752,03-Jan-2026,8,Defective,243680
R16241,SO14090,P1110,17-Jun-2025,1,Late Delivery,44930
R16242,SO54879,P1593,23-Sep-2025,12,Defective,373800
R16243,SO39103,P1668,20-Mar-2025,1,Size Issue,18560
R16244,SO48484,P1225,15-Oct-2025,2,Size Issue,63020
R16245,SO44410,P1980,08-Nov-2025,6,Wrong Item,258780
R16246,SO48744,P1863,27-May-2025,1,Damaged,14570
R16247,SO18458,P1563,17-Dec-2025,5,Quality Issue,170750
R16248,SO24613,P1702,19-May-2025,12,Defective,33720
R16249,SO69964,P1542,07-Jun-2025,9,Quality Issue,713160
R16250,SO11321,P1799,16-Sep-2025,7,Damaged,263340
R16251,SO30609,P1222,31-Mar-2025,5,Defective,118350
R16252,SO60582,P1610,05-Nov-2025,2,Wrong Item,112640
R16253,SO63057,P1052,04-Dec-2025,9,Quality Issue,100890
R16254,SO24170,P1676,23-Dec-2025,3,Late Delivery,209310
R16255,SO11224,P1283,15-Oct-2025,3,Wrong Item,153270
R16256,SO44737,P1744,02-Oct-2025,5,Size Issue,14500
R16257,SO28225,P1103,22-Apr-2025,1,Not Required,38100
R16258,SO26360,P1418,17-Sep-2025,7,Defective,60830
R16259,SO55888,P1327,31-Mar-2025,4,Not Required,16400
R16260,SO57927,P1838,30-Oct-2025,12,Defective,48360
R16261,SO63858,P1395,26-May-2025,3,Wrong Item,148800
R16262,SO17540,P1261,19-Oct-2025,4,Damaged,43480
R16263,SO12721,P1466,02-Dec-2025,3,Damaged,109890
R16264,SO40073,P1105,02-Feb-2025,1,Wrong Item,70830
R16265,SO29145,P1350,01-Jul-2025,10,Quality Issue,502600
R16266,SO38414,P1273,12-Jan-2025,6,Not Required,278640
R16267,SO10549,P1812,21-Apr-2025,2,Damaged,135500
R16268,SO55778,P1635,13-Jul-2025,7,Damaged,475020
R16269,SO63049,P1726,24-Jul-2025,10,Wrong Item,496000
R16270,SO24657,P1297,08-Jul-2025,7,Quality Issue,83930
R16271,SO65126,P1945,22-Jul-2025,5,Defective,281650
R16272,SO45282,P1747,14-May-2025,3,Late Delivery,3270
R16273,SO59607,P1159,23-Mar-2025,1,Defective,65600
R16274,SO50013,P1704,16-May-2025,2,Quality Issue,18700
R16275,SO35830,P1528,07-Aug-2025,3,Wrong Item,115950
R16276,SO26989,P1736,18-Jun-2025,9,Quality Issue,420300
R16277,SO32449,P1397,18-Nov-2025,8,Defective,337440
R16278,SO69388,P1841,27-Jul-2025,5,Wrong Item,101200
R16279,SO33280,P1621,06-Oct-2025,3,Not Required,30210
R16280,SO52542,P1080,12-Feb-2025,3,Late Delivery,134160
R16281,SO68140,P1867,25-Nov-2025,10,Wrong Item,347900
R16282,SO20661,P1404,17-Jun-2025,5,Size Issue,362400
R16283,SO39613,P1142,25-Nov-2025,1,Defective,1190
R16284,SO63944,P1854,03-May-2025,6,Quality Issue,36540
R16285,SO49496,P1964,28-Oct-2025,1,Late Delivery,60990
R16286,SO22413,P1786,21-Jan-2025,6,Quality Issue,419700
R16287,SO36607,P1755,25-Jul-2025,5,Size Issue,277450
R16288,SO54436,P1827,26-Nov-2025,4,Size Issue,151000
R16289,SO37761,P1317,15-Sep-2025,8,Late Delivery,480400
R16290,SO46664,P1104,05-Nov-2025,1,Defective,7170
R16291,SO56457,P1556,04-Feb-2025,1,Damaged,44990
R16292,SO34881,P1314,11-Jun-2025,4,Size Issue,19920
R16293,SO47600,P1927,22-Jan-2025,3,Size Issue,84000
R16294,SO58073,P1671,14-Sep-2025,5,Damaged,81150
R16295,SO30110,P1503,15-Nov-2025,8,Damaged,345600
R16296,SO14572,P1274,12-Apr-2025,6,Damaged,423540
R16297,SO51818,P1371,12-Apr-2025,3,Defective,224940
R16298,SO23034,P1466,24-Jul-2025,3,Quality Issue,109890
R16299,SO36345,P1014,16-Jan-2025,3,Defective,153150
R16300,SO52105,P1325,04-May-2025,3,Damaged,232200
R16301,SO12445,P1709,09-Sep-2025,6,Defective,92880
R16302,SO56544,P1370,10-Feb-2025,6,Defective,27180
R16303,SO16152,P1894,20-Nov-2025,1,Wrong Item,54860
R16304,SO17524,P1967,28-Oct-2025,2,Late Delivery,130120
R16305,SO19564,P1310,14-Apr-2025,8,Late Delivery,124560
R16306,SO28384,P1559,22-Mar-2025,5,Late Delivery,363100
R16307,SO55238,P1437,17-Mar-2025,2,Size Issue,122980
R16308,SO38532,P1259,14-Nov-2025,10,Not Required,628400
R16309,SO42824,P1568,17-May-2025,1,Wrong Item,7740
R16310,SO33224,P1100,06-Jun-2025,3,Damaged,57510
R16311,SO56248,P1297,06-Oct-2025,7,Not Required,83930
R16312,SO55858,P1609,14-Apr-2025,4,Quality Issue,29280
R16313,SO64135,P1422,11-May-2025,3,Quality Issue,89400
R16314,SO55416,P1067,25-Jul-2025,11,Not Required,356180
R16315,SO37149,P1926,13-Aug-2025,7,Wrong Item,3990
R16316,SO63263,P1220,10-Jul-2025,8,Quality Issue,581840
R16317,SO38722,P1025,25-Oct-2025,1,Wrong Item,38190
R16318,SO66711,P1364,24-Apr-2025,2,Damaged,38780
R16319,SO52308,P1862,09-Jun-2025,6,Late Delivery,265980
R16320,SO14025,P1808,26-Oct-2025,3,Late Delivery,204660
R16321,SO17598,P1770,01-Aug-2025,2,Wrong Item,33600
R16322,SO35004,P1216,24-Sep-2025,10,Late Delivery,543100
R16323,SO51920,P1055,22-Feb-2025,14,Not Required,883680
R16324,SO19937,P1451,01-Jun-2025,11,Quality Issue,664840
R16325,SO47591,P1550,10-Jun-2025,3,Wrong Item,173100
R16326,SO32853,P1449,13-Sep-2025,7,Wrong Item,112000
R16327,SO40867,P1159,03-Sep-2025,6,Damaged,393600
R16328,SO65194,P1254,27-Jan-2025,2,Damaged,89480
R16329,SO33383,P1803,11-Apr-2025,3,Quality Issue,137700
R16330,SO32346,P1396,06-Sep-2025,11,Wrong Item,83600
R16331,SO46295,P1530,16-Feb-2025,9,Defective,260370
R16332,SO67859,P1536,19-Mar-2025,5,Late Delivery,290450
R16333,SO57780,P1815,05-Jan-2025,19,Quality Issue,484880
R16334,SO22366,P1476,13-Feb-2025,1,Defective,20740
R16335,SO24436,P1700,01-Apr-2025,1,Defective,27860
R16336,SO30080,P1682,29-Nov-2025,1,Damaged,24290
R16337,SO40542,P1830,23-Sep-2025,10,Size Issue,256800
R16338,SO55922,P1689,07-Jan-2025,1,Wrong Item,49110
R16339,SO68898,P1107,17-Mar-2025,3,Defective,5670
R16340,SO15883,P1160,07-Feb-2025,1,Not Required,18760
R16341,SO56813,P1951,22-Feb-2025,3,Not Required,174030
R16342,SO35808,P1750,02-Jul-2025,6,Size Issue,254040
R16343,SO19891,P1625,12-Aug-2025,2,Late Delivery,92360
R16344,SO66113,P2000,27-Jan-2025,4,Late Delivery,283200
R16345,SO19094,P1789,26-May-2025,3,Defective,64590
R16346,SO50469,P1980,01-Jan-2026,2,Not Required,86260
R16347,SO32998,P1728,21-Jun-2025,5,Damaged,215350
R16348,SO45285,P1099,02-Dec-2025,5,Wrong Item,339900
R16349,SO45059,P1746,12-Jan-2025,3,Wrong Item,189210
R16350,SO66942,P1220,27-Jun-2025,7,Not Required,509110
R16351,SO17280,P1288,22-Apr-2025,7,Size Issue,32130
R16352,SO49762,P1084,08-Jan-2025,1,Late Delivery,75800
R16353,SO11534,P1238,02-Jun-2025,2,Size Issue,44500
R16354,SO50499,P1960,25-Nov-2025,3,Quality Issue,142020
R16355,SO61592,P1503,25-Dec-2025,2,Size Issue,86400
R16356,SO56065,P1765,12-Jan-2025,1,Late Delivery,39290
R16357,SO58203,P1315,18-Jul-2025,2,Quality Issue,130860
R16358,SO61530,P1691,11-Dec-2025,4,Not Required,127280
R16359,SO45848,P1439,20-Nov-2025,2,Late Delivery,11800
R16360,SO69374,P1491,14-Oct-2025,14,Size Issue,1069880
R16361,SO65950,P1247,07-Jul-2025,4,Quality Issue,232560
R16362,SO33072,P1533,23-Dec-2025,6,Quality Issue,241500
R16363,SO55733,P1311,06-Jun-2025,6,Quality Issue,229680
R16364,SO51557,P1456,25-Mar-2025,1,Defective,15580
R16365,SO28191,P1054,29-Aug-2025,1,Not Required,20960
R16366,SO54851,P1588,01-May-2025,16,Quality Issue,630560
R16367,SO31912,P1314,01-Jul-2025,5,Not Required,24900
R16368,SO55215,P1962,11-Apr-2025,15,Damaged,507600
R16369,SO42752,P1103,18-Jul-2025,1,Size Issue,38100
R16370,SO27641,P1233,06-Dec-2025,9,Late Delivery,108630
R16371,SO59774,P1097,20-Jun-2025,2,Size Issue,115280
R16372,SO54859,P1136,22-Dec-2025,1,Late Delivery,12800
R16373,SO15766,P1693,05-Dec-2025,18,Defective,1177740
R16374,SO25006,P1501,19-Jul-2025,10,Defective,100300
R16375,SO67826,P1886,17-Jul-2025,4,Late Delivery,14080
R16376,SO24685,P1952,20-Dec-2025,1,Defective,37450
R16377,SO50274,P1293,14-Mar-2025,6,Quality Issue,14460
R16378,SO60128,P1654,03-Aug-2025,8,Size Issue,252400
R16379,SO31846,P1672,21-Feb-2025,5,Quality Issue,143800
R16380,SO27999,P1910,09-Jan-2026,8,Not Required,570240
R16381,SO34254,P1546,01-Aug-2025,15,Defective,709500
R16382,SO18211,P1158,12-May-2025,4,Quality Issue,186400
R16383,SO20138,P1259,12-May-2025,1,Damaged,62840
R16384,SO19616,P1025,24-May-2025,1,Defective,38190
R16385,SO69289,P1645,26-Oct-2025,8,Wrong Item,494800
R16386,SO37441,P1346,23-May-2025,7,Not Required,388920
R16387,SO25098,P1126,01-Feb-2025,6,Defective,116340
R16388,SO62123,P1938,06-Mar-2025,9,Wrong Item,205020
R16389,SO38072,P1978,08-Apr-2025,12,Late Delivery,184080
R16390,SO44420,P1084,20-Feb-2025,8,Damaged,606400
R16391,SO33958,P1930,15-Aug-2025,8,Size Issue,418080
R16392,SO31000,P1061,26-Sep-2025,12,Late Delivery,460920
R16393,SO64688,P1694,16-May-2025,14,Size Issue,936180
R16394,SO24523,P1106,24-May-2025,11,Defective,492910
R16395,SO29532,P1689,29-May-2025,1,Not Required,49110
R16396,SO22842,P1244,04-Apr-2025,2,Size Issue,52060
R16397,SO37225,P1405,27-Jun-2025,17,Quality Issue,1046690
R16398,SO40846,P1676,09-Dec-2025,1,Quality Issue,69770
R16399,SO50648,P1129,05-Feb-2025,4,Late Delivery,103160
R16400,SO66517,P1992,26-Apr-2025,11,Defective,757240
R16401,SO48483,P1076,04-Feb-2025,5,Size Issue,2200
R16402,SO22785,P1290,02-Jul-2025,4,Late Delivery,269880
R16403,SO22062,P1289,28-Dec-2025,2,Not Required,40940
R16404,SO11409,P1576,04-Aug-2025,2,Wrong Item,64340
R16405,SO44406,P1635,03-May-2025,8,Defective,542880
R16406,SO53112,P1672,18-Oct-2025,10,Quality Issue,287600
R16407,SO24917,P1890,16-Oct-2025,13,Defective,908180
R16408,SO53091,P1705,18-Sep-2025,1,Quality Issue,73750
R16409,SO45537,P1462,04-Oct-2025,2,Not Required,62740
R16410,SO65717,P1972,07-Dec-2025,13,Size Issue,721630
R16411,SO25823,P1021,24-May-2025,1,Late Delivery,20280
R16412,SO51135,P1458,04-Oct-2025,3,Wrong Item,167370
R16413,SO13451,P1251,25-Dec-2025,16,Not Required,771520
R16414,SO60441,P1248,26-Aug-2025,6,Damaged,231240
R16415,SO67264,P1060,07-May-2025,1,Defective,29620
R16416,SO56710,P1799,04-Sep-2025,8,Damaged,300960
R16417,SO25841,P1460,10-Jun-2025,2,Size Issue,73680
R16418,SO22336,P1414,16-Feb-2025,8,Not Required,2720
R16419,SO64695,P1614,26-Jun-2025,1,Not Required,4890
R16420,SO42878,P1993,19-Jun-2025,1,Quality Issue,20140
R16421,SO10221,P1038,13-Mar-2025,9,Late Delivery,234270
R16422,SO27568,P1384,23-May-2025,13,Size Issue,27820
R16423,SO66248,P1573,03-Dec-2025,5,Defective,11950
R16424,SO60757,P1680,29-Mar-2025,1,Quality Issue,44390
R16425,SO30588,P1208,28-Jun-2025,2,Defective,123380
R16426,SO21731,P1124,28-May-2025,2,Wrong Item,74340
R16427,SO43248,P1065,13-Jul-2025,2,Not Required,64540
R16428,SO21405,P1171,22-Jun-2025,2,Size Issue,81500
R16429,SO21280,P1799,13-Nov-2025,12,Late Delivery,451440
R16430,SO51006,P1018,09-Sep-2025,3,Quality Issue,17370
R16431,SO66557,P1342,16-Feb-2025,9,Defective,715410
R16432,SO55392,P1941,28-Jun-2025,1,Quality Issue,56900
R16433,SO25920,P1592,20-Jan-2025,1,Late Delivery,79980
R16434,SO64844,P1529,22-Feb-2025,1,Wrong Item,65240
R16435,SO14648,P1549,06-Mar-2025,8,Quality Issue,344160
R16436,SO25754,P1977,03-Sep-2025,12,Wrong Item,746760
R16437,SO61341,P1503,28-Oct-2025,10,Size Issue,432000
R16438,SO33076,P1668,17-Oct-2025,5,Late Delivery,92800
R16439,SO23971,P1027,30-Aug-2025,4,Late Delivery,127520
R16440,SO65887,P1111,02-May-2025,12,Damaged,838800
R16441,SO47693,P1730,15-Jan-2025,10,Defective,232000
R16442,SO32418,P1320,28-Aug-2025,15,Not Required,394650
R16443,SO63339,P1430,02-May-2025,2,Wrong Item,25120
R16444,SO62407,P1945,13-Feb-2025,1,Not Required,56330
R16445,SO42194,P1630,05-Sep-2025,2,Quality Issue,49920
R16446,SO34232,P1013,02-Jul-2025,13,Size Issue,741520
R16447,SO26448,P1331,08-Dec-2025,2,Size Issue,10160
R16448,SO55962,P1586,26-Jun-2025,12,Defective,595200
R16449,SO56508,P1772,02-Jan-2026,10,Late Delivery,532000
R16450,SO48094,P1667,15-Sep-2025,1,Size Issue,5600
R16451,SO20659,P1582,26-Nov-2025,1,Size Issue,26120
R16452,SO42305,P1335,02-Sep-2025,5,Wrong Item,25000
R16453,SO49619,P1714,12-Feb-2025,3,Quality Issue,119550
R16454,SO30762,P1931,20-Mar-2025,5,Wrong Item,34550
R16455,SO67123,P1214,26-May-2025,15,Wrong Item,411300
R16456,SO18838,P1968,09-Dec-2025,3,Wrong Item,136650
R16457,SO16865,P1890,27-Jun-2025,5,Quality Issue,349300
R16458,SO17985,P1455,25-Jul-2025,1,Defective,32750
R16459,SO59281,P1885,27-Oct-2025,3,Defective,12090
R16460,SO31950,P1072,09-Feb-2025,19,Size Issue,959880
R16461,SO13696,P1023,31-Oct-2025,3,Not Required,67710
R16462,SO60616,P1811,09-Jan-2025,3,Wrong Item,191970
R16463,SO43013,P1557,24-Jul-2025,10,Quality Issue,106100
R16464,SO58665,P1796,06-Jun-2025,5,Damaged,42300
R16465,SO53163,P1718,10-Jun-2025,2,Defective,95320
R16466,SO15918,P1887,09-Aug-2025,15,Damaged,984900
R16467,SO17020,P1750,13-Aug-2025,12,Size Issue,508080
R16468,SO22514,P1658,29-Nov-2025,5,Damaged,178100
R16469,SO36244,P1566,25-Sep-2025,4,Wrong Item,91920
R16470,SO11454,P1099,09-Jul-2025,17,Not Required,1155660
R16471,SO44878,P1674,22-Sep-2025,1,Wrong Item,39020
R16472,SO33400,P1717,27-Mar-2025,2,Defective,91720
R16473,SO14126,P1419,21-Jan-2025,2,Late Delivery,158720
R16474,SO49039,P1562,05-Feb-2025,10,Not Required,543000
R16475,SO66887,P1889,27-Sep-2025,1,Late Delivery,8410
R16476,SO16754,P1459,02-Jul-2025,6,Damaged,147480
R16477,SO64743,P1992,25-Aug-2025,3,Quality Issue,206520
R16478,SO14027,P1708,16-Apr-2025,2,Late Delivery,46200
R16479,SO21349,P1938,13-Sep-2025,15,Damaged,341700
R16480,SO34761,P1148,01-Aug-2025,3,Defective,165030
R16481,SO62682,P1131,10-May-2025,1,Size Issue,5090
R16482,SO44386,P1589,03-Jul-2025,1,Size Issue,16780
R16483,SO50368,P1213,08-Jun-2025,3,Size Issue,151140
R16484,SO24023,P1048,01-Sep-2025,14,Wrong Item,695240
R16485,SO53821,P1754,27-Feb-2025,5,Defective,4300
R16486,SO45689,P1492,08-Aug-2025,2,Quality Issue,85280
R16487,SO23308,P1830,05-Jun-2025,6,Quality Issue,154080
R16488,SO16390,P1105,27-May-2025,5,Wrong Item,354150
R16489,SO57346,P1274,22-Nov-2025,12,Wrong Item,847080
R16490,SO36616,P1814,20-Mar-2025,1,Quality Issue,43240
R16491,SO54511,P1280,05-Nov-2025,1,Not Required,32540
R16492,SO22089,P1225,29-Jan-2025,8,Damaged,252080
R16493,SO56967,P1223,27-Jun-2025,11,Late Delivery,631950
R16494,SO16664,P1690,08-Feb-2025,2,Size Issue,78400
R16495,SO53941,P1955,18-Apr-2025,8,Size Issue,269760
R16496,SO54258,P1089,15-Aug-2025,10,Not Required,323400
R16497,SO58109,P1029,25-Jan-2025,5,Not Required,222250
R16498,SO18096,P1894,02-Nov-2025,1,Defective,54860
R16499,SO69263,P1243,10-Aug-2025,3,Wrong Item,232620
R16500,SO37242,P1456,30-Aug-2025,2,Size Issue,31160
R16501,SO13536,P1084,21-Apr-2025,3,Late Delivery,227400
R16502,SO63972,P1577,24-Jul-2025,1,Not Required,3130
R16503,SO69582,P1455,14-Apr-2025,11,Defective,360250
R16504,SO50854,P1092,04-Jan-2026,1,Quality Issue,73060
R16505,SO34309,P1409,05-Dec-2025,2,Size Issue,82840
R16506,SO12448,P1480,24-Jun-2025,1,Late Delivery,26050
R16507,SO54693,P1284,22-May-2025,2,Defective,25380
R16508,SO24783,P1580,20-Feb-2025,1,Wrong Item,33450
R16509,SO35639,P1308,04-Oct-2025,4,Size Issue,40000
R16510,SO57923,P1503,27-Mar-2025,6,Wrong Item,259200
R16511,SO53939,P1638,16-Nov-2025,1,Quality Issue,7290
R16512,SO14581,P1763,09-Mar-2025,1,Damaged,10330
R16513,SO34779,P1610,24-Aug-2025,8,Defective,450560
R16514,SO21870,P1638,08-Apr-2025,4,Late Delivery,29160
R16515,SO56124,P1918,10-Mar-2025,15,Size Issue,22050
R16516,SO11667,P1810,18-Feb-2025,5,Size Issue,352500
R16517,SO30088,P1707,04-May-2025,3,Size Issue,5250
R16518,SO30748,P1377,07-Jun-2025,13,Size Issue,130000
R16519,SO46130,P1808,31-Dec-2025,9,Late Delivery,613980
R16520,SO61368,P1160,19-May-2025,16,Quality Issue,300160
R16521,SO15362,P1389,13-Dec-2025,3,Size Issue,55770
R16522,SO69303,P1056,11-Sep-2025,3,Quality Issue,215070
R16523,SO67325,P1495,04-Feb-2025,9,Late Delivery,186120
R16524,SO48465,P1999,28-Oct-2025,11,Wrong Item,386870
R16525,SO44287,P1003,13-Jun-2025,7,Wrong Item,309400
R16526,SO63352,P1034,09-Aug-2025,1,Damaged,68230
R16527,SO35065,P1658,13-Oct-2025,5,Size Issue,178100
R16528,SO45554,P1750,09-Oct-2025,5,Wrong Item,211700
R16529,SO36759,P1922,20-Apr-2025,7,Size Issue,228410
R16530,SO18633,P1611,20-Jan-2025,5,Size Issue,125700
R16531,SO57900,P1705,25-Mar-2025,18,Late Delivery,1327500
R16532,SO64009,P1636,11-Oct-2025,5,Wrong Item,35550
R16533,SO34664,P1620,21-Jun-2025,1,Wrong Item,5620
R16534,SO26920,P1398,21-Mar-2025,3,Not Required,35430
R16535,SO51634,P1505,07-Feb-2025,6,Size Issue,195540
R16536,SO61271,P1936,09-Apr-2025,1,Late Delivery,23910
R16537,SO66818,P1966,12-Oct-2025,12,Damaged,721680
R16538,SO10252,P1538,22-Oct-2025,2,Late Delivery,160320
R16539,SO44788,P1268,07-Jan-2026,4,Quality Issue,13120
R16540,SO18836,P1863,24-Jan-2025,1,Defective,14570
R16541,SO14278,P1180,18-Nov-2025,1,Wrong Item,64300
R16542,SO36152,P1639,28-Nov-2025,5,Wrong Item,323700
R16543,SO12838,P1902,06-Aug-2025,12,Damaged,684720
R16544,SO26544,P1187,23-Apr-2025,2,Not Required,58820
R16545,SO14466,P1145,30-Jul-2025,10,Quality Issue,48900
R16546,SO23993,P1162,19-Nov-2025,2,Late Delivery,38000
R16547,SO67392,P1973,06-Aug-2025,5,Size Issue,88450
R16548,SO55727,P1550,24-Jun-2025,2,Quality Issue,115400
R16549,SO42685,P1789,29-Mar-2025,1,Size Issue,21530
R16550,SO12667,P1464,05-Apr-2025,9,Size Issue,75060
R16551,SO31942,P1918,30-Jun-2025,1,Not Required,1470
R16552,SO55062,P1560,05-May-2025,4,Wrong Item,35360
R16553,SO38393,P1195,18-Nov-2025,2,Late Delivery,53120
R16554,SO47738,P1388,28-Dec-2025,13,Quality Issue,767260
R16555,SO42242,P1076,06-Jan-2026,1,Not Required,440
R16556,SO50750,P1413,12-Sep-2025,6,Size Issue,43860
R16557,SO46165,P1917,03-Aug-2025,2,Damaged,4960
R16558,SO36266,P1735,04-Sep-2025,5,Not Required,115750
R16559,SO32230,P1475,04-Jun-2025,3,Late Delivery,51150
R16560,SO38397,P1760,14-Mar-2025,1,Late Delivery,70640
R16561,SO27265,P1179,22-Feb-2025,6,Quality Issue,355080
R16562,SO19997,P1638,23-Mar-2025,2,Quality Issue,14580
R16563,SO11408,P1952,26-Jun-2025,2,Wrong Item,74900
R16564,SO14344,P1488,03-Mar-2025,6,Quality Issue,139560
R16565,SO34155,P1646,10-Feb-2025,2,Quality Issue,104200
R16566,SO10149,P1973,15-Apr-2025,1,Damaged,17690
R16567,SO28967,P1484,05-Feb-2025,1,Not Required,41240
R16568,SO66367,P1665,13-Aug-2025,3,Late Delivery,167460
R16569,SO35805,P1494,15-Nov-2025,11,Defective,284790
R16570,SO37073,P1916,14-Aug-2025,14,Late Delivery,1048040
R16571,SO56955,P1742,09-Oct-2025,1,Defective,74910
R16572,SO27175,P1906,14-Sep-2025,3,Size Issue,420
R16573,SO54270,P1276,31-Aug-2025,8,Late Delivery,35840
R16574,SO51473,P1087,07-Mar-2025,4,Size Issue,135480
R16575,SO37648,P1619,16-May-2025,1,Wrong Item,24000
R16576,SO27099,P1950,24-Oct-2025,1,Wrong Item,38360
R16577,SO24666,P1547,27-Jul-2025,4,Late Delivery,202560
R16578,SO18007,P1418,14-Dec-2025,5,Not Required,43450
R16579,SO28235,P1004,10-Aug-2025,15,Defective,718800
R16580,SO36308,P1021,15-Apr-2025,8,Not Required,162240
R16581,SO41359,P1499,24-Oct-2025,3,Size Issue,68130
R16582,SO49211,P1219,03-Jul-2025,15,Quality Issue,31350
R16583,SO14432,P1368,15-Aug-2025,2,Not Required,25700
R16584,SO64128,P1424,21-Jan-2025,11,Size Issue,660660
R16585,SO46545,P1984,13-Feb-2025,11,Size Issue,2640
R16586,SO14294,P1207,27-Jul-2025,10,Damaged,529500
R16587,SO34721,P1427,19-Feb-2025,9,Wrong Item,690390
R16588,SO24745,P1724,21-Apr-2025,7,Not Required,174160
R16589,SO26077,P1972,12-Jun-2025,5,Quality Issue,277550
R16590,SO23537,P1960,10-Jun-2025,9,Defective,426060
R16591,SO53848,P1822,17-Mar-2025,11,Late Delivery,572110
R16592,SO63294,P1606,18-Nov-2025,2,Defective,36280
R16593,SO42457,P1481,02-Dec-2025,2,Quality Issue,92860
R16594,SO44513,P1167,12-May-2025,2,Late Delivery,44140
R16595,SO24843,P1809,21-Sep-2025,6,Quality Issue,26100
R16596,SO18514,P1644,19-Apr-2025,3,Quality Issue,98940
R16597,SO39434,P1034,08-Mar-2025,3,Defective,204690
R16598,SO60662,P1688,09-Jul-2025,1,Wrong Item,7440
R16599,SO63963,P1773,05-Jan-2026,11,Wrong Item,886930
R16600,SO61771,P1984,17-Aug-2025,17,Not Required,4080
R16601,SO50283,P1871,18-Aug-2025,3,Damaged,33750
R16602,SO12275,P1443,23-Apr-2025,1,Defective,39080
R16603,SO33596,P1509,24-Aug-2025,3,Size Issue,145620
R16604,SO17286,P1385,12-Apr-2025,7,Quality Issue,148820
R16605,SO12119,P1869,10-Feb-2025,8,Size Issue,428560
R16606,SO55512,P1428,09-May-2025,3,Not Required,148680
R16607,SO38737,P1162,17-Apr-2025,3,Quality Issue,57000
R16608,SO58048,P1599,29-Sep-2025,2,Quality Issue,21640
R16609,SO32541,P1076,08-Nov-2025,2,Wrong Item,880
R16610,SO21676,P1408,11-May-2025,1,Damaged,55130
R16611,SO30821,P1953,21-Jul-2025,7,Damaged,456120
R16612,SO37833,P1145,25-Jul-2025,6,Not Required,29340
R16613,SO11171,P1909,11-Oct-2025,3,Size Issue,40590
R16614,SO63702,P1594,13-Aug-2025,1,Late Delivery,54740
R16615,SO26002,P1687,13-Feb-2025,1,Late Delivery,13650
R16616,SO36017,P1720,20-Dec-2025,1,Quality Issue,54260
R16617,SO15376,P1883,28-Oct-2025,5,Quality Issue,278250
R16618,SO43440,P1364,25-Sep-2025,8,Size Issue,155120
R16619,SO17271,P1849,26-Sep-2025,10,Size Issue,271400
R16620,SO59921,P1478,20-Apr-2025,1,Not Required,25440
R16621,SO42787,P1907,07-Nov-2025,14,Not Required,36960
R16622,SO65076,P1689,30-Aug-2025,1,Quality Issue,49110
R16623,SO66550,P1693,03-Feb-2025,6,Damaged,392580
R16624,SO45656,P1530,12-Feb-2025,7,Not Required,202510
R16625,SO46398,P1950,25-Jul-2025,2,Not Required,76720
R16626,SO50223,P1807,04-Jan-2026,5,Defective,196700
R16627,SO40335,P1363,03-Aug-2025,2,Defective,123340
R16628,SO52608,P1229,11-Jul-2025,2,Defective,900
R16629,SO54577,P1008,24-Jul-2025,1,Not Required,62340
R16630,SO62248,P1562,30-Jul-2025,1,Defective,54300
R16631,SO55357,P1369,21-Feb-2025,1,Quality Issue,2170
R16632,SO62912,P1894,02-Feb-2025,1,Wrong Item,54860
R16633,SO15671,P1905,08-Jan-2026,8,Quality Issue,396560
R16634,SO61638,P1883,04-Jun-2025,6,Defective,333900
R16635,SO42071,P1830,25-Apr-2025,4,Defective,102720
R16636,SO49168,P1732,07-Jan-2026,6,Quality Issue,138120
R16637,SO11944,P1259,06-Jul-2025,2,Quality Issue,125680
R16638,SO57206,P1274,15-Nov-2025,4,Quality Issue,282360
R16639,SO16932,P1033,01-Dec-2025,8,Late Delivery,477200
R16640,SO26635,P1220,26-Dec-2025,3,Wrong Item,218190
R16641,SO24549,P1961,10-Jun-2025,1,Wrong Item,21760
R16642,SO45934,P1005,19-Jan-2025,1,Quality Issue,38330
R16643,SO28645,P1639,10-Apr-2025,4,Wrong Item,258960
R16644,SO28487,P1132,28-Jul-2025,1,Late Delivery,38560
R16645,SO49572,P1614,23-Feb-2025,7,Late Delivery,34230
R16646,SO58259,P1399,13-Feb-2025,2,Not Required,81280
R16647,SO39535,P1890,11-Mar-2025,8,Defective,558880
R16648,SO52002,P1561,06-Jul-2025,7,Damaged,384440
R16649,SO49257,P1584,09-Nov-2025,7,Wrong Item,376180
R16650,SO52388,P1794,01-May-2025,3,Wrong Item,18060
R16651,SO33421,P1905,10-Jul-2025,13,Size Issue,644410
R16652,SO52832,P1683,07-Mar-2025,2,Not Required,121080
R16653,SO51272,P1428,08-Apr-2025,7,Damaged,346920
R16654,SO29244,P1748,07-Sep-2025,6,Late Delivery,68220
R16655,SO53313,P1023,20-May-2025,5,Wrong Item,112850
R16656,SO19333,P1448,16-May-2025,5,Late Delivery,245750
R16657,SO52359,P1335,10-Jun-2025,2,Quality Issue,10000
R16658,SO65114,P1484,05-Jan-2026,4,Defective,164960
R16659,SO59656,P1523,16-Apr-2025,3,Defective,35670
R16660,SO50511,P1637,02-Jun-2025,4,Quality Issue,30480
R16661,SO34000,P1579,02-Jan-2026,6,Size Issue,57420
R16662,SO25848,P1010,27-Feb-2025,3,Wrong Item,18930
R16663,SO62176,P1285,28-Jun-2025,9,Not Required,329400
R16664,SO22011,P1383,08-Oct-2025,4,Damaged,199000
R16665,SO61960,P1008,25-Nov-2025,3,Not Required,187020
R16666,SO28845,P1861,14-Apr-2025,8,Late Delivery,427040
R16667,SO44975,P1450,14-Jan-2026,12,Quality Issue,124560
R16668,SO23822,P1064,02-May-2025,5,Late Delivery,23600
R16669,SO60372,P1523,13-May-2025,1,Quality Issue,11890
R16670,SO16491,P1883,24-Jul-2025,3,Quality Issue,166950
R16671,SO51968,P1913,09-May-2025,14,Not Required,341460
R16672,SO60071,P1342,03-Jan-2026,6,Late Delivery,476940
R16673,SO50383,P1081,05-Dec-2025,1,Quality Issue,74340
R16674,SO47584,P1911,13-Sep-2025,5,Not Required,240150
R16675,SO19232,P1525,04-Nov-2025,6,Quality Issue,149280
R16676,SO65817,P1306,08-Dec-2025,19,Late Delivery,483740
R16677,SO45164,P1057,24-Jun-2025,1,Quality Issue,420
R16678,SO16502,P1047,16-Jun-2025,2,Late Delivery,17620
R16679,SO27488,P1227,02-Jan-2026,3,Late Delivery,154260
R16680,SO31532,P1107,17-Feb-2025,6,Not Required,11340
R16681,SO55121,P1022,09-Aug-2025,9,Quality Issue,223560
R16682,SO23618,P1222,25-Oct-2025,7,Late Delivery,165690
R16683,SO50154,P1535,19-Feb-2025,6,Wrong Item,418200
R16684,SO39518,P1584,15-Jul-2025,18,Not Required,967320
R16685,SO36065,P1885,27-Apr-2025,7,Wrong Item,28210
R16686,SO13656,P1920,11-Oct-2025,4,Size Issue,247720
R16687,SO23323,P1584,28-Jun-2025,4,Wrong Item,214960
R16688,SO34492,P1066,11-Jun-2025,4,Wrong Item,85120
R16689,SO55588,P1171,23-Aug-2025,8,Size Issue,326000
R16690,SO14752,P1269,20-Apr-2025,4,Size Issue,88920
R16691,SO44826,P1587,10-May-2025,5,Late Delivery,214850
R16692,SO10715,P1405,16-Jul-2025,1,Damaged,61570
R16693,SO52360,P1650,28-Aug-2025,8,Damaged,369920
R16694,SO68071,P1973,04-Sep-2025,5,Wrong Item,88450
R16695,SO24491,P1847,28-Dec-2025,10,Damaged,91500
R16696,SO51115,P1366,11-Jun-2025,6,Late Delivery,220860
R16697,SO10766,P1283,18-Dec-2025,3,Size Issue,153270
R16698,SO50530,P1064,20-Aug-2025,5,Wrong Item,23600
R16699,SO30608,P1993,22-Oct-2025,4,Not Required,80560
R16700,SO12881,P1204,30-May-2025,2,Quality Issue,31900
R16701,SO65932,P1946,13-Sep-2025,1,Not Required,42690
R16702,SO31363,P1212,26-Jul-2025,1,Size Issue,55900
R16703,SO60317,P1527,03-Nov-2025,3,Damaged,3690
R16704,SO31878,P1633,28-Sep-2025,1,Defective,14810
R16705,SO51635,P1135,22-Apr-2025,2,Not Required,103720
R16706,SO36344,P1752,01-Dec-2025,10,Late Delivery,304600
R16707,SO53729,P1841,09-Aug-2025,4,Size Issue,80960
R16708,SO13496,P1121,25-Aug-2025,2,Late Delivery,37060
R16709,SO25977,P1469,11-May-2025,16,Defective,632320
R16710,SO34409,P1482,29-Dec-2025,12,Quality Issue,829440
R16711,SO39003,P1850,08-Jun-2025,2,Quality Issue,26020
R16712,SO13118,P1104,13-Nov-2025,5,Size Issue,35850
R16713,SO35923,P1901,26-Jun-2025,7,Defective,22120
R16714,SO24129,P1041,24-Mar-2025,10,Not Required,339100
R16715,SO29158,P1807,08-May-2025,1,Quality Issue,39340
R16716,SO30970,P1276,26-Jun-2025,2,Late Delivery,8960
R16717,SO50242,P1846,09-Dec-2025,1,Size Issue,56760
R16718,SO34970,P1017,12-Jul-2025,5,Quality Issue,132900
R16719,SO31183,P1724,23-Sep-2025,1,Quality Issue,24880
R16720,SO20281,P1432,10-Dec-2025,3,Defective,178530
R16721,SO22172,P1054,06-Jun-2025,1,Defective,20960
R16722,SO45616,P1749,19-Oct-2025,16,Late Delivery,422720
R16723,SO31099,P1969,01-Jul-2025,4,Not Required,190280
R16724,SO15163,P1997,02-Mar-2025,4,Damaged,105720
R16725,SO47368,P1699,20-Oct-2025,2,Size Issue,47620
R16726,SO37677,P1764,27-May-2025,1,Quality Issue,72520
R16727,SO21636,P1167,05-Jun-2025,2,Defective,44140
R16728,SO25075,P1721,23-Aug-2025,5,Damaged,311500
R16729,SO52493,P1959,25-Jan-2025,2,Defective,41140
R16730,SO26976,P1636,13-Mar-2025,2,Wrong Item,14220
R16731,SO57869,P1565,23-Jan-2025,7,Wrong Item,17500
R16732,SO57554,P1045,31-Oct-2025,9,Late Delivery,399960
R16733,SO24662,P1345,19-Feb-2025,5,Quality Issue,75300
R16734,SO19581,P1453,27-May-2025,1,Late Delivery,84390
R16735,SO30068,P1530,03-Apr-2025,1,Size Issue,28930
R16736,SO56603,P1937,19-Nov-2025,2,Quality Issue,81160
R16737,SO41602,P1229,16-Sep-2025,17,Quality Issue,7650
R16738,SO14236,P1943,13-Sep-2025,7,Quality Issue,298970
R16739,SO30971,P1875,17-Jun-2025,3,Quality Issue,106020
R16740,SO65725,P1005,16-Oct-2025,5,Not Required,191650
R16741,SO44275,P1421,07-Dec-2025,1,Defective,45740
R16742,SO43483,P1966,18-Apr-2025,9,Not Required,541260
R16743,SO58450,P1830,04-Oct-2025,14,Late Delivery,359520
R16744,SO27885,P1838,07-Dec-2025,11,Not Required,44330
R16745,SO58572,P1560,05-Aug-2025,1,Defective,8840
R16746,SO38050,P1029,23-Aug-2025,4,Not Required,177800
R16747,SO52198,P1597,14-Nov-2025,15,Quality Issue,1029600
R16748,SO68050,P1749,18-Aug-2025,1,Size Issue,26420
R16749,SO42663,P1804,04-Sep-2025,6,Quality Issue,377100
R16750,SO60002,P1442,30-Apr-2025,2,Late Delivery,39760
R16751,SO31959,P1790,18-Dec-2025,8,Not Required,473360
R16752,SO55787,P1333,07-Feb-2025,10,Wrong Item,177600
R16753,SO63074,P1824,24-Mar-2025,7,Quality Issue,66080
R16754,SO14880,P1326,15-Oct-2025,7,Size Issue,79030
R16755,SO60293,P1941,07-Jun-2025,7,Quality Issue,398300
R16756,SO60584,P1520,02-Aug-2025,9,Wrong Item,32310
R16757,SO67290,P1184,26-Jun-2025,8,Damaged,569920
R16758,SO67205,P1676,19-Sep-2025,14,Size Issue,976780
R16759,SO29093,P1425,17-Nov-2025,12,Wrong Item,847080
R16760,SO41859,P1793,06-Jun-2025,3,Quality Issue,179670
R16761,SO39445,P1730,06-Feb-2025,14,Size Issue,324800
R16762,SO42729,P1915,23-Feb-2025,8,Late Delivery,117520
R16763,SO55256,P1398,08-Aug-2025,3,Size Issue,35430
R16764,SO50657,P1053,13-Feb-2025,14,Late Delivery,410480
R16765,SO11180,P1007,14-Nov-2025,2,Damaged,43860
R16766,SO50540,P1738,11-Mar-2025,9,Quality Issue,103410
R16767,SO69197,P1750,29-Oct-2025,6,Defective,254040
R16768,SO52882,P1945,21-Jul-2025,1,Size Issue,56330
R16769,SO66760,P1723,02-Jun-2025,2,Late Delivery,26860
R16770,SO42505,P1904,24-Mar-2025,6,Quality Issue,248160
R16771,SO21986,P1972,02-Nov-2025,2,Defective,111020
R16772,SO47754,P1480,01-Dec-2025,2,Wrong Item,52100
R16773,SO10912,P1739,23-Jun-2025,3,Not Required,87960
R16774,SO32535,P1310,02-May-2025,5,Damaged,77850
R16775,SO32017,P1510,25-May-2025,3,Damaged,9150
R16776,SO49955,P1264,17-Feb-2025,8,Damaged,529760
R16777,SO35767,P1762,18-Jan-2025,5,Defective,122100
R16778,SO17442,P1726,30-Apr-2025,4,Size Issue,198400
R16779,SO64706,P1792,24-Jun-2025,12,Quality Issue,780600
R16780,SO23469,P1801,18-Apr-2025,10,Wrong Item,659900
R16781,SO53395,P1465,03-Oct-2025,15,Wrong Item,149700
R16782,SO15501,P1835,02-Jun-2025,6,Size Issue,32700
R16783,SO35373,P1746,25-Nov-2025,10,Damaged,630700
R16784,SO32064,P1101,18-Jun-2025,8,Late Delivery,123040
R16785,SO28683,P1401,13-Oct-2025,12,Quality Issue,461640
R16786,SO45386,P1363,16-Mar-2025,13,Quality Issue,801710
R16787,SO27604,P1424,08-Feb-2025,17,Damaged,1021020
R16788,SO31033,P1881,20-Oct-2025,4,Not Required,99120
R16789,SO20066,P1167,23-Oct-2025,9,Quality Issue,198630
R16790,SO62862,P1398,16-Aug-2025,2,Not Required,23620
R16791,SO42016,P1484,30-Dec-2025,1,Wrong Item,41240
R16792,SO11083,P1035,15-Oct-2025,3,Late Delivery,61110
R16793,SO58642,P1412,17-Nov-2025,18,Defective,582300
R16794,SO21587,P1040,26-Sep-2025,7,Damaged,122640
R16795,SO20933,P1497,08-Nov-2025,8,Late Delivery,346640
R16796,SO18313,P1013,09-Apr-2025,1,Quality Issue,57040
R16797,SO11947,P1018,12-Aug-2025,6,Quality Issue,34740
R16798,SO60468,P1385,26-May-2025,8,Not Required,170080
R16799,SO55237,P1778,14-Dec-2025,1,Size Issue,37120
R16800,SO61839,P1876,10-Feb-2025,1,Late Delivery,23270
R16801,SO15312,P1599,03-Nov-2025,1,Quality Issue,10820
R16802,SO34062,P1836,04-Aug-2025,6,Quality Issue,331800
R16803,SO27068,P1961,15-Mar-2025,5,Damaged,108800
R16804,SO55210,P1264,28-Dec-2025,10,Quality Issue,662200
R16805,SO64431,P1110,05-May-2025,3,Damaged,134790
R16806,SO68619,P1708,07-Mar-2025,10,Defective,231000
R16807,SO55373,P1655,18-Aug-2025,1,Quality Issue,7410
R16808,SO43840,P1995,25-Jan-2025,1,Not Required,55280
R16809,SO37168,P1009,10-Nov-2025,3,Defective,17220
R16810,SO37616,P1844,13-Jul-2025,8,Size Issue,200800
R16811,SO20725,P1485,16-Feb-2025,6,Quality Issue,324060
R16812,SO68489,P1113,08-Apr-2025,3,Wrong Item,110910
R16813,SO49405,P1176,02-Jul-2025,1,Size Issue,38510
R16814,SO41486,P1975,30-Jun-2025,2,Defective,47720
R16815,SO48595,P1810,23-Mar-2025,4,Not Required,282000
R16816,SO13591,P1372,26-Mar-2025,7,Quality Issue,41370
R16817,SO20080,P1977,22-Mar-2025,8,Size Issue,497840
R16818,SO43895,P1844,22-Jun-2025,1,Quality Issue,25100
R16819,SO59348,P1160,25-Jul-2025,10,Wrong Item,187600
R16820,SO39971,P1983,27-Feb-2025,6,Damaged,495720
R16821,SO11374,P1037,30-Jun-2025,1,Defective,42590
R16822,SO58751,P1440,25-Oct-2025,4,Not Required,93600
R16823,SO69575,P1328,30-Apr-2025,8,Quality Issue,428560
R16824,SO36199,P1301,24-Dec-2025,5,Late Delivery,116800
R16825,SO20289,P1644,30-Mar-2025,1,Not Required,32980
R16826,SO20091,P1465,08-Mar-2025,2,Quality Issue,19960
R16827,SO60566,P1698,22-Jul-2025,1,Quality Issue,65730
R16828,SO10022,P1200,28-Jun-2025,1,Damaged,13090
R16829,SO58278,P1543,11-Jun-2025,1,Late Delivery,22370
R16830,SO56825,P1825,11-Jul-2025,2,Size Issue,78500
R16831,SO25784,P1782,08-Apr-2025,1,Late Delivery,10480
R16832,SO55495,P1871,20-Nov-2025,6,Quality Issue,67500
R16833,SO69581,P1223,12-Oct-2025,11,Damaged,631950
R16834,SO41044,P1189,28-Apr-2025,11,Not Required,114400
R16835,SO16210,P1739,14-Dec-2025,2,Damaged,58640
R16836,SO66266,P1368,15-Feb-2025,3,Quality Issue,38550
R16837,SO17588,P1491,21-Apr-2025,3,Quality Issue,229260
R16838,SO55171,P1935,04-Jan-2026,3,Defective,92820
R16839,SO23402,P1528,25-Sep-2025,10,Not Required,386500
R16840,SO64679,P1417,27-Sep-2025,15,Size Issue,249300
R16841,SO54230,P1190,08-Jan-2025,12,Not Required,424200
R16842,SO69483,P1621,15-Mar-2025,3,Defective,30210
R16843,SO55726,P1428,03-Nov-2025,8,Defective,396480
R16844,SO27407,P1314,17-Feb-2025,13,Defective,64740
R16845,SO39604,P1196,08-Dec-2025,8,Not Required,239520
R16846,SO14437,P1362,24-Dec-2025,1,Damaged,65130
R16847,SO58927,P1346,21-Jan-2025,5,Damaged,277800
R16848,SO39420,P1208,23-Jul-2025,3,Quality Issue,185070
R16849,SO28503,P1641,08-May-2025,5,Late Delivery,124450
R16850,SO54234,P1152,26-Feb-2025,7,Late Delivery,462070
R16851,SO63890,P1720,04-Oct-2025,5,Late Delivery,271300
R16852,SO38440,P1678,03-Oct-2025,1,Size Issue,25410
R16853,SO52556,P1907,16-Apr-2025,5,Wrong Item,13200
R16854,SO23792,P1347,25-May-2025,2,Quality Issue,91960
R16855,SO40425,P1802,05-Sep-2025,2,Wrong Item,11400
R16856,SO54117,P1120,08-Dec-2025,8,Late Delivery,186880
R16857,SO45097,P1025,26-Apr-2025,1,Quality Issue,38190
R16858,SO66227,P1235,06-Jun-2025,17,Wrong Item,933640
R16859,SO31309,P1266,11-May-2025,5,Wrong Item,41200
R16860,SO56982,P1319,06-Jan-2026,7,Defective,265510
R16861,SO35419,P1934,19-Aug-2025,6,Quality Issue,281580
R16862,SO27664,P1820,07-May-2025,2,Late Delivery,15460
R16863,SO12788,P1668,25-Nov-2025,5,Late Delivery,92800
R16864,SO52974,P1225,05-May-2025,9,Wrong Item,283590
R16865,SO36743,P1124,22-Nov-2025,5,Quality Issue,185850
R16866,SO43183,P1968,02-Jul-2025,8,Not Required,364400
R16867,SO69564,P1579,22-Feb-2025,9,Wrong Item,86130
R16868,SO55831,P1556,10-Jun-2025,4,Quality Issue,179960
R16869,SO29546,P1476,23-Nov-2025,6,Late Delivery,124440
R16870,SO69254,P1912,19-May-2025,3,Quality Issue,164190
R16871,SO35201,P1985,25-Jul-2025,9,Quality Issue,728280
R16872,SO20502,P1628,20-Oct-2025,6,Wrong Item,287340
R16873,SO43884,P1312,23-Jan-2025,12,Defective,285000
R16874,SO40700,P1262,14-May-2025,14,Size Issue,448000
R16875,SO59696,P1608,24-May-2025,6,Defective,492300
R16876,SO24395,P1353,02-Aug-2025,3,Not Required,29160
R16877,SO69221,P1322,15-Jun-2025,2,Not Required,157740
R16878,SO66009,P1789,06-Apr-2025,2,Not Required,43060
R16879,SO24886,P1798,02-Jan-2026,2,Late Delivery,110200
R16880,SO49997,P1700,21-Jul-2025,3,Defective,83580
R16881,SO68144,P1261,11-May-2025,7,Defective,76090
R16882,SO22423,P1216,23-Dec-2025,13,Defective,706030
R16883,SO60579,P1166,26-Dec-2025,9,Late Delivery,454500
R16884,SO60392,P1598,10-Oct-2025,2,Quality Issue,76920
R16885,SO40386,P1089,02-Oct-2025,1,Quality Issue,32340
R16886,SO39271,P1894,19-May-2025,2,Defective,109720
R16887,SO17765,P1507,01-Jul-2025,1,Size Issue,73900
R16888,SO29794,P1748,08-Dec-2025,2,Not Required,22740
R16889,SO58575,P1502,10-Apr-2025,5,Size Issue,366350
R16890,SO61072,P1122,09-Mar-2025,3,Not Required,132780
R16891,SO11820,P1146,03-Aug-2025,12,Late Delivery,808800
R16892,SO23727,P1370,12-Nov-2025,2,Wrong Item,9060
R16893,SO48445,P1304,17-Aug-2025,3,Wrong Item,129720
R16894,SO61484,P1356,25-Jun-2025,1,Quality Issue,26640
R16895,SO67626,P1304,25-Jan-2025,13,Size Issue,562120
R16896,SO39148,P1101,21-Dec-2025,6,Late Delivery,92280
R16897,SO15885,P1343,30-Jun-2025,12,Size Issue,638400
R16898,SO49885,P1996,03-Feb-2025,6,Quality Issue,343320
R16899,SO46671,P1730,11-Jul-2025,5,Damaged,116000
R16900,SO42981,P1811,19-Dec-2025,1,Wrong Item,63990
R16901,SO13552,P1224,18-Mar-2025,1,Quality Issue,19640
R16902,SO55024,P1761,06-Jul-2025,2,Late Delivery,5860
R16903,SO49350,P1053,15-Aug-2025,2,Defective,58640
R16904,SO43448,P1709,13-Apr-2025,3,Defective,46440
R16905,SO51871,P1798,23-Aug-2025,1,Late Delivery,55100
R16906,SO35557,P1575,29-May-2025,6,Size Issue,57300
R16907,SO37478,P1271,30-Jun-2025,1,Defective,43510
R16908,SO30819,P1194,25-Apr-2025,4,Quality Issue,26560
R16909,SO21100,P1982,20-Aug-2025,11,Defective,520850
R16910,SO29777,P1161,13-Oct-2025,2,Damaged,34860
R16911,SO39461,P1511,30-May-2025,1,Late Delivery,20390
R16912,SO37607,P1862,06-Jul-2025,10,Wrong Item,443300
R16913,SO11560,P1994,25-May-2025,2,Defective,101760
R16914,SO29832,P1644,25-Oct-2025,3,Wrong Item,98940
R16915,SO43622,P1966,22-Mar-2025,10,Quality Issue,601400
R16916,SO64038,P1110,02-Nov-2025,15,Damaged,673950
R16917,SO13087,P1219,18-Mar-2025,4,Quality Issue,8360
R16918,SO56092,P1033,11-Apr-2025,2,Not Required,119300
R16919,SO14531,P1276,06-Dec-2025,12,Size Issue,53760
R16920,SO38366,P1642,29-Aug-2025,1,Not Required,1040
R16921,SO60803,P1679,22-Sep-2025,11,Not Required,802120
R16922,SO68072,P1645,29-Oct-2025,4,Size Issue,247400
R16923,SO52557,P1851,06-Jul-2025,3,Quality Issue,76620
R16924,SO21818,P1564,01-Dec-2025,4,Damaged,10960
R16925,SO41802,P1022,14-Jul-2025,7,Wrong Item,173880
R16926,SO47331,P1296,13-Dec-2025,5,Size Issue,287450
R16927,SO67606,P1894,09-Jan-2026,2,Damaged,109720
R16928,SO47707,P1114,03-Jul-2025,2,Wrong Item,105040
R16929,SO28287,P1777,19-Jan-2025,6,Wrong Item,239340
R16930,SO68661,P1516,09-Apr-2025,2,Late Delivery,48800
R16931,SO40961,P1644,06-Jul-2025,9,Quality Issue,296820
R16932,SO40751,P1649,07-Nov-2025,8,Not Required,338480
R16933,SO15901,P1130,02-Apr-2025,8,Late Delivery,216880
R16934,SO38084,P1294,14-Apr-2025,2,Late Delivery,105540
R16935,SO35455,P1771,11-Mar-2025,6,Defective,293460
R16936,SO17059,P1268,13-Sep-2025,7,Size Issue,22960
R16937,SO49096,P1684,06-Mar-2025,6,Wrong Item,383280
R16938,SO10868,P1303,13-Aug-2025,9,Damaged,111330
R16939,SO57639,P1892,10-Aug-2025,2,Defective,55760
R16940,SO61460,P1081,02-Nov-2025,7,Size Issue,520380
R16941,SO61207,P1468,17-Dec-2025,5,Not Required,36150
R16942,SO15681,P1496,16-Mar-2025,9,Wrong Item,499950
R16943,SO64263,P1816,01-Aug-2025,1,Late Delivery,20230
R16944,SO58597,P1754,29-Apr-2025,2,Size Issue,1720
R16945,SO62909,P1786,09-Aug-2025,1,Late Delivery,69950
R16946,SO47854,P1782,15-Nov-2025,5,Late Delivery,52400
R16947,SO30856,P1666,14-Jul-2025,1,Quality Issue,1980
R16948,SO32504,P1404,23-Nov-2025,5,Quality Issue,362400
R16949,SO34166,P1232,16-Dec-2025,15,Not Required,809850
R16950,SO42897,P1435,31-Jan-2025,7,Quality Issue,333480
R16951,SO62219,P1694,06-Dec-2025,8,Late Delivery,534960
R16952,SO47828,P1638,21-Jan-2025,7,Wrong Item,51030
R16953,SO59776,P1659,01-Jan-2026,1,Size Issue,44690
R16954,SO35116,P1618,14-May-2025,1,Wrong Item,50740
R16955,SO68764,P1998,26-Nov-2025,14,Defective,427980
R16956,SO23076,P1126,23-Dec-2025,5,Damaged,96950
R16957,SO26308,P1119,14-Oct-2025,16,Late Delivery,603840
R16958,SO24322,P1648,01-Jan-2026,11,Defective,717860
R16959,SO11235,P1426,28-Jul-2025,13,Not Required,813020
R16960,SO17087,P1901,27-Feb-2025,1,Damaged,3160
R16961,SO20768,P1918,02-May-2025,16,Not Required,23520
R16962,SO31934,P1907,04-Jan-2026,11,Late Delivery,29040
R16963,SO40758,P1144,21-May-2025,3,Not Required,208740
R16964,SO14867,P1231,24-Jan-2025,2,Defective,81680
R16965,SO41928,P1798,02-Sep-2025,3,Not Required,165300
R16966,SO59001,P1270,25-Apr-2025,12,Quality Issue,695760
R16967,SO39608,P1480,05-Dec-2025,4,Not Required,104200
R16968,SO56746,P1124,19-Oct-2025,5,Late Delivery,185850
R16969,SO64290,P1890,28-Mar-2025,1,Not Required,69860
R16970,SO31424,P1925,07-May-2025,3,Damaged,83460
R16971,SO27237,P1641,21-Oct-2025,13,Not Required,323570
R16972,SO15899,P1528,30-Nov-2025,7,Late Delivery,270550
R16973,SO39045,P1202,03-Dec-2025,8,Wrong Item,559680
R16974,SO16705,P1695,04-May-2025,1,Quality Issue,10210
R16975,SO42965,P1223,27-Jun-2025,1,Late Delivery,57450
R16976,SO32866,P1824,18-Jul-2025,3,Late Delivery,28320
R16977,SO29744,P1774,20-Jul-2025,15,Not Required,696450
R16978,SO31068,P1854,08-Jun-2025,6,Quality Issue,36540
R16979,SO66652,P1162,14-Mar-2025,1,Wrong Item,19000
R16980,SO20376,P1827,12-May-2025,5,Damaged,188750
R16981,SO50012,P1412,14-Dec-2025,10,Damaged,323500
R16982,SO58857,P1100,14-May-2025,3,Defective,57510
R16983,SO21198,P1843,15-Jan-2025,1,Late Delivery,39590
R16984,SO49842,P1396,19-Mar-2025,1,Late Delivery,7600
R16985,SO18694,P1516,09-Nov-2025,2,Quality Issue,48800
R16986,SO60592,P1045,13-Aug-2025,7,Late Delivery,311080
R16987,SO12487,P1704,17-Jun-2025,3,Defective,28050
R16988,SO14289,P1586,17-Aug-2025,1,Damaged,49600
R16989,SO12151,P1359,27-Jul-2025,6,Size Issue,18600
R16990,SO67889,P1421,17-May-2025,10,Late Delivery,457400
R16991,SO26705,P1727,02-Mar-2025,4,Damaged,275920
R16992,SO29095,P1666,10-Sep-2025,3,Late Delivery,5940
R16993,SO59913,P1413,01-Mar-2025,3,Quality Issue,21930
R16994,SO16897,P1985,06-Sep-2025,4,Late Delivery,323680
R16995,SO64796,P1938,16-Apr-2025,1,Late Delivery,22780
R16996,SO31273,P1090,18-Feb-2025,7,Not Required,389760
R16997,SO29721,P1375,02-Jan-2026,4,Not Required,51040
R16998,SO47388,P1014,05-Feb-2025,2,Wrong Item,102100
R16999,SO29788,P1490,02-Jun-2025,8,Late Delivery,80400
R17000,SO45674,P1141,28-Feb-2025,9,Late Delivery,211230
R17001,SO21175,P1803,20-Jul-2025,2,Damaged,91800
R17002,SO25545,P1718,16-Oct-2025,3,Defective,142980
R17003,SO53365,P1471,06-Jun-2025,4,Damaged,5600
R17004,SO69489,P1551,28-Aug-2025,1,Not Required,47820
R17005,SO26471,P1360,26-Aug-2025,3,Size Issue,107310
R17006,SO66371,P1185,06-Feb-2025,1,Quality Issue,12920
R17007,SO38069,P1421,27-Jul-2025,3,Quality Issue,137220
R17008,SO16777,P1257,08-Jan-2026,3,Defective,138120
R17009,SO56662,P1244,08-Jun-2025,3,Size Issue,78090
R17010,SO45214,P1627,16-Aug-2025,7,Late Delivery,431130
R17011,SO28943,P1846,26-Jan-2025,3,Quality Issue,170280
R17012,SO14130,P1486,15-Sep-2025,1,Late Delivery,64610
R17013,SO20298,P1157,29-Sep-2025,1,Defective,6340
R17014,SO68258,P1002,09-Aug-2025,2,Not Required,131480
R17015,SO39766,P1808,21-Jul-2025,7,Damaged,477540
R17016,SO15089,P1580,12-Oct-2025,1,Late Delivery,33450
R17017,SO51530,P1924,01-Oct-2025,5,Not Required,288700
R17018,SO15974,P1690,19-Feb-2025,5,Damaged,196000
R17019,SO62414,P1640,05-Sep-2025,2,Late Delivery,51960
R17020,SO57862,P1818,17-Jul-2025,1,Wrong Item,42120
R17021,SO59369,P1065,14-Jun-2025,6,Size Issue,193620
R17022,SO64369,P1624,16-Aug-2025,2,Wrong Item,142300
R17023,SO64790,P1336,17-Jul-2025,1,Defective,14560
R17024,SO10956,P1885,17-Aug-2025,2,Damaged,8060
R17025,SO58831,P1994,15-Jun-2025,18,Size Issue,915840
R17026,SO56928,P1782,06-Apr-2025,3,Wrong Item,31440
R17027,SO55197,P1544,10-Nov-2025,4,Not Required,203880
R17028,SO15058,P1276,29-Oct-2025,11,Wrong Item,49280
R17029,SO52754,P1102,21-Feb-2025,3,Quality Issue,189750
R17030,SO18988,P1844,14-May-2025,2,Defective,50200
R17031,SO45064,P1713,12-Jul-2025,14,Not Required,610120
R17032,SO60493,P1847,26-Apr-2025,4,Late Delivery,36600
R17033,SO32932,P1584,14-Sep-2025,4,Not Required,214960
R17034,SO38740,P1837,21-Jan-2025,4,Damaged,198560
R17035,SO43385,P1474,29-Mar-2025,1,Size Issue,69220
R17036,SO11483,P1555,15-Dec-2025,1,Defective,34980
R17037,SO29780,P1917,16-Mar-2025,2,Wrong Item,4960
R17038,SO41003,P1085,29-Jul-2025,5,Defective,287700
R17039,SO64590,P1820,05-Sep-2025,5,Damaged,38650
R17040,SO25246,P1578,10-Jun-2025,6,Quality Issue,43260
R17041,SO63053,P1826,10-Jun-2025,1,Size Issue,40370
R17042,SO15016,P1321,11-Dec-2025,1,Defective,64320
R17043,SO29806,P1457,16-Dec-2025,2,Late Delivery,51360
R17044,SO16216,P1221,26-Jan-2025,16,Defective,363040
R17045,SO40343,P1245,23-Jul-2025,2,Size Issue,113360
R17046,SO13059,P1855,05-May-2025,6,Quality Issue,445320
R17047,SO65652,P1511,09-Aug-2025,2,Wrong Item,40780
R17048,SO13967,P1315,01-Apr-2025,5,Defective,327150
R17049,SO36034,P1110,03-Feb-2025,4,Quality Issue,179720
R17050,SO23441,P1544,14-Sep-2025,7,Not Required,356790
R17051,SO50769,P1679,25-Oct-2025,14,Late Delivery,1020880
R17052,SO16282,P1528,20-Jul-2025,8,Damaged,309200
R17053,SO68200,P1975,15-Nov-2025,2,Wrong Item,47720
R17054,SO21831,P1600,21-Nov-2025,2,Wrong Item,4660
R17055,SO11646,P1580,03-Apr-2025,1,Size Issue,33450
R17056,SO15946,P1242,27-Nov-2025,6,Quality Issue,70740
R17057,SO60606,P1588,17-Feb-2025,2,Defective,78820
R17058,SO22540,P1827,15-Feb-2025,16,Not Required,604000
R17059,SO63925,P1163,26-Aug-2025,10,Defective,191700
R17060,SO16141,P1938,04-Dec-2025,1,Defective,22780
R17061,SO18762,P1340,10-Apr-2025,6,Damaged,268740
R17062,SO37131,P1978,30-Dec-2025,17,Quality Issue,260780
R17063,SO33336,P1463,23-May-2025,13,Size Issue,252850
R17064,SO42924,P1548,21-Feb-2025,12,Late Delivery,628680
R17065,SO51571,P1458,06-Jun-2025,3,Size Issue,167370
R17066,SO40429,P1512,10-Jan-2026,1,Quality Issue,57980
R17067,SO22328,P1205,28-Nov-2025,1,Not Required,3850
R17068,SO32199,P1725,02-May-2025,2,Damaged,40200
R17069,SO52834,P1210,30-Sep-2025,3,Late Delivery,158160
R17070,SO53493,P1720,15-Feb-2025,6,Not Required,325560
R17071,SO66802,P1395,31-Aug-2025,16,Quality Issue,793600
R17072,SO19948,P1129,20-Dec-2025,1,Defective,25790
R17073,SO49358,P1696,11-Jul-2025,1,Wrong Item,46220
R17074,SO29627,P1446,24-Nov-2025,4,Quality Issue,258040
R17075,SO54219,P1251,10-Sep-2025,1,Damaged,48220
R17076,SO64865,P1332,30-Jan-2025,3,Late Delivery,166170
R17077,SO68803,P1319,11-Sep-2025,4,Quality Issue,151720
R17078,SO58421,P1390,20-May-2025,7,Not Required,333900
R17079,SO57504,P1129,22-Apr-2025,1,Wrong Item,25790
R17080,SO17836,P1953,13-Oct-2025,2,Late Delivery,130320
R17081,SO62291,P1686,04-Sep-2025,1,Quality Issue,13220
R17082,SO50833,P1975,02-Jan-2026,2,Not Required,47720
R17083,SO45452,P1865,05-May-2025,4,Defective,297120
R17084,SO15125,P1430,19-Jul-2025,4,Late Delivery,50240
R17085,SO50674,P1964,11-Nov-2025,11,Wrong Item,670890
R17086,SO57445,P1404,16-May-2025,1,Defective,72480
R17087,SO27793,P1267,16-Oct-2025,1,Defective,54160
R17088,SO56321,P1606,24-Mar-2025,6,Defective,108840
R17089,SO11511,P1354,23-Jul-2025,7,Quality Issue,461510
R17090,SO40301,P1183,07-Jan-2025,4,Defective,52240
R17091,SO67034,P1419,16-Feb-2025,6,Damaged,476160
R17092,SO34175,P1294,10-Jun-2025,4,Damaged,211080
R17093,SO13694,P1577,13-Feb-2025,2,Late Delivery,6260
R17094,SO44217,P1673,22-Aug-2025,6,Wrong Item,174420
R17095,SO49873,P1911,20-Jul-2025,7,Damaged,336210
R17096,SO29097,P1593,16-Nov-2025,1,Late Delivery,31150
R17097,SO58205,P1804,15-Dec-2025,1,Not Required,62850
R17098,SO44716,P1491,03-Jun-2025,9,Defective,687780
R17099,SO24827,P1428,11-Aug-2025,1,Quality Issue,49560
R17100,SO20322,P1892,13-Sep-2025,7,Damaged,195160
R17101,SO37604,P1388,05-Dec-2025,13,Not Required,767260
R17102,SO43206,P1790,01-Dec-2025,18,Late Delivery,1065060
R17103,SO42150,P1485,20-Jan-2025,17,Size Issue,918170
R17104,SO24119,P1774,04-Sep-2025,5,Size Issue,232150
R17105,SO33511,P1057,07-Feb-2025,9,Defective,3780
R17106,SO56152,P1086,11-May-2025,8,Damaged,510400
R17107,SO25883,P1539,07-Jun-2025,4,Quality Issue,98760
R17108,SO60362,P1409,28-Jan-2025,2,Not Required,82840
R17109,SO60824,P1764,14-Jul-2025,1,Not Required,72520
R17110,SO30727,P1058,13-Jan-2026,5,Wrong Item,258150
R17111,SO40418,P1942,07-Sep-2025,13,Wrong Item,426790
R17112,SO62688,P1887,14-Feb-2025,5,Size Issue,328300
R17113,SO14314,P1821,13-Jun-2025,4,Wrong Item,264640
R17114,SO45197,P1412,19-Mar-2025,2,Late Delivery,64700
R17115,SO50591,P1668,15-Mar-2025,16,Not Required,296960
R17116,SO19609,P1069,30-Sep-2025,5,Late Delivery,63300
R17117,SO56463,P1313,06-Jul-2025,4,Quality Issue,14880
R17118,SO49231,P1209,09-Jun-2025,7,Quality Issue,156730
R17119,SO50910,P1640,24-Jun-2025,4,Late Delivery,103920
R17120,SO42095,P1126,10-May-2025,15,Late Delivery,290850
R17121,SO28920,P1739,14-Jul-2025,1,Late Delivery,29320
R17122,SO45518,P1807,03-Jan-2026,19,Quality Issue,747460
R17123,SO58702,P1144,11-Dec-2025,3,Size Issue,208740
R17124,SO64267,P1748,20-Mar-2025,14,Damaged,159180
R17125,SO64554,P1396,23-Sep-2025,6,Quality Issue,45600
R17126,SO10928,P1389,06-Jun-2025,2,Late Delivery,37180
R17127,SO22296,P1125,14-Mar-2025,8,Wrong Item,90400
R17128,SO59029,P1802,11-May-2025,2,Defective,11400
R17129,SO29656,P1425,18-Apr-2025,5,Wrong Item,352950
R17130,SO62045,P1929,23-Dec-2025,11,Not Required,589160
R17131,SO17801,P1886,14-Apr-2025,16,Damaged,56320
R17132,SO27667,P1190,19-Dec-2025,4,Not Required,141400
R17133,SO29889,P1062,23-May-2025,1,Not Required,61680
R17134,SO30502,P1281,14-Dec-2025,10,Wrong Item,11900
R17135,SO39143,P1760,25-Jun-2025,1,Quality Issue,70640
R17136,SO23425,P1538,02-Aug-2025,7,Wrong Item,561120
R17137,SO25024,P1841,05-Apr-2025,8,Wrong Item,161920
R17138,SO28902,P1766,17-Jul-2025,10,Late Delivery,721500
R17139,SO65621,P1654,01-Dec-2025,1,Defective,31550
R17140,SO25642,P1314,15-Oct-2025,10,Quality Issue,49800
R17141,SO63264,P1749,24-Oct-2025,13,Late Delivery,343460
R17142,SO51790,P1773,08-Sep-2025,5,Damaged,403150
R17143,SO31279,P1932,27-Feb-2025,9,Size Issue,608490
R17144,SO24179,P1935,27-Dec-2025,8,Quality Issue,247520
R17145,SO61819,P1283,02-Mar-2025,3,Defective,153270
R17146,SO34676,P1040,20-Jun-2025,2,Quality Issue,35040
R17147,SO22920,P1754,05-Mar-2025,9,Not Required,7740
R17148,SO31569,P1406,03-Apr-2025,2,Size Issue,148580
R17149,SO25539,P1811,27-Jul-2025,4,Quality Issue,255960
R17150,SO18666,P1460,06-Jun-2025,3,Quality Issue,110520
R17151,SO19655,P1873,26-Feb-2025,3,Wrong Item,232350
R17152,SO11901,P1533,30-Aug-2025,18,Not Required,724500
R17153,SO27317,P1599,03-Oct-2025,11,Damaged,119020
R17154,SO54397,P1380,23-Aug-2025,6,Defective,132660
R17155,SO15916,P1628,17-Mar-2025,2,Not Required,95780
R17156,SO56560,P1549,03-Nov-2025,16,Wrong Item,688320
R17157,SO44040,P1305,05-Oct-2025,4,Wrong Item,83600
R17158,SO54692,P1291,10-Jun-2025,2,Wrong Item,59300
R17159,SO33521,P1539,07-Nov-2025,3,Late Delivery,74070
R17160,SO14138,P1324,13-Jul-2025,7,Late Delivery,469560
R17161,SO60427,P1574,02-Dec-2025,3,Quality Issue,136080
R17162,SO24822,P1741,19-Jan-2025,1,Quality Issue,270
R17163,SO45035,P1842,09-Oct-2025,8,Size Issue,490640
R17164,SO28661,P1433,28-Apr-2025,4,Damaged,79640
R17165,SO22275,P1705,11-Dec-2025,1,Quality Issue,73750
R17166,SO47586,P1571,31-Jul-2025,3,Defective,191370
R17167,SO33995,P1841,25-Nov-2025,15,Size Issue,303600
R17168,SO32563,P1794,13-Aug-2025,3,Not Required,18060
R17169,SO19253,P1688,30-Jan-2025,2,Size Issue,14880
R17170,SO11921,P1351,20-Jan-2025,2,Late Delivery,52360
R17171,SO38746,P1908,26-Apr-2025,12,Size Issue,32640
R17172,SO49377,P1629,01-May-2025,9,Late Delivery,327870
R17173,SO18978,P1296,22-Dec-2025,1,Not Required,57490
R17174,SO23640,P1406,04-Aug-2025,13,Size Issue,965770
R17175,SO63088,P1688,07-Jul-2025,4,Not Required,29760
R17176,SO49002,P1982,22-Mar-2025,3,Quality Issue,142050
R17177,SO14265,P1658,20-Oct-2025,10,Wrong Item,356200
R17178,SO43783,P1155,28-Nov-2025,3,Wrong Item,1770
R17179,SO47099,P1225,22-Mar-2025,4,Damaged,126040
R17180,SO36362,P1849,20-Nov-2025,2,Wrong Item,54280
R17181,SO58506,P1889,16-Sep-2025,2,Size Issue,16820
R17182,SO25730,P1188,02-Oct-2025,1,Defective,83090
R17183,SO59324,P1172,14-Jan-2025,2,Late Delivery,50700
R17184,SO30682,P1310,10-May-2025,6,Quality Issue,93420
R17185,SO48490,P1719,18-Jun-2025,4,Defective,60560
R17186,SO44824,P1492,24-Apr-2025,11,Not Required,469040
R17187,SO59574,P1122,06-Apr-2025,12,Quality Issue,531120
R17188,SO58768,P1612,02-Dec-2025,15,Size Issue,60600
R17189,SO56571,P1171,24-Jul-2025,1,Damaged,40750
R17190,SO38399,P1055,25-Apr-2025,2,Size Issue,126240
R17191,SO67642,P1513,26-Jun-2025,3,Size Issue,22770
R17192,SO28002,P1813,16-Jul-2025,11,Defective,334400
R17193,SO69342,P1332,18-Mar-2025,3,Not Required,166170
R17194,SO66455,P1385,07-Dec-2025,19,Size Issue,403940
R17195,SO45272,P1855,30-Sep-2025,7,Wrong Item,519540
R17196,SO60696,P1933,27-May-2025,1,Wrong Item,5980
R17197,SO52687,P1988,24-Jun-2025,12,Damaged,520080
R17198,SO32906,P1357,19-Jan-2025,13,Late Delivery,757510
R17199,SO10355,P1262,26-Oct-2025,1,Not Required,32000
R17200,SO15113,P1533,01-Jun-2025,2,Wrong Item,80500
R17201,SO40702,P1935,29-Dec-2025,4,Wrong Item,123760
R17202,SO54888,P1886,20-Mar-2025,1,Not Required,3520
R17203,SO55469,P1358,10-Mar-2025,4,Wrong Item,1600
R17204,SO10498,P1864,19-May-2025,12,Damaged,579960
R17205,SO30918,P1586,31-Jul-2025,4,Damaged,198400
R17206,SO19115,P1293,08-Feb-2025,3,Size Issue,7230
R17207,SO69680,P1451,09-Feb-2025,5,Damaged,302200
R17208,SO54505,P1511,11-Jan-2025,2,Wrong Item,40780
R17209,SO35374,P1574,20-Jan-2025,1,Wrong Item,45360
R17210,SO30567,P1636,08-May-2025,4,Damaged,28440
R17211,SO18804,P1540,19-Apr-2025,7,Late Delivery,82600
R17212,SO61202,P1849,22-Aug-2025,6,Damaged,162840
R17213,SO69149,P1888,18-Jun-2025,7,Damaged,183330
R17214,SO20683,P1993,12-May-2025,15,Damaged,302100
R17215,SO53623,P1367,26-Mar-2025,2,Defective,130780
R17216,SO11737,P1243,21-Sep-2025,7,Not Required,542780
R17217,SO27367,P1103,14-Nov-2025,11,Not Required,419100
R17218,SO20100,P1068,15-Jan-2025,3,Defective,53790
R17219,SO52277,P1159,27-Jul-2025,5,Quality Issue,328000
R17220,SO21057,P1889,31-May-2025,2,Size Issue,16820
R17221,SO50051,P1731,20-May-2025,1,Not Required,59700
R17222,SO37835,P1064,10-Sep-2025,3,Wrong Item,14160
R17223,SO28369,P1951,14-Sep-2025,5,Wrong Item,290050
R17224,SO61612,P1104,11-Jan-2026,1,Quality Issue,7170
R17225,SO34312,P1023,06-Jun-2025,3,Damaged,67710
R17226,SO29891,P1323,05-Nov-2025,4,Wrong Item,38120
R17227,SO54424,P1691,26-Jan-2025,3,Late Delivery,95460
R17228,SO54062,P1981,15-Dec-2025,9,Damaged,204840
R17229,SO19813,P1006,19-Oct-2025,2,Quality Issue,38880
R17230,SO42153,P1481,11-Sep-2025,9,Size Issue,417870
R17231,SO31772,P1339,02-Aug-2025,6,Defective,401100
R17232,SO33069,P1820,26-Oct-2025,1,Late Delivery,7730
R17233,SO69460,P1163,12-Jul-2025,13,Defective,249210
R17234,SO23956,P1556,02-Jul-2025,8,Defective,359920
R17235,SO63259,P1174,15-Oct-2025,17,Wrong Item,263330
R17236,SO10761,P1741,28-Apr-2025,1,Damaged,270
R17237,SO62205,P1222,02-Jan-2026,1,Quality Issue,23670
R17238,SO40183,P1481,29-Jul-2025,3,Damaged,139290
R17239,SO25459,P1449,02-Jul-2025,2,Not Required,32000
R17240,SO62685,P1406,07-Apr-2025,1,Defective,74290
R17241,SO16783,P1759,26-Dec-2025,4,Defective,102680
R17242,SO29230,P1361,10-Jan-2025,10,Late Delivery,484300
R17243,SO49469,P1361,04-Jul-2025,4,Wrong Item,193720
R17244,SO34813,P1482,03-Jul-2025,2,Damaged,138240
R17245,SO58817,P1604,27-Oct-2025,7,Quality Issue,166740
R17246,SO68363,P1686,16-Jan-2025,1,Not Required,13220
R17247,SO34706,P1761,06-Mar-2025,3,Damaged,8790
R17248,SO17546,P1209,30-Aug-2025,11,Wrong Item,246290
R17249,SO43304,P1480,03-Oct-2025,7,Size Issue,182350
R17250,SO52745,P1370,28-Dec-2025,7,Late Delivery,31710
R17251,SO25613,P1684,04-Feb-2025,6,Damaged,383280
R17252,SO13605,P1359,05-Dec-2025,4,Wrong Item,12400
R17253,SO65440,P1818,03-Mar-2025,12,Size Issue,505440
R17254,SO65757,P1447,31-May-2025,1,Damaged,21050
R17255,SO33008,P1040,30-Jun-2025,1,Not Required,17520
R17256,SO23085,P1604,06-Oct-2025,2,Defective,47640
R17257,SO19958,P1071,19-Apr-2025,3,Wrong Item,32160
R17258,SO42304,P1868,18-Oct-2025,8,Late Delivery,158240
R17259,SO63736,P1076,01-Nov-2025,2,Wrong Item,880
R17260,SO53876,P1756,13-Sep-2025,3,Wrong Item,192990
R17261,SO25321,P1732,03-Aug-2025,3,Wrong Item,69060
R17262,SO55863,P1842,02-Mar-2025,19,Quality Issue,1165270
R17263,SO50020,P1206,17-Feb-2025,15,Late Delivery,1032600
R17264,SO69703,P1359,22-Sep-2025,1,Quality Issue,3100
R17265,SO52949,P1951,12-Jan-2025,7,Quality Issue,406070
R17266,SO31254,P1854,27-Nov-2025,9,Not Required,54810
R17267,SO60506,P1031,23-Oct-2025,3,Wrong Item,183720
R17268,SO19318,P1495,21-Dec-2025,10,Not Required,206800
R17269,SO64444,P1445,07-Jul-2025,17,Damaged,42330
R17270,SO57159,P1949,30-Jul-2025,1,Not Required,29660
R17271,SO68295,P1862,29-Oct-2025,3,Wrong Item,132990
R17272,SO68410,P1478,08-Nov-2025,13,Damaged,330720
R17273,SO38372,P1201,20-Jul-2025,2,Wrong Item,159340
R17274,SO12324,P1248,22-Sep-2025,4,Late Delivery,154160
R17275,SO67184,P1918,03-Dec-2025,4,Quality Issue,5880
R17276,SO39832,P1908,22-Sep-2025,17,Late Delivery,46240
R17277,SO18507,P1475,09-Apr-2025,5,Wrong Item,85250
R17278,SO45391,P1368,04-Dec-2025,11,Damaged,141350
R17279,SO34149,P1825,16-May-2025,7,Defective,274750
R17280,SO34546,P1610,09-Aug-2025,8,Quality Issue,450560
R17281,SO17941,P1733,04-Jan-2026,1,Late Delivery,48220
R17282,SO13662,P1613,17-Aug-2025,2,Not Required,152860
R17283,SO58749,P1476,10-Aug-2025,12,Late Delivery,248880
R17284,SO52265,P1418,28-Mar-2025,10,Defective,86900
R17285,SO10215,P1383,26-Mar-2025,4,Damaged,199000
R17286,SO41211,P1986,09-Apr-2025,3,Size Issue,190170
R17287,SO23390,P1759,05-May-2025,6,Defective,154020
R17288,SO43919,P1475,24-Dec-2025,6,Defective,102300
R17289,SO49608,P1337,11-Dec-2025,10,Damaged,440200
R17290,SO10656,P1417,25-Dec-2025,7,Damaged,116340
R17291,SO58887,P1721,14-Jun-2025,5,Damaged,311500
R17292,SO63051,P1881,08-Aug-2025,9,Damaged,223020
R17293,SO36762,P1934,19-Jun-2025,10,Size Issue,469300
R17294,SO31630,P1654,24-Aug-2025,1,Defective,31550
R17295,SO58222,P1655,13-Jan-2026,13,Quality Issue,96330
R17296,SO42947,P1565,09-Nov-2025,2,Late Delivery,5000
R17297,SO30849,P1968,24-Dec-2025,11,Defective,501050
R17298,SO36919,P1175,26-Oct-2025,9,Defective,348300
R17299,SO57348,P1588,03-Feb-2025,9,Size Issue,354690
R17300,SO55692,P1296,19-Jun-2025,2,Not Required,114980
R17301,SO38818,P1031,18-Aug-2025,2,Quality Issue,122480
R17302,SO51549,P1478,19-Oct-2025,9,Quality Issue,228960
R17303,SO56870,P1443,11-Dec-2025,5,Size Issue,195400
R17304,SO39677,P1110,14-Oct-2025,5,Late Delivery,224650
R17305,SO45766,P1708,06-Feb-2025,1,Size Issue,23100
R17306,SO48515,P1524,31-Jul-2025,6,Wrong Item,356160
R17307,SO68525,P1748,27-Sep-2025,9,Size Issue,102330
R17308,SO25960,P1178,27-Apr-2025,1,Late Delivery,43380
R17309,SO31471,P1492,22-Nov-2025,2,Defective,85280
R17310,SO37704,P1508,16-May-2025,1,Defective,35110
R17311,SO62814,P1254,17-May-2025,1,Damaged,44740
R17312,SO47300,P1520,08-Aug-2025,4,Defective,14360
R17313,SO54206,P1539,16-Apr-2025,3,Damaged,74070
R17314,SO51540,P1559,19-Jul-2025,5,Late Delivery,363100
R17315,SO52846,P1081,20-Jun-2025,1,Quality Issue,74340
R17316,SO22877,P1135,23-Jan-2025,6,Damaged,311160
R17317,SO36189,P1239,16-May-2025,2,Damaged,166240
R17318,SO20408,P1480,27-Feb-2025,11,Wrong Item,286550
R17319,SO55107,P1607,29-May-2025,1,Size Issue,71230
R17320,SO19037,P1657,03-Nov-2025,5,Quality Issue,378700
R17321,SO28137,P1992,28-Mar-2025,12,Not Required,826080
R17322,SO37022,P1556,05-Apr-2025,6,Not Required,269940
R17323,SO37313,P1550,28-Oct-2025,1,Damaged,57700
R17324,SO19025,P1348,26-Mar-2025,8,Size Issue,643520
R17325,SO67787,P1149,01-Sep-2025,5,Quality Issue,35750
R17326,SO35521,P1289,03-Jul-2025,6,Size Issue,122820
R17327,SO26594,P1237,10-Jul-2025,6,Late Delivery,358260
R17328,SO45901,P1621,29-Sep-2025,7,Size Issue,70490
R17329,SO28869,P1060,08-May-2025,11,Not Required,325820
R17330,SO20327,P1976,07-Feb-2025,6,Quality Issue,361740
R17331,SO57725,P1767,13-Apr-2025,13,Late Delivery,662740
R17332,SO13318,P1248,18-May-2025,2,Size Issue,77080
R17333,SO37915,P1557,06-Oct-2025,13,Wrong Item,137930
R17334,SO47061,P1738,19-Jan-2025,3,Wrong Item,34470
R17335,SO45632,P1857,10-Aug-2025,6,Quality Issue,357780
R17336,SO18347,P1624,14-Jul-2025,5,Wrong Item,355750
R17337,SO53912,P1382,23-May-2025,7,Wrong Item,117110
R17338,SO42209,P1001,25-Apr-2025,6,Not Required,284160
R17339,SO20716,P1909,02-Apr-2025,8,Defective,108240
R17340,SO10944,P1597,13-Aug-2025,2,Size Issue,137280
R17341,SO69714,P1861,02-Mar-2025,3,Quality Issue,160140
R17342,SO20208,P1092,04-Apr-2025,2,Defective,146120
R17343,SO42920,P1942,18-Feb-2025,1,Late Delivery,32830
R17344,SO45567,P1742,07-Sep-2025,2,Wrong Item,149820
R17345,SO10592,P1163,25-Aug-2025,1,Not Required,19170
R17346,SO25594,P1585,19-Apr-2025,1,Wrong Item,57380
R17347,SO22577,P1564,03-Aug-2025,12,Defective,32880
R17348,SO35682,P1172,30-Jan-2025,1,Late Delivery,25350
R17349,SO59365,P1585,29-Jul-2025,12,Defective,688560
R17350,SO39275,P1688,20-Sep-2025,2,Late Delivery,14880
R17351,SO44847,P1002,06-Feb-2025,1,Wrong Item,65740
R17352,SO11877,P1616,14-Nov-2025,10,Defective,19400
R17353,SO31637,P1617,29-Jun-2025,4,Damaged,150200
R17354,SO36413,P1842,25-Jun-2025,3,Size Issue,183990
R17355,SO50386,P1855,26-Jan-2025,12,Wrong Item,890640
R17356,SO63322,P1428,26-Jul-2025,2,Late Delivery,99120
R17357,SO49184,P1256,18-Feb-2025,13,Late Delivery,126620
R17358,SO62193,P1117,18-Mar-2025,5,Size Issue,318900
R17359,SO19924,P1130,17-Nov-2025,6,Damaged,162660
R17360,SO21229,P1809,22-Aug-2025,2,Damaged,8700
R17361,SO21667,P1839,23-Feb-2025,10,Not Required,51200
R17362,SO13761,P1629,28-May-2025,1,Late Delivery,36430
R17363,SO20749,P1038,17-Apr-2025,15,Size Issue,390450
R17364,SO18464,P1462,20-Apr-2025,1,Not Required,31370
R17365,SO54757,P1946,04-Aug-2025,4,Late Delivery,170760
R17366,SO33565,P1542,13-Mar-2025,3,Quality Issue,237720
R17367,SO21423,P1313,13-Jul-2025,4,Damaged,14880
R17368,SO20530,P1675,10-Dec-2025,11,Defective,515350
R17369,SO36278,P1434,22-Dec-2025,16,Size Issue,396000
R17370,SO25460,P1932,28-Nov-2025,1,Damaged,67610
R17371,SO30823,P1509,29-Jan-2025,2,Damaged,97080
R17372,SO30190,P1236,07-Nov-2025,16,Wrong Item,932800
R17373,SO62918,P1656,20-Aug-2025,13,Not Required,762710
R17374,SO19448,P1011,16-Feb-2025,2,Not Required,68520
R17375,SO57536,P1049,03-Mar-2025,2,Size Issue,24980
R17376,SO31057,P1616,18-Feb-2025,8,Late Delivery,15520
R17377,SO48464,P1688,07-Aug-2025,1,Size Issue,7440
R17378,SO46939,P1893,15-Dec-2025,9,Quality Issue,15120
R17379,SO13080,P1748,02-Jul-2025,2,Size Issue,22740
R17380,SO58617,P1265,10-Dec-2025,4,Damaged,151360
R17381,SO18758,P1247,08-Aug-2025,5,Late Delivery,290700
R17382,SO47230,P1215,09-Oct-2025,5,Late Delivery,299700
R17383,SO50623,P1186,30-Nov-2025,5,Defective,300600
R17384,SO68965,P1224,31-Jul-2025,12,Quality Issue,235680
R17385,SO23071,P1337,07-Jun-2025,16,Defective,704320
R17386,SO31090,P1097,10-Jun-2025,14,Late Delivery,806960
R17387,SO20048,P1694,11-Oct-2025,2,Wrong Item,133740
R17388,SO44277,P1712,30-Apr-2025,3,Damaged,80730
R17389,SO47598,P1991,11-Dec-2025,6,Damaged,269160
R17390,SO14996,P1331,28-Oct-2025,2,Late Delivery,10160
R17391,SO26115,P1217,19-May-2025,2,Defective,72200
R17392,SO47194,P1757,29-Oct-2025,7,Not Required,256340
R17393,SO16204,P1246,09-Mar-2025,12,Damaged,326160
R17394,SO45639,P1804,07-Jul-2025,1,Not Required,62850
R17395,SO46126,P1066,11-Dec-2025,6,Late Delivery,127680
R17396,SO10427,P1232,03-Mar-2025,9,Size Issue,485910
R17397,SO23460,P1448,10-May-2025,19,Size Issue,933850
R17398,SO53175,P1890,17-Sep-2025,1,Late Delivery,69860
R17399,SO28539,P1473,22-Sep-2025,6,Damaged,211200
R17400,SO22127,P1741,20-Apr-2025,4,Wrong Item,1080
R17401,SO41656,P1533,17-Aug-2025,12,Damaged,483000
R17402,SO57283,P1332,22-Jan-2025,7,Size Issue,387730
R17403,SO21958,P1893,05-Aug-2025,2,Wrong Item,3360
R17404,SO17348,P1924,09-Jul-2025,2,Wrong Item,115480
R17405,SO11322,P1122,27-May-2025,7,Not Required,309820
R17406,SO59233,P1368,26-Aug-2025,5,Wrong Item,64250
R17407,SO20455,P1588,27-Dec-2025,8,Defective,315280
R17408,SO64077,P1388,10-Sep-2025,2,Size Issue,118040
R17409,SO60827,P1338,24-Nov-2025,4,Wrong Item,21600
R17410,SO44545,P1492,09-Oct-2025,2,Quality Issue,85280
R17411,SO18054,P1062,23-Apr-2025,5,Damaged,308400
R17412,SO25257,P1348,23-Oct-2025,2,Defective,160880
R17413,SO57934,P1032,04-Apr-2025,5,Damaged,245700
R17414,SO36768,P1629,20-Jul-2025,10,Wrong Item,364300
R17415,SO16769,P1544,09-Oct-2025,2,Late Delivery,101940
R17416,SO60625,P1891,01-Feb-2025,3,Defective,32520
R17417,SO51105,P1215,12-Sep-2025,1,Not Required,59940
R17418,SO48350,P1638,19-Sep-2025,10,Not Required,72900
R17419,SO66699,P1345,08-Aug-2025,2,Wrong Item,30120
R17420,SO54451,P1923,21-Nov-2025,2,Wrong Item,75520
R17421,SO65891,P1616,08-May-2025,7,Late Delivery,13580
R17422,SO51945,P1559,29-Oct-2025,4,Wrong Item,290480
R17423,SO53116,P1712,22-Feb-2025,1,Wrong Item,26910
R17424,SO18682,P1863,07-Nov-2025,3,Damaged,43710
R17425,SO37257,P1042,29-Jan-2025,4,Defective,124120
R17426,SO65514,P1391,08-Jan-2026,10,Defective,544000
R17427,SO68640,P1277,23-Jan-2025,6,Quality Issue,35280
R17428,SO40807,P1396,11-Oct-2025,4,Not Required,30400
R17429,SO13226,P1478,01-May-2025,1,Not Required,25440
R17430,SO57095,P1281,30-Aug-2025,9,Not Required,10710
R17431,SO66761,P1880,07-Mar-2025,6,Not Required,248640
R17432,SO22213,P1523,28-Feb-2025,6,Damaged,71340
R17433,SO48140,P1892,15-Apr-2025,6,Not Required,167280
R17434,SO29619,P1739,01-Nov-2025,16,Not Required,469120
R17435,SO59661,P1968,01-Apr-2025,4,Late Delivery,182200
R17436,SO12977,P1693,17-Sep-2025,10,Late Delivery,654300
R17437,SO29353,P1891,16-Jun-2025,3,Not Required,32520
R17438,SO55066,P1143,10-Feb-2025,7,Not Required,311430
R17439,SO14257,P1467,10-Jan-2025,4,Defective,114440
R17440,SO60975,P1686,14-Jan-2025,9,Late Delivery,118980
R17441,SO65983,P1940,06-Feb-2025,6,Wrong Item,431760
R17442,SO10632,P1994,17-Sep-2025,5,Defective,254400
R17443,SO49742,P1485,05-Nov-2025,4,Late Delivery,216040
R17444,SO10598,P1044,09-May-2025,3,Wrong Item,162750
R17445,SO59151,P1410,11-May-2025,7,Wrong Item,544250
R17446,SO15091,P1023,21-Jan-2025,6,Late Delivery,135420
R17447,SO53304,P1121,25-Dec-2025,1,Size Issue,18530
R17448,SO29191,P1656,23-Jan-2025,1,Size Issue,58670
R17449,SO22943,P1101,21-Aug-2025,8,Quality Issue,123040
R17450,SO28625,P1228,31-Dec-2025,9,Late Delivery,434340
R17451,SO66790,P1452,12-Aug-2025,1,Defective,69700
R17452,SO13689,P1949,08-Mar-2025,5,Quality Issue,148300
R17453,SO48558,P1303,13-Oct-2025,12,Wrong Item,148440
R17454,SO47174,P1064,28-Aug-2025,8,Damaged,37760
R17455,SO31544,P1076,23-May-2025,7,Damaged,3080
R17456,SO11038,P1113,03-Jan-2026,4,Size Issue,147880
R17457,SO21593,P1449,24-Oct-2025,12,Wrong Item,192000
R17458,SO14333,P1099,02-Sep-2025,9,Size Issue,611820
R17459,SO33887,P1480,18-Feb-2025,3,Wrong Item,78150
R17460,SO46259,P1128,23-Dec-2025,7,Damaged,501270
R17461,SO42213,P1069,19-Dec-2025,1,Late Delivery,12660
R17462,SO22244,P1296,13-Sep-2025,3,Quality Issue,172470
R17463,SO28998,P1431,07-Aug-2025,12,Late Delivery,803760
R17464,SO47070,P1284,10-Apr-2025,4,Wrong Item,50760
R17465,SO34894,P1636,08-May-2025,5,Quality Issue,35550
R17466,SO35171,P1963,19-May-2025,3,Defective,76530
R17467,SO19104,P1882,19-Apr-2025,2,Wrong Item,39560
R17468,SO16781,P1936,03-Jul-2025,3,Not Required,71730
R17469,SO16799,P1044,13-Feb-2025,7,Wrong Item,379750
R17470,SO30367,P1750,08-Jan-2025,2,Size Issue,84680
R17471,SO68704,P1471,17-Dec-2025,6,Not Required,8400
R17472,SO25220,P1612,30-Nov-2025,13,Defective,52520
R17473,SO13253,P1099,19-Aug-2025,7,Size Issue,475860
R17474,SO57441,P1662,06-Nov-2025,1,Quality Issue,69910
R17475,SO51289,P1371,23-Dec-2025,1,Damaged,74980
R17476,SO31447,P1108,26-May-2025,1,Late Delivery,57500
R17477,SO66789,P1178,12-Jan-2025,5,Quality Issue,216900
R17478,SO31491,P1558,14-Jan-2025,3,Wrong Item,83850
R17479,SO54447,P1725,14-Sep-2025,4,Damaged,80400
R17480,SO48866,P1871,14-Sep-2025,10,Wrong Item,112500
R17481,SO33025,P1301,26-Mar-2025,2,Defective,46720
R17482,SO15850,P1895,06-Apr-2025,12,Size Issue,633480
R17483,SO45610,P1635,11-Dec-2025,3,Not Required,203580
R17484,SO66740,P1386,04-Jun-2025,1,Defective,38600
R17485,SO42137,P1859,30-Dec-2025,9,Defective,299790
R17486,SO69972,P1441,16-Apr-2025,11,Late Delivery,646580
R17487,SO51989,P1446,09-Aug-2025,5,Size Issue,322550
R17488,SO66333,P1170,21-Jan-2025,2,Defective,120820
R17489,SO11924,P1657,07-Aug-2025,3,Wrong Item,227220
R17490,SO13418,P1370,17-Jul-2025,13,Quality Issue,58890
R17491,SO63848,P1409,07-Dec-2025,10,Not Required,414200
R17492,SO61265,P1832,17-Dec-2025,8,Defective,159920
R17493,SO53474,P1858,12-Jul-2025,8,Size Issue,552000
R17494,SO16580,P1129,22-Jun-2025,6,Quality Issue,154740
R17495,SO50676,P1980,22-Jul-2025,3,Wrong Item,129390
R17496,SO48943,P1133,01-Jun-2025,8,Wrong Item,583360
R17497,SO21261,P1468,18-Oct-2025,8,Damaged,57840
R17498,SO19180,P1324,22-Sep-2025,3,Size Issue,201240
R17499,SO45597,P1038,19-Feb-2025,1,Quality Issue,26030
R17500,SO63615,P1203,13-Jul-2025,5,Wrong Item,88100
R17501,SO46829,P1154,06-Feb-2025,9,Quality Issue,221040
R17502,SO44062,P1774,30-Aug-2025,5,Size Issue,232150
R17503,SO65907,P1222,10-May-2025,1,Not Required,23670
R17504,SO40538,P1027,08-Apr-2025,3,Not Required,95640
R17505,SO30793,P1560,21-Jun-2025,4,Size Issue,35360
R17506,SO14133,P1332,23-Feb-2025,4,Defective,221560
R17507,SO17511,P1052,25-Aug-2025,11,Late Delivery,123310
R17508,SO58420,P1125,09-Jan-2025,3,Not Required,33900
R17509,SO21114,P1866,18-Aug-2025,3,Damaged,210090
R17510,SO42117,P1027,09-Jun-2025,4,Wrong Item,127520
R17511,SO63543,P1688,08-Mar-2025,3,Quality Issue,22320
R17512,SO51127,P1185,11-Nov-2025,4,Damaged,51680
R17513,SO39759,P1439,07-Jun-2025,6,Damaged,35400
R17514,SO38089,P1118,11-Feb-2025,4,Not Required,62160
R17515,SO47109,P1639,05-Jun-2025,10,Not Required,647400
R17516,SO33895,P1674,18-Aug-2025,2,Wrong Item,78040
R17517,SO36168,P1580,14-Oct-2025,8,Not Required,267600
R17518,SO55938,P1259,15-Dec-2025,7,Not Required,439880
R17519,SO61136,P1382,18-Sep-2025,5,Not Required,83650
R17520,SO66865,P1140,01-Apr-2025,15,Not Required,529350
R17521,SO68068,P1876,13-Nov-2025,12,Wrong Item,279240
R17522,SO40370,P1329,26-Jan-2025,2,Damaged,13460
R17523,SO19624,P1389,24-Aug-2025,3,Defective,55770
R17524,SO18368,P1151,21-Mar-2025,8,Not Required,7280
R17525,SO69364,P1121,11-Nov-2025,9,Size Issue,166770
R17526,SO31474,P1573,10-Mar-2025,8,Late Delivery,19120
R17527,SO54709,P1220,23-Sep-2025,4,Size Issue,290920
R17528,SO18705,P1767,12-Apr-2025,3,Damaged,152940
R17529,SO10692,P1834,04-Aug-2025,1,Damaged,48100
R17530,SO49627,P1378,10-Jul-2025,12,Late Delivery,148920
R17531,SO50762,P1996,20-Jan-2025,10,Size Issue,572200
R17532,SO52938,P1216,05-Oct-2025,1,Quality Issue,54310
R17533,SO24671,P1864,26-Jun-2025,1,Defective,48330
R17534,SO38612,P1724,14-Jan-2025,12,Not Required,298560
R17535,SO50660,P1081,31-Dec-2025,2,Quality Issue,148680
R17536,SO20501,P1513,12-Apr-2025,2,Quality Issue,15180
R17537,SO23223,P1071,19-Aug-2025,9,Size Issue,96480
R17538,SO13062,P1789,13-Mar-2025,5,Late Delivery,107650
R17539,SO56039,P1891,16-Jul-2025,6,Quality Issue,65040
R17540,SO48481,P1056,04-Sep-2025,5,Size Issue,358450
R17541,SO26134,P1422,04-Nov-2025,8,Not Required,238400
R17542,SO35243,P1768,01-Aug-2025,2,Quality Issue,93260
R17543,SO60386,P1354,07-Dec-2025,2,Defective,131860
R17544,SO24378,P1151,03-Aug-2025,7,Not Required,6370
R17545,SO63108,P1470,04-Dec-2025,7,Late Delivery,82670
R17546,SO21507,P1151,06-May-2025,2,Defective,1820
R17547,SO18565,P1884,03-Jul-2025,3,Size Issue,43830
R17548,SO36711,P1123,14-Apr-2025,5,Size Issue,309450
R17549,SO44986,P1284,14-Mar-2025,1,Size Issue,12690
R17550,SO68280,P1989,04-Jul-2025,2,Size Issue,54860
R17551,SO36860,P1495,01-Jun-2025,12,Not Required,248160
R17552,SO15674,P1246,06-Jun-2025,3,Not Required,81540
R17553,SO51993,P1432,19-Sep-2025,3,Wrong Item,178530
R17554,SO52178,P1027,26-Oct-2025,3,Defective,95640
R17555,SO23678,P1760,10-Dec-2025,4,Quality Issue,282560
R17556,SO54485,P1366,06-Jan-2026,1,Wrong Item,36810
R17557,SO65706,P1577,04-Apr-2025,1,Quality Issue,3130
R17558,SO21812,P1701,03-Nov-2025,15,Wrong Item,970800
R17559,SO16848,P1160,30-Dec-2025,4,Late Delivery,75040
R17560,SO59255,P1435,19-Aug-2025,5,Quality Issue,238200
R17561,SO47260,P1732,29-Jul-2025,2,Size Issue,46040
R17562,SO32965,P1928,02-Dec-2025,2,Wrong Item,41280
R17563,SO16355,P1825,12-Jun-2025,6,Damaged,235500
R17564,SO55108,P1522,24-Aug-2025,10,Not Required,58000
R17565,SO61953,P1900,25-May-2025,3,Not Required,204660
R17566,SO30138,P1448,01-Nov-2025,4,Late Delivery,196600
R17567,SO44437,P1408,01-Jul-2025,7,Defective,385910
R17568,SO43958,P1224,02-Aug-2025,1,Defective,19640
R17569,SO67234,P1327,23-Mar-2025,2,Wrong Item,8200
R17570,SO32395,P1898,02-Nov-2025,4,Damaged,108600
R17571,SO29277,P1839,28-Nov-2025,1,Wrong Item,5120
R17572,SO38217,P1112,15-Aug-2025,1,Not Required,37140
R17573,SO58733,P1359,22-Jan-2025,12,Quality Issue,37200
R17574,SO32708,P1082,20-Mar-2025,5,Late Delivery,158300
R17575,SO23164,P1423,31-Mar-2025,5,Not Required,65800
R17576,SO57385,P1577,05-Jun-2025,4,Defective,12520
R17577,SO30471,P1043,19-Feb-2025,2,Late Delivery,59640
R17578,SO53922,P1936,07-Apr-2025,2,Late Delivery,47820
R17579,SO65345,P1592,09-Jan-2026,17,Quality Issue,1359660
R17580,SO24672,P1014,30-Aug-2025,13,Not Required,663650
R17581,SO29900,P1027,11-Jun-2025,2,Quality Issue,63760
R17582,SO26330,P1639,21-Jan-2025,1,Wrong Item,64740
R17583,SO65238,P1644,20-May-2025,13,Late Delivery,428740
R17584,SO33441,P1737,12-Jul-2025,1,Wrong Item,30260
R17585,SO22461,P1834,15-Feb-2025,2,Damaged,96200
R17586,SO20603,P1937,12-Feb-2025,8,Defective,324640
R17587,SO34338,P1921,20-Sep-2025,1,Size Issue,19230
R17588,SO27416,P1173,14-Jan-2026,6,Size Issue,414780
R17589,SO51131,P1353,18-Jul-2025,3,Defective,29160
R17590,SO68538,P1583,27-Aug-2025,7,Defective,356720
R17591,SO35414,P1015,03-Jul-2025,6,Wrong Item,274320
R17592,SO59054,P1871,24-Jan-2025,1,Size Issue,11250
R17593,SO46535,P1384,08-Jul-2025,10,Quality Issue,21400
R17594,SO13970,P1484,01-Apr-2025,15,Not Required,618600
R17595,SO20515,P1824,20-Feb-2025,6,Wrong Item,56640
R17596,SO16277,P1808,02-Aug-2025,3,Wrong Item,204660
R17597,SO30256,P1213,26-Dec-2025,15,Quality Issue,755700
R17598,SO64925,P1226,14-Jul-2025,2,Late Delivery,118640
R17599,SO20961,P1126,18-May-2025,1,Wrong Item,19390
R17600,SO51719,P1856,02-Oct-2025,2,Quality Issue,143120
R17601,SO45532,P1096,07-Feb-2025,1,Damaged,55900
R17602,SO24397,P1263,08-Sep-2025,9,Wrong Item,149040
R17603,SO36917,P1536,26-Jun-2025,8,Late Delivery,464720
R17604,SO41910,P1533,19-Dec-2025,3,Not Required,120750
R17605,SO36904,P1596,24-Feb-2025,4,Defective,148840
R17606,SO38327,P1432,31-Mar-2025,2,Late Delivery,119020
R17607,SO10686,P1898,25-Jan-2025,5,Quality Issue,135750
R17608,SO28966,P1569,22-Mar-2025,5,Defective,68650
R17609,SO35924,P1153,01-Sep-2025,1,Size Issue,49070
R17610,SO25855,P1990,29-Oct-2025,18,Quality Issue,183780
R17611,SO41212,P1078,05-Apr-2025,5,Wrong Item,68100
R17612,SO15952,P1059,26-Sep-2025,3,Size Issue,154200
R17613,SO67202,P1831,26-May-2025,4,Damaged,175000
R17614,SO69481,P1227,30-May-2025,12,Late Delivery,617040
R17615,SO31397,P1410,08-Nov-2025,3,Defective,233250
R17616,SO54863,P1195,23-Dec-2025,10,Not Required,265600
R17617,SO59883,P1029,28-Aug-2025,2,Damaged,88900
R17618,SO66606,P1745,20-Mar-2025,3,Quality Issue,213360
R17619,SO58974,P1021,27-Jan-2025,12,Quality Issue,243360
R17620,SO42600,P1766,26-Jan-2025,14,Quality Issue,1010100
R17621,SO25885,P1420,22-Jul-2025,6,Damaged,44280
R17622,SO52397,P1971,30-Sep-2025,1,Late Delivery,17040
R17623,SO13149,P1460,11-Jun-2025,3,Quality Issue,110520
R17624,SO39225,P1103,02-Sep-2025,1,Quality Issue,38100
R17625,SO43992,P1440,15-Dec-2025,3,Wrong Item,70200
R17626,SO38227,P1482,06-Jul-2025,2,Late Delivery,138240
R17627,SO26275,P1070,26-May-2025,3,Quality Issue,220290
R17628,SO20326,P1770,06-Jun-2025,2,Wrong Item,33600
R17629,SO55035,P1832,06-Aug-2025,17,Wrong Item,339830
R17630,SO45761,P1511,19-Dec-2025,8,Size Issue,163120
R17631,SO19230,P1319,30-Mar-2025,3,Not Required,113790
R17632,SO23330,P1619,25-Mar-2025,5,Wrong Item,120000
R17633,SO25969,P1867,29-Jul-2025,3,Quality Issue,104370
R17634,SO68969,P1351,10-Dec-2025,2,Not Required,52360
R17635,SO38506,P1206,04-May-2025,7,Not Required,481880
R17636,SO40649,P1919,05-Mar-2025,2,Not Required,11000
R17637,SO15087,P1967,03-Nov-2025,5,Wrong Item,325300
R17638,SO47639,P1329,08-Nov-2025,9,Size Issue,60570
R17639,SO19830,P1166,11-Jan-2025,5,Late Delivery,252500
R17640,SO37900,P1305,05-Mar-2025,15,Quality Issue,313500
R17641,SO34377,P1988,23-Oct-2025,5,Not Required,216700
R17642,SO24363,P1168,25-Aug-2025,6,Defective,334200
R17643,SO28747,P1684,25-Aug-2025,6,Defective,383280
R17644,SO14803,P1773,28-Jul-2025,9,Quality Issue,725670
R17645,SO37706,P1843,15-Aug-2025,2,Size Issue,79180
R17646,SO47718,P1473,13-Apr-2025,1,Not Required,35200
R17647,SO61848,P1496,22-May-2025,8,Defective,444400
R17648,SO31908,P1949,15-Jul-2025,13,Size Issue,385580
R17649,SO50089,P1198,11-May-2025,15,Late Delivery,270600
R17650,SO23525,P1762,24-Feb-2025,9,Late Delivery,219780
R17651,SO53146,P1107,13-Aug-2025,16,Wrong Item,30240
R17652,SO59631,P1816,28-Jun-2025,4,Defective,80920
R17653,SO40233,P1966,26-Jul-2025,8,Size Issue,481120
R17654,SO29032,P1095,19-Nov-2025,2,Damaged,44000
R17655,SO51863,P1256,30-Dec-2025,11,Defective,107140
R17656,SO18160,P1011,11-May-2025,9,Wrong Item,308340
R17657,SO32742,P1270,05-Sep-2025,2,Size Issue,115960
R17658,SO32604,P1648,20-Feb-2025,11,Quality Issue,717860
R17659,SO55916,P1127,13-Oct-2025,2,Defective,28080
R17660,SO61456,P1039,28-Jul-2025,11,Quality Issue,344410
R17661,SO38698,P1114,10-Aug-2025,5,Damaged,262600
R17662,SO27582,P1352,24-Aug-2025,7,Size Issue,21210
R17663,SO16292,P1780,26-Jan-2025,19,Damaged,417240
R17664,SO21839,P1630,12-Jul-2025,5,Quality Issue,124800
R17665,SO19527,P1671,07-Mar-2025,1,Wrong Item,16230
R17666,SO60929,P1904,14-Aug-2025,4,Wrong Item,165440
R17667,SO66192,P1257,17-Feb-2025,4,Damaged,184160
R17668,SO51514,P1155,03-Feb-2025,10,Quality Issue,5900
R17669,SO56199,P1129,14-Dec-2025,13,Not Required,335270
R17670,SO60664,P1842,04-Feb-2025,5,Size Issue,306650
R17671,SO63452,P1539,20-Dec-2025,2,Not Required,49380
R17672,SO66601,P1976,06-Sep-2025,1,Quality Issue,60290
R17673,SO59782,P1635,27-Dec-2025,8,Late Delivery,542880
R17674,SO17930,P1454,26-Apr-2025,9,Late Delivery,499140
R17675,SO54295,P1769,07-Dec-2025,7,Size Issue,301910
R17676,SO54494,P1662,30-Aug-2025,3,Wrong Item,209730
R17677,SO56116,P1225,24-Feb-2025,1,Defective,31510
R17678,SO16697,P1807,12-Aug-2025,2,Late Delivery,78680
R17679,SO53880,P1549,02-Jun-2025,5,Wrong Item,215100
R17680,SO14119,P1203,02-Mar-2025,4,Quality Issue,70480
R17681,SO54808,P1642,22-Sep-2025,6,Wrong Item,6240
R17682,SO23003,P1917,05-Jun-2025,2,Quality Issue,4960
R17683,SO39625,P1728,15-Oct-2025,3,Size Issue,129210
R17684,SO68015,P1098,17-Aug-2025,7,Late Delivery,545930
R17685,SO14609,P1580,25-May-2025,7,Not Required,234150
R17686,SO31506,P1105,09-Mar-2025,5,Defective,354150
R17687,SO67579,P1081,02-May-2025,1,Wrong Item,74340
R17688,SO55128,P1171,08-Jan-2025,5,Size Issue,203750
R17689,SO40810,P1331,27-Jul-2025,3,Size Issue,15240
R17690,SO63985,P1189,01-Oct-2025,4,Defective,41600
R17691,SO46485,P1764,29-Apr-2025,1,Damaged,72520
R17692,SO18936,P1556,10-Nov-2025,1,Damaged,44990
R17693,SO25995,P1069,15-Oct-2025,6,Not Required,75960
R17694,SO51973,P1343,31-May-2025,4,Damaged,212800
R17695,SO25025,P1753,18-Sep-2025,13,Wrong Item,575770
R17696,SO56107,P1094,17-Jul-2025,2,Defective,65120
R17697,SO51728,P1484,25-Jan-2025,5,Not Required,206200
R17698,SO22928,P1656,20-Jun-2025,6,Damaged,352020
R17699,SO16170,P1900,24-Aug-2025,4,Late Delivery,272880
R17700,SO47421,P1706,22-Oct-2025,10,Late Delivery,32600
R17701,SO55948,P1071,30-Jul-2025,1,Wrong Item,10720
R17702,SO48987,P1688,07-Dec-2025,1,Wrong Item,7440
R17703,SO64279,P1244,04-Dec-2025,1,Defective,26030
R17704,SO36739,P1480,27-Jan-2025,12,Quality Issue,312600
R17705,SO24647,P1560,04-Feb-2025,7,Defective,61880
R17706,SO49171,P1340,31-Oct-2025,12,Late Delivery,537480
R17707,SO62646,P1249,02-Apr-2025,6,Size Issue,28320
R17708,SO61759,P1498,12-Feb-2025,2,Late Delivery,135720
R17709,SO14743,P1549,24-Jan-2025,10,Size Issue,430200
R17710,SO45717,P1954,20-Dec-2025,8,Quality Issue,535040
R17711,SO12665,P1379,05-Sep-2025,17,Defective,678980
R17712,SO62963,P1858,02-Apr-2025,7,Late Delivery,483000
R17713,SO59527,P1833,05-Dec-2025,4,Wrong Item,122320
R17714,SO41249,P1684,01-Mar-2025,2,Damaged,127760
R17715,SO40510,P1704,10-May-2025,9,Wrong Item,84150
R17716,SO60019,P1431,07-Oct-2025,1,Wrong Item,66980
R17717,SO30240,P1927,24-Oct-2025,9,Defective,252000
R17718,SO13932,P1247,24-May-2025,6,Damaged,348840
R17719,SO14772,P1540,02-Nov-2025,1,Defective,11800
R17720,SO37649,P1259,28-Mar-2025,3,Defective,188520
R17721,SO38383,P1193,29-Sep-2025,9,Damaged,168930
R17722,SO66960,P1611,14-Jan-2025,11,Late Delivery,276540
R17723,SO18322,P1896,26-Jan-2025,7,Not Required,407400
R17724,SO16616,P1517,17-Mar-2025,16,Defective,322880
R17725,SO31067,P1439,19-Oct-2025,2,Damaged,11800
R17726,SO46725,P1075,18-Nov-2025,6,Defective,409080
R17727,SO50568,P1997,02-Jul-2025,4,Damaged,105720
R17728,SO68760,P1704,22-Jan-2025,9,Quality Issue,84150
R17729,SO59481,P1477,10-Jun-2025,1,Damaged,17030
R17730,SO36883,P1666,31-Jan-2025,15,Size Issue,29700
R17731,SO41136,P1210,16-Nov-2025,12,Size Issue,632640
R17732,SO25201,P1197,22-Sep-2025,2,Defective,92120
R17733,SO54095,P1950,16-Jan-2025,5,Size Issue,191800
R17734,SO28341,P1824,19-Jun-2025,5,Late Delivery,47200
R17735,SO53141,P1830,16-Oct-2025,6,Defective,154080
R17736,SO69387,P1960,04-Sep-2025,8,Wrong Item,378720
R17737,SO27556,P1551,14-Nov-2025,5,Wrong Item,239100
R17738,SO64049,P1210,24-Oct-2025,5,Late Delivery,263600
R17739,SO29062,P1726,05-Jun-2025,2,Size Issue,99200
R17740,SO58989,P1820,21-Apr-2025,4,Size Issue,30920
R17741,SO33847,P1112,05-Apr-2025,12,Damaged,445680
R17742,SO30845,P1479,17-Feb-2025,1,Late Delivery,55880
R17743,SO46070,P1326,08-Aug-2025,13,Size Issue,146770
R17744,SO27424,P1036,27-Feb-2025,1,Not Required,7690
R17745,SO62573,P1784,30-Nov-2025,9,Wrong Item,448740
R17746,SO38590,P1793,06-Oct-2025,6,Size Issue,359340
R17747,SO37318,P1902,06-Aug-2025,12,Not Required,684720
R17748,SO30452,P1154,02-Oct-2025,5,Late Delivery,122800
R17749,SO21900,P1369,17-Nov-2025,11,Size Issue,23870
R17750,SO11525,P1482,24-Dec-2025,1,Wrong Item,69120
R17751,SO38293,P1996,16-Mar-2025,11,Size Issue,629420
R17752,SO52097,P1436,07-Sep-2025,3,Damaged,3060
R17753,SO16148,P1278,07-Jul-2025,5,Wrong Item,273550
R17754,SO19284,P1252,18-Jun-2025,1,Late Delivery,15150
R17755,SO21703,P1053,29-Aug-2025,1,Quality Issue,29320
R17756,SO44387,P1823,20-Feb-2025,8,Size Issue,639520
R17757,SO10314,P1256,03-Oct-2025,1,Not Required,9740
R17758,SO45560,P1367,02-Apr-2025,1,Defective,65390
R17759,SO65936,P1262,26-Oct-2025,4,Size Issue,128000
R17760,SO69562,P1618,01-Feb-2025,7,Defective,355180
R17761,SO57607,P1254,08-Mar-2025,4,Wrong Item,178960
R17762,SO28870,P1437,07-Apr-2025,1,Wrong Item,61490
R17763,SO13631,P1159,20-Feb-2025,10,Damaged,656000
R17764,SO47864,P1579,15-Apr-2025,13,Damaged,124410
R17765,SO64591,P1700,01-May-2025,10,Size Issue,278600
R17766,SO60319,P1163,16-Jul-2025,14,Damaged,268380
R17767,SO23490,P1651,26-Nov-2025,1,Not Required,14770
R17768,SO13267,P1819,03-Dec-2025,12,Quality Issue,732480
R17769,SO33951,P1927,30-Oct-2025,1,Not Required,28000
R17770,SO20902,P1834,25-Feb-2025,5,Late Delivery,240500
R17771,SO17070,P1568,29-May-2025,1,Size Issue,7740
R17772,SO18844,P1581,26-Jun-2025,5,Quality Issue,175350
R17773,SO69070,P1499,17-Sep-2025,9,Defective,204390
R17774,SO10219,P1078,03-Feb-2025,4,Size Issue,54480
R17775,SO48102,P1640,28-Jan-2025,2,Size Issue,51960
R17776,SO32094,P1940,21-Feb-2025,4,Not Required,287840
R17777,SO65139,P1347,15-Apr-2025,1,Wrong Item,45980
R17778,SO33451,P1164,18-Feb-2025,3,Damaged,27930
R17779,SO45011,P1227,08-Jul-2025,6,Size Issue,308520
R17780,SO41132,P1965,01-Aug-2025,4,Not Required,23640
R17781,SO40087,P1420,16-Dec-2025,9,Late Delivery,66420
R17782,SO68343,P1738,11-Apr-2025,5,Not Required,57450
R17783,SO60591,P1772,21-Dec-2025,4,Quality Issue,212800
R17784,SO11440,P1309,11-Sep-2025,1,Size Issue,34030
R17785,SO22927,P1764,17-Jul-2025,10,Defective,725200
R17786,SO22720,P1979,27-Feb-2025,3,Late Delivery,155520
R17787,SO67480,P1978,21-May-2025,1,Wrong Item,15340
R17788,SO35531,P1881,30-Sep-2025,5,Wrong Item,123900
R17789,SO69957,P1032,25-Sep-2025,9,Damaged,442260
R17790,SO55972,P1509,19-Nov-2025,5,Quality Issue,242700
R17791,SO39760,P1463,05-Jan-2026,5,Defective,97250
R17792,SO46953,P1521,02-Aug-2025,4,Late Delivery,1520
R17793,SO55439,P1882,13-Aug-2025,10,Wrong Item,197800
R17794,SO16239,P1850,07-May-2025,2,Not Required,26020
R17795,SO43511,P1441,29-Jun-2025,7,Size Issue,411460
R17796,SO23964,P1214,18-Dec-2025,2,Late Delivery,54840
R17797,SO21650,P1498,18-Oct-2025,7,Wrong Item,475020
R17798,SO27992,P1564,04-Nov-2025,6,Not Required,16440
R17799,SO36990,P1307,15-Mar-2025,1,Damaged,65390
R17800,SO32699,P1936,17-Mar-2025,6,Size Issue,143460
R17801,SO15451,P1302,20-Feb-2025,1,Not Required,120
R17802,SO27102,P1180,10-Jul-2025,9,Late Delivery,578700
R17803,SO48320,P1853,02-Nov-2025,10,Quality Issue,547700
R17804,SO53056,P1061,30-Jan-2025,4,Defective,153640
R17805,SO16696,P1352,15-Jan-2025,4,Defective,12120
R17806,SO42689,P1043,01-Dec-2025,6,Size Issue,178920
R17807,SO35779,P1947,10-Nov-2025,2,Defective,71100
R17808,SO21445,P1776,16-Sep-2025,2,Damaged,131780
R17809,SO14746,P1807,30-Aug-2025,10,Late Delivery,393400
R17810,SO65849,P1166,15-Mar-2025,9,Defective,454500
R17811,SO27182,P1835,28-Nov-2025,5,Quality Issue,27250
R17812,SO58416,P1400,17-Feb-2025,8,Late Delivery,540160
R17813,SO15013,P1749,13-Mar-2025,13,Wrong Item,343460
R17814,SO19135,P1902,15-Oct-2025,4,Not Required,228240
R17815,SO18867,P1640,05-Dec-2025,2,Size Issue,51960
R17816,SO19403,P1186,19-Sep-2025,3,Late Delivery,180360
R17817,SO65513,P1366,16-Oct-2025,2,Late Delivery,73620
R17818,SO49073,P1557,08-Nov-2025,16,Damaged,169760
R17819,SO29504,P1314,27-Jan-2025,5,Quality Issue,24900
R17820,SO46153,P1296,09-Jun-2025,5,Size Issue,287450
R17821,SO21950,P1794,27-Jan-2025,1,Size Issue,6020
R17822,SO15100,P1910,20-Dec-2025,11,Damaged,784080
R17823,SO61769,P1345,24-Dec-2025,8,Size Issue,120480
R17824,SO11068,P1280,11-Oct-2025,10,Size Issue,325400
R17825,SO45772,P1773,03-Dec-2025,9,Not Required,725670
R17826,SO35479,P1847,15-Aug-2025,14,Late Delivery,128100
R17827,SO51033,P1646,04-Jul-2025,12,Defective,625200
R17828,SO51142,P1425,04-Jul-2025,14,Damaged,988260
R17829,SO53944,P1275,15-Jun-2025,10,Not Required,468700
R17830,SO33905,P1691,18-May-2025,6,Late Delivery,190920
R17831,SO29837,P1351,26-Nov-2025,11,Damaged,287980
R17832,SO47482,P1164,10-Oct-2025,12,Defective,111720
R17833,SO46548,P1526,17-Feb-2025,1,Defective,6240
R17834,SO17352,P1870,08-Feb-2025,3,Quality Issue,17670
R17835,SO53090,P1936,26-Feb-2025,6,Quality Issue,143460
R17836,SO48302,P1170,18-Apr-2025,8,Quality Issue,483280
R17837,SO51792,P1699,08-Nov-2025,2,Defective,47620
R17838,SO63927,P1139,18-Jun-2025,3,Late Delivery,16650
R17839,SO46747,P1093,05-Feb-2025,10,Damaged,147500
R17840,SO17288,P1852,12-Sep-2025,9,Damaged,334440
R17841,SO27262,P1476,11-Aug-2025,11,Size Issue,228140
R17842,SO20449,P1499,27-Feb-2025,17,Size Issue,386070
R17843,SO38009,P1775,29-Aug-2025,8,Size Issue,546880
R17844,SO25981,P1129,23-Sep-2025,15,Size Issue,386850
R17845,SO54163,P1148,22-Jan-2025,7,Wrong Item,385070
R17846,SO63786,P1786,24-Apr-2025,6,Not Required,419700
R17847,SO59149,P1148,19-Jun-2025,11,Wrong Item,605110
R17848,SO39465,P1945,21-Jan-2025,5,Late Delivery,281650
R17849,SO55384,P1196,14-Sep-2025,8,Wrong Item,239520
R17850,SO53253,P1810,03-Nov-2025,8,Wrong Item,564000
R17851,SO19381,P1903,19-Sep-2025,6,Not Required,338220
R17852,SO47360,P1109,10-Jul-2025,13,Defective,573430
R17853,SO51570,P1445,18-May-2025,11,Defective,27390
R17854,SO32701,P1458,29-Aug-2025,2,Quality Issue,111580
R17855,SO30702,P1879,14-Jul-2025,3,Wrong Item,151980
R17856,SO58066,P1533,25-Apr-2025,1,Late Delivery,40250
R17857,SO40201,P1097,29-Mar-2025,8,Size Issue,461120
R17858,SO25184,P1079,17-Jul-2025,2,Size Issue,95160
R17859,SO10913,P1107,10-Oct-2025,7,Defective,13230
R17860,SO46015,P1460,21-Dec-2025,14,Defective,515760
R17861,SO63094,P1832,05-Feb-2025,1,Defective,19990
R17862,SO37433,P1006,30-Nov-2025,6,Size Issue,116640
R17863,SO34594,P1549,30-Jul-2025,5,Damaged,215100
R17864,SO61493,P1295,05-May-2025,8,Late Delivery,43200
R17865,SO69341,P1082,15-May-2025,6,Not Required,189960
R17866,SO15231,P1546,28-Sep-2025,1,Damaged,47300
R17867,SO12462,P1736,24-Jun-2025,2,Not Required,93400
R17868,SO17911,P1060,02-Aug-2025,4,Quality Issue,118480
R17869,SO50403,P1583,10-Dec-2025,4,Defective,203840
R17870,SO21014,P1649,02-Aug-2025,6,Damaged,253860
R17871,SO47187,P1578,16-Apr-2025,6,Wrong Item,43260
R17872,SO15757,P1877,02-Jul-2025,9,Damaged,325530
R17873,SO56547,P1235,27-Aug-2025,8,Late Delivery,439360
R17874,SO47708,P1086,14-Mar-2025,5,Quality Issue,319000
R17875,SO18122,P1901,03-May-2025,6,Not Required,18960
R17876,SO36852,P1264,06-Sep-2025,3,Wrong Item,198660
R17877,SO23684,P1358,21-Dec-2025,5,Defective,2000
R17878,SO14416,P1739,21-Feb-2025,2,Late Delivery,58640
R17879,SO20776,P1783,07-Mar-2025,8,Damaged,254720
R17880,SO18201,P1878,29-Nov-2025,1,Damaged,570
R17881,SO11175,P1759,18-Jun-2025,2,Late Delivery,51340
R17882,SO43531,P1144,11-May-2025,5,Defective,347900
R17883,SO47247,P1980,14-Mar-2025,12,Quality Issue,517560
R17884,SO30295,P1994,07-Oct-2025,6,Defective,305280
R17885,SO10119,P1910,01-Feb-2025,6,Late Delivery,427680
R17886,SO67800,P1978,19-Nov-2025,9,Defective,138060
R17887,SO36481,P1015,27-Sep-2025,2,Defective,91440
R17888,SO59204,P1400,07-Apr-2025,14,Late Delivery,945280
R17889,SO32396,P1901,24-Mar-2025,15,Quality Issue,47400
R17890,SO64709,P1617,01-Aug-2025,1,Size Issue,37550
R17891,SO68323,P1548,06-Apr-2025,2,Damaged,104780
R17892,SO13530,P1996,28-Sep-2025,1,Quality Issue,57220
R17893,SO17497,P1807,23-Jul-2025,1,Not Required,39340
R17894,SO26874,P1385,19-Nov-2025,8,Damaged,170080
R17895,SO44500,P1399,27-Jun-2025,11,Size Issue,447040
R17896,SO12626,P1664,11-Nov-2025,1,Quality Issue,20980
R17897,SO23225,P1215,29-May-2025,5,Late Delivery,299700
R17898,SO31702,P1324,27-Mar-2025,1,Size Issue,67080
R17899,SO49326,P1928,24-Jul-2025,10,Not Required,206400
R17900,SO16041,P1996,13-Nov-2025,10,Defective,572200
R17901,SO54124,P1122,24-Aug-2025,7,Late Delivery,309820
R17902,SO13416,P1635,12-Jun-2025,4,Damaged,271440
R17903,SO59379,P1724,04-Nov-2025,5,Quality Issue,124400
R17904,SO46408,P1185,07-Sep-2025,7,Not Required,90440
R17905,SO61629,P1379,25-Apr-2025,9,Damaged,359460
R17906,SO19517,P1926,21-May-2025,8,Late Delivery,4560
R17907,SO20359,P1521,14-Jul-2025,2,Damaged,760
R17908,SO67870,P1752,29-Aug-2025,1,Quality Issue,30460
R17909,SO31808,P1408,06-Aug-2025,4,Not Required,220520
R17910,SO61325,P1675,21-Aug-2025,3,Damaged,140550
R17911,SO48420,P1112,12-Feb-2025,1,Wrong Item,37140
R17912,SO19282,P1070,08-Nov-2025,6,Damaged,440580
R17913,SO28676,P1917,27-Jul-2025,2,Not Required,4960
R17914,SO12077,P1363,11-Nov-2025,2,Size Issue,123340
R17915,SO15683,P1111,25-Aug-2025,9,Quality Issue,629100
R17916,SO15668,P1268,17-Dec-2025,1,Damaged,3280
R17917,SO57316,P1531,01-Mar-2025,9,Size Issue,45450
R17918,SO37375,P1336,10-Nov-2025,11,Late Delivery,160160
R17919,SO50987,P1020,03-Aug-2025,5,Damaged,310850
R17920,SO64799,P1450,24-May-2025,11,Wrong Item,114180
R17921,SO28620,P1906,01-Nov-2025,4,Late Delivery,560
R17922,SO31727,P1313,23-Jul-2025,2,Late Delivery,7440
R17923,SO27877,P1750,21-Sep-2025,5,Damaged,211700
R17924,SO69573,P1624,02-Dec-2025,10,Size Issue,711500
R17925,SO64370,P1940,09-Sep-2025,9,Size Issue,647640
R17926,SO35822,P1732,13-Dec-2025,10,Defective,230200
R17927,SO65081,P1080,19-Jul-2025,9,Defective,402480
R17928,SO25584,P1810,01-Dec-2025,9,Damaged,634500
R17929,SO24076,P1030,01-Jul-2025,5,Size Issue,108500
R17930,SO23975,P1064,31-May-2025,14,Wrong Item,66080
R17931,SO41067,P1433,04-Sep-2025,6,Wrong Item,119460
R17932,SO14926,P1798,08-Apr-2025,2,Damaged,110200
R17933,SO61742,P1876,08-Jun-2025,2,Wrong Item,46540
R17934,SO23496,P1979,22-May-2025,3,Quality Issue,155520
R17935,SO53100,P1685,15-Jul-2025,1,Defective,32050
R17936,SO38274,P1114,23-Apr-2025,2,Damaged,105040
R17937,SO24444,P1533,16-Dec-2025,12,Quality Issue,483000
R17938,SO11747,P1589,09-Nov-2025,4,Size Issue,67120
R17939,SO55057,P1165,26-Sep-2025,1,Late Delivery,18360
R17940,SO30492,P1194,29-Apr-2025,1,Not Required,6640
R17941,SO27865,P1973,21-Apr-2025,17,Size Issue,300730
R17942,SO13298,P1521,10-Sep-2025,1,Defective,380
R17943,SO46857,P1833,24-Mar-2025,1,Late Delivery,30580
R17944,SO10910,P1380,10-Dec-2025,1,Not Required,22110
R17945,SO20837,P1823,22-Apr-2025,3,Late Delivery,239820
R17946,SO51197,P1350,17-May-2025,6,Damaged,301560
R17947,SO55704,P1338,11-Nov-2025,1,Size Issue,5400
R17948,SO50014,P1334,14-Oct-2025,4,Not Required,30040
R17949,SO48264,P1006,18-Feb-2025,10,Defective,194400
R17950,SO54611,P1337,03-Jul-2025,14,Wrong Item,616280
R17951,SO52436,P1163,29-Jul-2025,5,Defective,95850
R17952,SO65726,P1615,02-May-2025,1,Size Issue,17110
R17953,SO34306,P1060,18-Nov-2025,15,Quality Issue,444300
R17954,SO43219,P1261,05-Oct-2025,2,Damaged,21740
R17955,SO66558,P1288,12-Aug-2025,1,Defective,4590
R17956,SO49265,P1631,20-Jan-2025,7,Size Issue,279440
R17957,SO14053,P1601,28-May-2025,9,Wrong Item,91170
R17958,SO22806,P1855,29-Jul-2025,5,Quality Issue,371100
R17959,SO62766,P1338,07-Nov-2025,15,Quality Issue,81000
R17960,SO28940,P1006,03-Oct-2025,1,Size Issue,19440
R17961,SO32741,P1103,24-Dec-2025,5,Quality Issue,190500
R17962,SO53687,P1485,28-Nov-2025,1,Late Delivery,54010
R17963,SO35198,P1790,10-Jul-2025,1,Not Required,59170
R17964,SO38149,P1886,19-Jul-2025,5,Size Issue,17600
R17965,SO54670,P1118,21-May-2025,1,Wrong Item,15540
R17966,SO47573,P1573,26-Oct-2025,1,Size Issue,2390
R17967,SO64086,P1809,18-Aug-2025,5,Wrong Item,21750
R17968,SO47652,P1467,31-Jan-2025,5,Not Required,143050
R17969,SO59473,P1755,12-Jul-2025,11,Wrong Item,610390
R17970,SO44424,P1967,12-Jul-2025,4,Wrong Item,260240
R17971,SO44885,P1375,23-Jul-2025,14,Quality Issue,178640
R17972,SO23621,P1069,22-Oct-2025,4,Late Delivery,50640
R17973,SO14830,P1363,21-Aug-2025,3,Defective,185010
R17974,SO60264,P1917,11-Mar-2025,2,Damaged,4960
R17975,SO48170,P1781,17-Aug-2025,5,Size Issue,303900
R17976,SO63784,P1014,23-Apr-2025,3,Size Issue,153150
R17977,SO18759,P1114,24-Sep-2025,1,Not Required,52520
R17978,SO10438,P1362,24-Sep-2025,2,Size Issue,130260
R17979,SO30580,P1721,06-Dec-2025,4,Wrong Item,249200
R17980,SO19242,P1122,21-Jan-2025,7,Wrong Item,309820
R17981,SO12990,P1593,22-Jul-2025,4,Wrong Item,124600
R17982,SO55913,P1012,23-Oct-2025,1,Wrong Item,63310
R17983,SO24689,P1704,02-Apr-2025,8,Defective,74800
R17984,SO31681,P1109,20-Mar-2025,7,Quality Issue,308770
R17985,SO68010,P1077,26-Aug-2025,4,Wrong Item,101240
R17986,SO63868,P1964,09-Jan-2025,3,Late Delivery,182970
R17987,SO57860,P1743,13-Feb-2025,5,Size Issue,204900
R17988,SO47275,P1155,10-Sep-2025,5,Not Required,2950
R17989,SO30301,P1112,30-May-2025,4,Quality Issue,148560
R17990,SO44421,P1873,02-Oct-2025,4,Defective,309800
R17991,SO30792,P1532,09-May-2025,1,Quality Issue,17240
R17992,SO56568,P1731,25-Jul-2025,2,Quality Issue,119400
R17993,SO24411,P1626,29-Nov-2025,3,Quality Issue,117600
R17994,SO49667,P1408,26-Aug-2025,4,Damaged,220520
R17995,SO57434,P1709,27-Sep-2025,9,Damaged,139320
R17996,SO22763,P1139,12-Jul-2025,2,Wrong Item,11100
R17997,SO32905,P1880,23-Jul-2025,5,Not Required,207200
R17998,SO69109,P1106,20-Aug-2025,15,Late Delivery,672150
R17999,SO19950,P1497,15-Dec-2025,1,Size Issue,43330
R18000,SO40220,P1155,24-Sep-2025,15,Quality Issue,8850
R18001,SO68520,P1742,18-Jun-2025,4,Defective,299640
R18002,SO12709,P1740,10-Nov-2025,9,Damaged,321030
R18003,SO36761,P1533,23-Nov-2025,4,Size Issue,161000
R18004,SO13640,P1857,10-Nov-2025,1,Quality Issue,59630
R18005,SO23287,P1854,03-Jun-2025,1,Not Required,6090
R18006,SO66603,P1162,14-Jul-2025,2,Wrong Item,38000
R18007,SO40409,P1514,28-Dec-2025,2,Quality Issue,14260
R18008,SO26005,P1475,02-Oct-2025,1,Wrong Item,17050
R18009,SO31364,P1526,08-Jan-2026,7,Wrong Item,43680
R18010,SO58436,P1525,22-Dec-2025,12,Not Required,298560
R18011,SO50990,P1107,17-Jan-2025,3,Damaged,5670
R18012,SO32348,P1194,06-Jun-2025,8,Defective,53120
R18013,SO48969,P1961,10-Nov-2025,2,Late Delivery,43520
R18014,SO35622,P1383,19-Mar-2025,1,Size Issue,49750
R18015,SO26320,P1474,10-Nov-2025,4,Size Issue,276880
R18016,SO29582,P1169,07-Nov-2025,3,Not Required,186450
R18017,SO18789,P1195,17-Mar-2025,1,Late Delivery,26560
R18018,SO23669,P1701,11-Oct-2025,3,Wrong Item,194160
R18019,SO65773,P1111,24-Apr-2025,1,Defective,69900
R18020,SO45820,P1692,19-Dec-2025,2,Damaged,110260
R18021,SO32445,P1373,25-Mar-2025,10,Defective,667000
R18022,SO63882,P1681,17-Dec-2025,1,Late Delivery,15460
R18023,SO65508,P1783,09-Apr-2025,6,Quality Issue,191040
R18024,SO44376,P1973,18-Oct-2025,2,Damaged,35380
R18025,SO52880,P1546,18-Jun-2025,6,Not Required,283800
R18026,SO57848,P1497,17-Oct-2025,1,Size Issue,43330
R18027,SO55931,P1568,22-Jul-2025,19,Not Required,147060
R18028,SO33063,P1903,01-Nov-2025,2,Not Required,112740
R18029,SO43653,P1610,22-Oct-2025,7,Damaged,394240
R18030,SO36466,P1441,17-Feb-2025,3,Defective,176340
R18031,SO35132,P1684,01-Dec-2025,7,Quality Issue,447160
R18032,SO34715,P1612,15-Jun-2025,3,Defective,12120
R18033,SO63795,P1009,15-Nov-2025,8,Damaged,45920
R18034,SO38230,P1737,27-Dec-2025,3,Late Delivery,90780
R18035,SO37708,P1469,24-Oct-2025,3,Not Required,118560
R18036,SO24330,P1771,08-Jun-2025,1,Damaged,48910
R18037,SO46677,P1536,23-Oct-2025,8,Size Issue,464720
R18038,SO67747,P1211,20-Jan-2025,13,Quality Issue,66690
R18039,SO42200,P1545,29-Sep-2025,4,Defective,54040
R18040,SO41527,P1684,17-Dec-2025,5,Late Delivery,319400
R18041,SO44991,P1337,16-Dec-2025,4,Quality Issue,176080
R18042,SO58365,P1484,02-Aug-2025,5,Damaged,206200
R18043,SO41670,P1262,02-Mar-2025,6,Not Required,192000
R18044,SO69223,P1160,24-Apr-2025,5,Wrong Item,93800
R18045,SO34345,P1655,17-Feb-2025,7,Size Issue,51870
R18046,SO25923,P1068,05-Jun-2025,4,Quality Issue,71720
R18047,SO32830,P1576,31-Dec-2025,1,Late Delivery,32170
R18048,SO24361,P1272,28-Aug-2025,4,Wrong Item,262800
R18049,SO29904,P1661,26-Jan-2025,13,Damaged,69550
R18050,SO17499,P1894,03-Oct-2025,11,Defective,603460
R18051,SO15464,P1202,23-Jun-2025,5,Damaged,349800
R18052,SO18779,P1916,31-Jul-2025,7,Wrong Item,524020
R18053,SO50181,P1981,03-Feb-2025,2,Late Delivery,45520
R18054,SO66810,P1326,13-Jan-2025,5,Wrong Item,56450
R18055,SO61967,P1928,06-Sep-2025,7,Size Issue,144480
R18056,SO23982,P1576,23-Mar-2025,2,Quality Issue,64340
R18057,SO54255,P1988,31-Aug-2025,6,Size Issue,260040
R18058,SO38028,P1153,22-Nov-2025,6,Damaged,294420
R18059,SO63728,P1178,08-Oct-2025,13,Damaged,563940
R18060,SO15984,P1616,01-Jan-2026,13,Damaged,25220
R18061,SO17813,P1104,23-Mar-2025,2,Defective,14340
R18062,SO69815,P1411,10-Nov-2025,2,Not Required,132680
R18063,SO51511,P1346,15-Jul-2025,8,Wrong Item,444480
R18064,SO55996,P1812,16-Jun-2025,7,Wrong Item,474250
R18065,SO41595,P1884,29-May-2025,8,Size Issue,116880
R18066,SO24578,P1698,06-Nov-2025,12,Damaged,788760
R18067,SO10490,P1566,03-Apr-2025,3,Wrong Item,68940
R18068,SO51774,P1906,14-Jan-2025,9,Not Required,1260
R18069,SO58438,P1950,15-Dec-2025,3,Wrong Item,115080
R18070,SO56299,P1934,13-Jan-2025,5,Not Required,234650
R18071,SO54974,P1578,20-Oct-2025,10,Quality Issue,72100
R18072,SO53385,P1772,28-Jan-2025,7,Not Required,372400
R18073,SO36531,P1112,30-Mar-2025,14,Late Delivery,519960
R18074,SO28938,P1553,16-Dec-2025,6,Wrong Item,85260
R18075,SO35895,P1606,03-Mar-2025,1,Not Required,18140
R18076,SO57652,P1167,28-Jan-2025,2,Not Required,44140
R18077,SO61733,P1299,22-Nov-2025,10,Not Required,226900
R18078,SO65230,P1161,06-Sep-2025,1,Defective,17430
R18079,SO15738,P1948,17-Jun-2025,1,Not Required,31900
R18080,SO16401,P1365,27-Aug-2025,2,Not Required,140360
R18081,SO32070,P1613,29-May-2025,4,Defective,305720
R18082,SO62165,P1488,08-Aug-2025,5,Defective,116300
R18083,SO14015,P1594,07-Feb-2025,5,Size Issue,273700
R18084,SO65528,P1646,05-Nov-2025,2,Defective,104200
R18085,SO17895,P1723,12-Dec-2025,11,Late Delivery,147730
R18086,SO40739,P1739,19-Nov-2025,7,Damaged,205240
R18087,SO50758,P1746,19-Apr-2025,14,Damaged,882980
R18088,SO51782,P1917,30-Jan-2025,2,Wrong Item,4960
R18089,SO56164,P1967,07-Nov-2025,4,Not Required,260240
R18090,SO10275,P1440,23-Jul-2025,4,Size Issue,93600
R18091,SO34907,P1045,21-Jan-2025,10,Quality Issue,444400
R18092,SO26704,P1199,17-Sep-2025,10,Defective,110700
R18093,SO63748,P1929,07-May-2025,15,Wrong Item,803400
R18094,SO66565,P1186,28-Nov-2025,2,Wrong Item,120240
R18095,SO11912,P1415,19-Feb-2025,15,Damaged,267300
R18096,SO68123,P1484,29-Sep-2025,2,Not Required,82480
R18097,SO63245,P1558,14-Nov-2025,8,Late Delivery,223600
R18098,SO10949,P1233,22-Apr-2025,2,Late Delivery,24140
R18099,SO11806,P1056,30-Oct-2025,3,Late Delivery,215070
R18100,SO28401,P1777,16-Nov-2025,7,Defective,279230
R18101,SO52335,P1891,09-Oct-2025,3,Defective,32520
R18102,SO31351,P1092,31-Mar-2025,12,Damaged,876720
R18103,SO41675,P1930,11-Feb-2025,3,Not Required,156780
R18104,SO40465,P1606,30-Aug-2025,6,Quality Issue,108840
R18105,SO46357,P1280,15-May-2025,7,Size Issue,227780
R18106,SO13208,P1511,15-Dec-2025,11,Size Issue,224290
R18107,SO55878,P1252,23-Aug-2025,4,Defective,60600
R18108,SO63658,P1079,28-Sep-2025,6,Not Required,285480
R18109,SO16445,P1340,05-Jul-2025,14,Size Issue,627060
R18110,SO18433,P1947,04-Nov-2025,1,Size Issue,35550
R18111,SO59421,P1147,26-Jul-2025,2,Wrong Item,81260
R18112,SO13835,P1327,17-May-2025,14,Not Required,57400
R18113,SO26852,P1274,18-Dec-2025,2,Damaged,141180
R18114,SO27923,P1705,03-Jan-2026,17,Defective,1253750
R18115,SO52634,P1405,02-Dec-2025,3,Defective,184710
R18116,SO22309,P1369,22-Jun-2025,10,Late Delivery,21700
R18117,SO23743,P1381,23-Feb-2025,1,Wrong Item,23870
R18118,SO30387,P1378,03-Sep-2025,3,Damaged,37230
R18119,SO60006,P1168,25-Oct-2025,2,Quality Issue,111400
R18120,SO55073,P1670,02-Apr-2025,2,Size Issue,56740
R18121,SO57470,P1099,28-May-2025,10,Defective,679800
R18122,SO12684,P1462,26-Jan-2025,7,Defective,219590
R18123,SO31336,P1865,26-Sep-2025,5,Late Delivery,371400
R18124,SO23750,P1864,08-Nov-2025,14,Damaged,676620
R18125,SO63162,P1750,29-Oct-2025,14,Wrong Item,592760
R18126,SO35870,P1206,01-May-2025,3,Late Delivery,206520
R18127,SO48317,P1392,28-Aug-2025,13,Damaged,408850
R18128,SO21059,P1508,14-Jul-2025,3,Damaged,105330
R18129,SO57212,P1214,18-Mar-2025,16,Size Issue,438720
R18130,SO60863,P1635,10-Oct-2025,9,Quality Issue,610740
R18131,SO46519,P1514,23-Jul-2025,7,Damaged,49910
R18132,SO31534,P1650,01-Feb-2025,4,Wrong Item,184960
R18133,SO46269,P1338,12-Aug-2025,3,Wrong Item,16200
R18134,SO67193,P1153,14-May-2025,9,Quality Issue,441630
R18135,SO49299,P1843,24-Sep-2025,17,Not Required,673030
R18136,SO48228,P1550,28-Feb-2025,13,Defective,750100
R18137,SO53478,P1304,20-May-2025,5,Wrong Item,216200
R18138,SO18450,P1429,01-Aug-2025,3,Quality Issue,144540
R18139,SO12662,P1035,17-Sep-2025,13,Defective,264810
R18140,SO52885,P1105,02-Nov-2025,1,Late Delivery,70830
R18141,SO35666,P1874,26-Apr-2025,1,Size Issue,23710
R18142,SO24933,P1669,20-Apr-2025,10,Late Delivery,354800
R18143,SO37520,P1572,02-Aug-2025,1,Defective,51540
R18144,SO60112,P1790,23-Feb-2025,14,Quality Issue,828380
R18145,SO13045,P1766,05-Jan-2026,10,Size Issue,721500
R18146,SO21434,P1587,31-Jul-2025,2,Late Delivery,85940
R18147,SO30045,P1938,21-May-2025,7,Late Delivery,159460
R18148,SO30788,P1174,04-May-2025,1,Quality Issue,15490
R18149,SO10467,P1266,18-Jan-2025,15,Late Delivery,123600
R18150,SO34824,P1958,27-Apr-2025,3,Quality Issue,222360
R18151,SO53772,P1204,30-Jun-2025,10,Quality Issue,159500
R18152,SO67332,P1323,12-Feb-2025,7,Late Delivery,66710
R18153,SO48876,P1214,25-Jan-2025,3,Size Issue,82260
R18154,SO12472,P1364,11-Jun-2025,8,Not Required,155120
R18155,SO30453,P1400,11-Apr-2025,4,Damaged,270080
R18156,SO12771,P1405,07-Jul-2025,12,Size Issue,738840
R18157,SO57584,P1285,20-Jul-2025,3,Damaged,109800
R18158,SO32832,P1114,20-Oct-2025,3,Size Issue,157560
R18159,SO14675,P1921,22-Jul-2025,13,Defective,249990
R18160,SO31111,P1843,16-Jun-2025,1,Damaged,39590
R18161,SO54497,P1385,25-Jan-2025,5,Size Issue,106300
R18162,SO47741,P1708,01-Jun-2025,3,Damaged,69300
R18163,SO53739,P1395,30-Jul-2025,3,Wrong Item,148800
R18164,SO23488,P1249,23-Apr-2025,10,Size Issue,47200
R18165,SO47276,P1376,08-Dec-2025,4,Size Issue,264160
R18166,SO28574,P1301,03-Mar-2025,3,Not Required,70080
R18167,SO32480,P1597,27-May-2025,1,Quality Issue,68640
R18168,SO64770,P1025,21-Mar-2025,10,Late Delivery,381900
R18169,SO68950,P1508,31-Jul-2025,10,Damaged,351100
R18170,SO54101,P1712,08-Mar-2025,13,Damaged,349830
R18171,SO62420,P1434,03-Aug-2025,3,Not Required,74250
R18172,SO53509,P1433,14-Sep-2025,2,Size Issue,39820
R18173,SO24339,P1954,25-Jun-2025,5,Not Required,334400
R18174,SO30248,P1813,20-Dec-2025,1,Quality Issue,30400
R18175,SO31455,P1528,13-Jan-2025,6,Size Issue,231900
R18176,SO67693,P1875,17-Nov-2025,1,Size Issue,35340
R18177,SO60121,P1579,10-Jul-2025,5,Size Issue,47850
R18178,SO10127,P1553,10-May-2025,5,Defective,71050
R18179,SO36200,P1953,25-Mar-2025,4,Not Required,260640
R18180,SO49481,P1727,16-Apr-2025,1,Size Issue,68980
R18181,SO45289,P1323,29-Apr-2025,2,Quality Issue,19060
R18182,SO22242,P1178,11-Dec-2025,5,Size Issue,216900
R18183,SO31490,P1389,16-Dec-2025,8,Quality Issue,148720
R18184,SO53216,P1643,01-Oct-2025,11,Wrong Item,744700
R18185,SO36600,P1254,01-Sep-2025,5,Not Required,223700
R18186,SO19737,P1175,01-Jun-2025,1,Quality Issue,38700
R18187,SO41768,P1535,26-Jan-2025,12,Size Issue,836400
R18188,SO54449,P1909,27-Oct-2025,1,Damaged,13530
R18189,SO62458,P1169,07-Mar-2025,4,Quality Issue,248600
R18190,SO33728,P1563,25-Jul-2025,7,Size Issue,239050
R18191,SO69099,P1610,28-Jul-2025,3,Size Issue,168960
R18192,SO50010,P1309,24-Feb-2025,19,Size Issue,646570
R18193,SO67630,P1356,26-Oct-2025,7,Damaged,186480
R18194,SO42828,P1936,30-Jul-2025,4,Damaged,95640
R18195,SO41826,P1525,26-Mar-2025,8,Late Delivery,199040
R18196,SO47385,P1728,05-May-2025,3,Damaged,129210
R18197,SO17972,P1718,11-Jan-2025,9,Late Delivery,428940
R18198,SO63724,P1359,10-May-2025,3,Not Required,9300
R18199,SO10602,P1785,28-May-2025,5,Wrong Item,102700
R18200,SO14328,P1532,31-Oct-2025,1,Size Issue,17240
R18201,SO34770,P1101,10-Feb-2025,3,Quality Issue,46140
R18202,SO42948,P1267,28-Jan-2025,12,Damaged,649920
R18203,SO51760,P1275,15-May-2025,1,Quality Issue,46870
R18204,SO14525,P1764,06-Oct-2025,5,Wrong Item,362600
R18205,SO56050,P1343,05-Jun-2025,3,Quality Issue,159600
R18206,SO56361,P1110,16-Mar-2025,14,Quality Issue,629020
R18207,SO61315,P1027,07-Sep-2025,8,Size Issue,255040
R18208,SO17494,P1834,29-Nov-2025,3,Late Delivery,144300
R18209,SO44587,P1556,15-Apr-2025,15,Quality Issue,674850
R18210,SO21260,P1282,04-Feb-2025,8,Wrong Item,204320
R18211,SO20400,P1699,16-Sep-2025,5,Late Delivery,119050
R18212,SO61706,P1645,23-May-2025,11,Quality Issue,680350
R18213,SO65581,P1902,03-Oct-2025,9,Quality Issue,513540
R18214,SO51018,P1416,14-Feb-2025,5,Size Issue,23600
R18215,SO42565,P1227,07-Aug-2025,11,Late Delivery,565620
R18216,SO43375,P1293,30-May-2025,8,Defective,19280
R18217,SO53423,P1161,27-Dec-2025,6,Late Delivery,104580
R18218,SO67788,P1135,20-Aug-2025,5,Defective,259300
R18219,SO16759,P1064,22-Nov-2025,7,Quality Issue,33040
R18220,SO60031,P1608,15-Jun-2025,11,Late Delivery,902550
R18221,SO60115,P1873,27-Sep-2025,8,Quality Issue,619600
R18222,SO43319,P1741,30-Jan-2025,5,Not Required,1350
R18223,SO69970,P1578,27-Feb-2025,2,Defective,14420
R18224,SO18601,P1235,04-Jan-2026,4,Damaged,219680
R18225,SO55610,P1846,03-Oct-2025,4,Quality Issue,227040
R18226,SO21991,P1786,29-Mar-2025,19,Size Issue,1329050
R18227,SO14171,P1966,22-Feb-2025,5,Wrong Item,300700
R18228,SO26340,P1363,27-Apr-2025,5,Damaged,308350
R18229,SO54589,P1547,04-Feb-2025,5,Wrong Item,253200
R18230,SO52505,P1939,18-Apr-2025,10,Size Issue,590200
R18231,SO50851,P1261,11-Sep-2025,1,Damaged,10870
R18232,SO36898,P1796,12-Mar-2025,2,Not Required,16920
R18233,SO47059,P1198,24-May-2025,11,Size Issue,198440
R18234,SO52130,P1032,05-Apr-2025,3,Wrong Item,147420
R18235,SO26503,P1251,07-Apr-2025,2,Defective,96440
R18236,SO14678,P1864,11-Oct-2025,5,Quality Issue,241650
R18237,SO69827,P1484,10-Nov-2025,3,Late Delivery,123720
R18238,SO26153,P1715,03-Nov-2025,10,Late Delivery,740700
R18239,SO34830,P1172,02-Jul-2025,10,Size Issue,253500
R18240,SO11574,P1946,14-Jun-2025,15,Defective,640350
R18241,SO23217,P1248,22-Jan-2025,2,Size Issue,77080
R18242,SO36867,P1362,11-May-2025,1,Damaged,65130
R18243,SO22497,P1926,19-Sep-2025,1,Not Required,570
R18244,SO52324,P1409,01-Sep-2025,2,Defective,82840
R18245,SO40051,P1796,31-May-2025,4,Size Issue,33840
R18246,SO19553,P1062,04-Sep-2025,5,Wrong Item,308400
R18247,SO58610,P1777,13-Feb-2025,3,Late Delivery,119670
R18248,SO37244,P1490,21-Oct-2025,2,Wrong Item,20100
R18249,SO44047,P1083,02-Feb-2025,1,Size Issue,18030
R18250,SO55554,P1314,18-Oct-2025,9,Defective,44820
R18251,SO59475,P1948,09-Jan-2025,3,Not Required,95700
R18252,SO64286,P1741,17-Sep-2025,6,Defective,1620
R18253,SO10924,P1537,12-Aug-2025,4,Wrong Item,103040
R18254,SO51448,P1788,26-Mar-2025,5,Quality Issue,10600
R18255,SO68905,P1207,27-May-2025,1,Wrong Item,52950
R18256,SO47477,P1410,17-May-2025,5,Quality Issue,388750
R18257,SO18726,P1117,02-Feb-2025,7,Size Issue,446460
R18258,SO19696,P1423,10-Jun-2025,4,Late Delivery,52640
R18259,SO15764,P1239,31-Jan-2025,4,Quality Issue,332480
R18260,SO48799,P1800,18-May-2025,9,Quality Issue,474840
R18261,SO18035,P1458,13-Dec-2025,4,Not Required,223160
R18262,SO31603,P1872,19-Feb-2025,2,Not Required,80000
R18263,SO69531,P1618,30-Sep-2025,13,Not Required,659620
R18264,SO25674,P1624,20-Oct-2025,3,Late Delivery,213450
R18265,SO23337,P1600,02-Jun-2025,3,Size Issue,6990
R18266,SO17195,P1811,28-Jun-2025,9,Quality Issue,575910
R18267,SO22326,P1718,13-Apr-2025,1,Damaged,47660
R18268,SO47349,P1514,09-Jul-2025,13,Damaged,92690
R18269,SO58761,P1963,23-May-2025,4,Not Required,102040
R18270,SO32650,P1832,26-May-2025,1,Damaged,19990
R18271,SO37337,P1077,15-Jan-2025,4,Size Issue,101240
R18272,SO55942,P1662,17-Feb-2025,5,Defective,349550
R18273,SO55380,P1055,01-Oct-2025,9,Size Issue,568080
R18274,SO64575,P1722,04-Jun-2025,5,Not Required,110350
R18275,SO33902,P1151,08-Apr-2025,1,Quality Issue,910
R18276,SO23215,P1048,12-Sep-2025,6,Not Required,297960
R18277,SO43594,P1887,30-Mar-2025,1,Not Required,65660
R18278,SO55470,P1769,02-Oct-2025,3,Damaged,129390
R18279,SO32030,P1373,25-Aug-2025,5,Defective,333500
R18280,SO60301,P1857,04-Aug-2025,1,Not Required,59630
R18281,SO69911,P1275,09-Dec-2025,4,Wrong Item,187480
R18282,SO40170,P1858,21-Aug-2025,12,Defective,828000
R18283,SO53375,P1664,20-Feb-2025,3,Damaged,62940
R18284,SO37493,P1499,05-Feb-2025,1,Late Delivery,22710
R18285,SO28034,P1496,05-Sep-2025,1,Not Required,55550
R18286,SO28126,P1258,05-Nov-2025,2,Damaged,102000
R18287,SO61389,P1746,28-Mar-2025,1,Defective,63070
R18288,SO47453,P1927,28-Jan-2025,5,Quality Issue,140000
R18289,SO11457,P1972,26-Mar-2025,1,Defective,55510
R18290,SO31181,P1073,06-Jan-2026,4,Damaged,214000
R18291,SO44183,P1621,24-Jun-2025,3,Wrong Item,30210
R18292,SO17121,P1077,31-Mar-2025,11,Defective,278410
R18293,SO43305,P1422,22-Oct-2025,2,Wrong Item,59600
R18294,SO35506,P1493,01-Dec-2025,5,Not Required,104600
R18295,SO17332,P1970,05-Nov-2025,2,Wrong Item,102560
R18296,SO69384,P1252,19-Mar-2025,2,Quality Issue,30300
R18297,SO27343,P1437,23-Aug-2025,4,Quality Issue,245960
R18298,SO44336,P1831,10-Jan-2026,1,Size Issue,43750
R18299,SO62180,P1103,19-Sep-2025,9,Damaged,342900
R18300,SO42110,P1194,01-Jul-2025,4,Wrong Item,26560
R18301,SO60397,P1083,18-Apr-2025,4,Damaged,72120
R18302,SO32595,P1069,17-Jan-2025,1,Not Required,12660
R18303,SO13750,P1672,21-Aug-2025,5,Late Delivery,143800
R18304,SO40863,P1538,12-Sep-2025,15,Wrong Item,1202400
R18305,SO43227,P1287,27-Jun-2025,4,Defective,24600
R18306,SO38249,P1613,24-Apr-2025,2,Late Delivery,152860
R18307,SO31085,P1438,02-Jan-2026,6,Defective,136140
R18308,SO43000,P1191,06-Mar-2025,2,Damaged,125740
R18309,SO19508,P1182,08-Nov-2025,7,Size Issue,441420
R18310,SO66816,P1342,30-Apr-2025,2,Size Issue,158980
R18311,SO20555,P1877,01-Nov-2025,3,Wrong Item,108510
R18312,SO66697,P1281,06-Apr-2025,4,Damaged,4760
R18313,SO27852,P1249,08-Jun-2025,10,Late Delivery,47200
R18314,SO66197,P1123,09-Dec-2025,3,Size Issue,185670
R18315,SO66081,P1039,19-Jan-2025,4,Late Delivery,125240
R18316,SO66374,P1229,12-Jun-2025,9,Not Required,4050
R18317,SO25336,P1772,10-Nov-2025,3,Size Issue,159600
R18318,SO69148,P1919,04-May-2025,8,Quality Issue,44000
R18319,SO35876,P1977,22-Sep-2025,9,Quality Issue,560070
R18320,SO29513,P1789,20-Jun-2025,5,Wrong Item,107650
R18321,SO44446,P1603,14-Oct-2025,8,Not Required,300800
R18322,SO66286,P1499,23-Dec-2025,4,Defective,90840
R18323,SO38827,P1081,10-Aug-2025,5,Quality Issue,371700
R18324,SO37907,P1031,17-Jan-2025,6,Late Delivery,367440
R18325,SO43697,P1869,15-Dec-2025,4,Defective,214280
R18326,SO52966,P1769,07-Apr-2025,5,Damaged,215650
R18327,SO51067,P1617,02-Dec-2025,1,Damaged,37550
R18328,SO51191,P1232,21-Dec-2025,2,Damaged,107980
R18329,SO50246,P1674,09-Apr-2025,8,Size Issue,312160
R18330,SO59303,P1747,05-Oct-2025,4,Late Delivery,4360
R18331,SO60688,P1834,31-Aug-2025,13,Defective,625300
R18332,SO50042,P1999,23-Jul-2025,3,Not Required,105510
R18333,SO54355,P1300,28-Oct-2025,1,Quality Issue,13640
R18334,SO18453,P1687,06-Mar-2025,6,Wrong Item,81900
R18335,SO34616,P1315,05-Jan-2025,13,Late Delivery,850590
R18336,SO69057,P1527,01-Dec-2025,10,Wrong Item,12300
R18337,SO30960,P1386,26-Jan-2025,7,Quality Issue,270200
R18338,SO41769,P1886,24-Mar-2025,6,Not Required,21120
R18339,SO44873,P1895,14-Jan-2025,13,Damaged,686270
R18340,SO28929,P1557,04-Mar-2025,4,Late Delivery,42440
R18341,SO30143,P1328,18-Nov-2025,13,Quality Issue,696410
R18342,SO51001,P1530,09-Feb-2025,2,Size Issue,57860
R18343,SO67917,P1354,13-Feb-2025,7,Defective,461510
R18344,SO68565,P1611,16-Mar-2025,1,Size Issue,25140
R18345,SO14504,P1494,20-Mar-2025,3,Size Issue,77670
R18346,SO62195,P1303,06-Apr-2025,9,Size Issue,111330
R18347,SO12859,P1382,02-Jan-2026,4,Not Required,66920
R18348,SO27200,P1176,05-Aug-2025,15,Defective,577650
R18349,SO15810,P1390,23-May-2025,6,Defective,286200
R18350,SO24767,P1911,28-Sep-2025,6,Size Issue,288180
R18351,SO48471,P1190,07-Jul-2025,1,Defective,35350
R18352,SO69844,P1896,19-Nov-2025,3,Quality Issue,174600
R18353,SO45653,P1351,26-Oct-2025,5,Damaged,130900
R18354,SO56653,P1298,06-Apr-2025,2,Wrong Item,142540
R18355,SO43117,P1166,16-Sep-2025,3,Damaged,151500
R18356,SO21793,P1839,05-Mar-2025,5,Size Issue,25600
R18357,SO46540,P1719,17-May-2025,5,Not Required,75700
R18358,SO30372,P1128,04-Dec-2025,5,Late Delivery,358050
R18359,SO26547,P1604,29-Dec-2025,2,Late Delivery,47640
R18360,SO46370,P1724,28-Dec-2025,8,Size Issue,199040
R18361,SO38348,P1275,01-Mar-2025,8,Not Required,374960
R18362,SO13546,P1600,12-Jun-2025,2,Not Required,4660
R18363,SO63711,P1185,12-Nov-2025,6,Defective,77520
R18364,SO18866,P1661,02-Mar-2025,6,Wrong Item,32100
R18365,SO32468,P1044,07-Nov-2025,7,Wrong Item,379750
R18366,SO60534,P1123,25-Aug-2025,1,Defective,61890
R18367,SO19221,P1780,01-Apr-2025,2,Wrong Item,43920
R18368,SO69559,P1382,13-Sep-2025,6,Not Required,100380
R18369,SO30320,P1238,15-Oct-2025,8,Wrong Item,178000
R18370,SO45322,P1827,08-Mar-2025,3,Not Required,113250
R18371,SO67341,P1196,23-Dec-2025,1,Wrong Item,29940
R18372,SO56064,P1559,24-Jun-2025,9,Quality Issue,653580
R18373,SO50846,P1141,20-May-2025,1,Size Issue,23470
R18374,SO43620,P1506,07-Mar-2025,6,Quality Issue,117780
R18375,SO40101,P1396,30-Jul-2025,6,Damaged,45600
R18376,SO33108,P1425,07-Jul-2025,10,Defective,705900
R18377,SO33901,P1489,17-Jul-2025,8,Quality Issue,92240
R18378,SO69797,P1187,04-Nov-2025,14,Wrong Item,411740
R18379,SO53856,P1868,17-Jun-2025,2,Quality Issue,39560
R18380,SO63114,P1124,15-Jun-2025,10,Damaged,371700
R18381,SO62827,P1026,18-Feb-2025,6,Wrong Item,351180
R18382,SO48299,P1574,01-Jun-2025,3,Size Issue,136080
R18383,SO51044,P1635,08-Jun-2025,4,Late Delivery,271440
R18384,SO60624,P1562,02-Sep-2025,3,Wrong Item,162900
R18385,SO29992,P1250,12-Aug-2025,8,Damaged,110960
R18386,SO50668,P1878,14-Apr-2025,10,Wrong Item,5700
R18387,SO26136,P1676,01-Nov-2025,4,Defective,279080
R18388,SO60216,P1131,30-Jan-2025,1,Defective,5090
R18389,SO49313,P1700,28-Dec-2025,7,Size Issue,195020
R18390,SO44482,P1803,24-Sep-2025,6,Not Required,275400
R18391,SO39021,P1329,17-Jan-2026,5,Quality Issue,33650
R18392,SO25164,P1815,24-Nov-2025,8,Quality Issue,204160
R18393,SO41463,P1289,23-Jul-2025,12,Defective,245640
R18394,SO24429,P1161,03-Jul-2025,2,Defective,34860
R18395,SO66664,P1867,10-Mar-2025,1,Defective,34790
R18396,SO11350,P1755,07-May-2025,4,Quality Issue,221960
R18397,SO39220,P1644,15-Dec-2025,8,Damaged,263840
R18398,SO45407,P1751,02-Feb-2025,1,Wrong Item,54540
R18399,SO52489,P1059,24-Apr-2025,3,Wrong Item,154200
R18400,SO63888,P1248,11-Jan-2026,9,Size Issue,346860
R18401,SO64953,P1625,29-Jan-2025,7,Late Delivery,323260
R18402,SO16087,P1027,12-Oct-2025,3,Quality Issue,95640
R18403,SO30907,P1687,03-Jan-2026,1,Wrong Item,13650
R18404,SO28851,P1552,18-Feb-2025,2,Wrong Item,132900
R18405,SO67263,P1302,31-Oct-2025,1,Defective,120
R18406,SO61266,P1920,25-Mar-2025,3,Late Delivery,185790
R18407,SO58029,P1913,03-Oct-2025,2,Wrong Item,48780
R18408,SO46077,P1744,03-Sep-2025,7,Quality Issue,20300
R18409,SO64127,P1774,18-Apr-2025,8,Damaged,371440
R18410,SO17193,P1026,16-Jun-2025,1,Quality Issue,58530
R18411,SO38557,P1316,31-Dec-2025,4,Quality Issue,17560
R18412,SO29172,P1829,21-Mar-2025,4,Size Issue,159360
R18413,SO28494,P1972,08-Aug-2025,2,Wrong Item,111020
R18414,SO58797,P1669,12-Jun-2025,12,Size Issue,425760
R18415,SO60424,P1446,11-May-2025,3,Wrong Item,193530
R18416,SO30887,P1158,12-Jul-2025,2,Late Delivery,93200
R18417,SO28958,P1276,23-Dec-2025,5,Defective,22400
R18418,SO58004,P1865,28-Aug-2025,8,Size Issue,594240
R18419,SO25746,P1273,27-Feb-2025,1,Quality Issue,46440
R18420,SO11871,P2000,03-Jan-2026,8,Not Required,566400
R18421,SO53996,P1307,21-Jan-2025,2,Quality Issue,130780
R18422,SO12988,P1026,16-Mar-2025,2,Damaged,117060
R18423,SO43745,P1687,12-Mar-2025,2,Late Delivery,27300
R18424,SO62982,P1783,22-Mar-2025,1,Size Issue,31840
R18425,SO66370,P1067,19-Feb-2025,1,Not Required,32380
R18426,SO21721,P1751,30-Dec-2025,3,Late Delivery,163620
R18427,SO58923,P1206,06-May-2025,8,Not Required,550720
R18428,SO44163,P1917,05-Sep-2025,5,Size Issue,12400
R18429,SO64740,P1354,15-Mar-2025,2,Damaged,131860
R18430,SO22456,P1830,22-Sep-2025,6,Late Delivery,154080
R18431,SO46244,P1221,28-Jul-2025,9,Not Required,204210
R18432,SO67792,P1432,24-Mar-2025,3,Wrong Item,178530
R18433,SO16498,P1309,25-Oct-2025,3,Damaged,102090
R18434,SO18050,P1921,10-Dec-2025,6,Late Delivery,115380
R18435,SO32673,P1476,14-Dec-2025,2,Not Required,41480
R18436,SO63623,P1391,10-Sep-2025,11,Late Delivery,598400
R18437,SO38278,P1947,15-Mar-2025,3,Wrong Item,106650
R18438,SO53057,P1253,10-Jan-2026,6,Damaged,127680
R18439,SO64413,P1196,25-Oct-2025,2,Late Delivery,59880
R18440,SO58845,P1052,10-Mar-2025,2,Wrong Item,22420
R18441,SO18419,P1644,11-Sep-2025,1,Wrong Item,32980
R18442,SO16333,P1722,21-Jul-2025,11,Not Required,242770
R18443,SO57774,P1257,25-Nov-2025,5,Wrong Item,230200
R18444,SO28070,P1533,26-Oct-2025,2,Damaged,80500
R18445,SO53951,P1108,20-May-2025,10,Quality Issue,575000
R18446,SO28600,P1617,12-Aug-2025,1,Size Issue,37550
R18447,SO41496,P1481,28-Apr-2025,2,Size Issue,92860
R18448,SO27247,P1157,15-Feb-2025,1,Not Required,6340
R18449,SO46226,P1163,02-Jul-2025,2,Defective,38340
R18450,SO49228,P1734,07-Feb-2025,3,Damaged,172710
R18451,SO58355,P1917,11-Mar-2025,1,Defective,2480
R18452,SO65243,P1674,06-May-2025,5,Size Issue,195100
R18453,SO12274,P1913,03-Jan-2026,14,Size Issue,341460
R18454,SO44639,P1963,12-Aug-2025,8,Late Delivery,204080
R18455,SO22249,P1816,29-Jul-2025,4,Quality Issue,80920
R18456,SO40819,P1027,20-Jan-2025,1,Not Required,31880
R18457,SO41278,P1202,06-Apr-2025,11,Quality Issue,769560
R18458,SO49205,P1383,06-Jan-2026,12,Defective,597000
R18459,SO18562,P1738,14-Sep-2025,4,Wrong Item,45960
R18460,SO35025,P1592,28-Mar-2025,3,Defective,239940
R18461,SO68682,P1625,12-Jun-2025,7,Quality Issue,323260
R18462,SO16852,P1016,19-Nov-2025,15,Quality Issue,138150
R18463,SO13879,P1267,23-Oct-2025,11,Damaged,595760
R18464,SO57429,P1539,29-Nov-2025,1,Not Required,24690
R18465,SO20219,P1086,19-Sep-2025,5,Quality Issue,319000
R18466,SO67952,P1957,19-Aug-2025,3,Wrong Item,37350
R18467,SO69101,P1372,26-Oct-2025,14,Not Required,82740
R18468,SO32329,P1004,19-Sep-2025,4,Wrong Item,191680
R18469,SO28723,P1420,17-Dec-2025,9,Late Delivery,66420
R18470,SO21679,P1118,03-Sep-2025,9,Not Required,139860
R18471,SO36587,P1667,10-Mar-2025,1,Damaged,5600
R18472,SO26046,P1670,09-Jan-2025,4,Size Issue,113480
R18473,SO18764,P1886,10-Dec-2025,2,Wrong Item,7040
R18474,SO68443,P1006,23-Feb-2025,1,Late Delivery,19440
R18475,SO56579,P1577,26-Nov-2025,3,Not Required,9390
R18476,SO46352,P1320,13-Jan-2025,18,Quality Issue,473580
R18477,SO23833,P1779,15-Sep-2025,12,Damaged,127680
R18478,SO20209,P1347,14-Oct-2025,7,Late Delivery,321860
R18479,SO44363,P1720,22-May-2025,10,Not Required,542600
R18480,SO19845,P1191,16-Jun-2025,3,Not Required,188610
R18481,SO28778,P1460,05-Aug-2025,1,Late Delivery,36840
R18482,SO63638,P1403,20-Apr-2025,2,Not Required,50680
R18483,SO17556,P1930,15-Sep-2025,2,Size Issue,104520
R18484,SO25199,P1749,08-Aug-2025,6,Wrong Item,158520
R18485,SO32138,P1064,17-Feb-2025,5,Defective,23600
R18486,SO10544,P1346,02-Dec-2025,10,Defective,555600
R18487,SO28035,P1235,20-May-2025,1,Quality Issue,54920
R18488,SO41118,P1958,28-Apr-2025,1,Defective,74120
R18489,SO16322,P1368,17-Sep-2025,8,Defective,102800
R18490,SO25926,P1429,06-Sep-2025,2,Wrong Item,96360
R18491,SO64945,P1971,10-Apr-2025,4,Defective,68160
R18492,SO55682,P1312,02-Apr-2025,9,Late Delivery,213750
R18493,SO66069,P1319,08-Jun-2025,2,Quality Issue,75860
R18494,SO52441,P1339,08-Jun-2025,6,Defective,401100
R18495,SO61929,P1591,04-Apr-2025,4,Not Required,3080
R18496,SO52342,P1475,17-May-2025,2,Late Delivery,34100
R18497,SO50641,P1749,31-Jan-2025,17,Size Issue,449140
R18498,SO69863,P1389,09-Feb-2025,13,Not Required,241670
R18499,SO47390,P1768,24-Apr-2025,1,Not Required,46630
R18500,SO16136,P1461,04-May-2025,2,Size Issue,25200
R18501,SO34109,P1066,19-Dec-2025,8,Quality Issue,170240
R18502,SO24485,P1964,14-Jan-2025,12,Not Required,731880
R18503,SO18793,P1336,01-Dec-2025,18,Damaged,262080
R18504,SO50981,P1471,22-Apr-2025,12,Quality Issue,16800
R18505,SO21772,P1169,17-Feb-2025,3,Size Issue,186450
R18506,SO28623,P1414,07-Aug-2025,5,Not Required,1700
R18507,SO10797,P1643,22-Aug-2025,2,Size Issue,135400
R18508,SO35977,P1591,06-Nov-2025,7,Quality Issue,5390
R18509,SO45837,P1410,16-Dec-2025,1,Late Delivery,77750
R18510,SO58874,P1502,11-Jul-2025,8,Late Delivery,586160
R18511,SO46647,P1528,27-Jun-2025,13,Wrong Item,502450
R18512,SO11113,P1529,18-Jul-2025,5,Damaged,326200
R18513,SO69871,P1005,02-Dec-2025,1,Quality Issue,38330
R18514,SO44166,P1200,30-May-2025,14,Not Required,183260
R18515,SO64603,P1300,27-Jun-2025,2,Wrong Item,27280
R18516,SO38701,P1106,12-Dec-2025,3,Quality Issue,134430
R18517,SO43108,P1229,11-Feb-2025,3,Size Issue,1350
R18518,SO46901,P1468,09-Apr-2025,13,Damaged,93990
R18519,SO10120,P1745,16-Aug-2025,2,Defective,142240
R18520,SO59746,P1974,19-Sep-2025,16,Late Delivery,754880
R18521,SO42835,P1978,07-Jun-2025,1,Late Delivery,15340
R18522,SO66457,P1390,25-Nov-2025,7,Wrong Item,333900
R18523,SO22826,P1320,29-Oct-2025,5,Quality Issue,131550
R18524,SO67628,P1393,21-Apr-2025,12,Size Issue,241800
R18525,SO58220,P1577,14-Apr-2025,4,Damaged,12520
R18526,SO66152,P1323,20-Dec-2025,1,Quality Issue,9530
R18527,SO44702,P1198,10-Jul-2025,9,Quality Issue,162360
R18528,SO28941,P1317,05-Sep-2025,6,Late Delivery,360300
R18529,SO13424,P1742,08-Nov-2025,2,Damaged,149820
R18530,SO39379,P1877,16-Jun-2025,5,Size Issue,180850
R18531,SO43140,P1298,27-May-2025,4,Defective,285080
R18532,SO49543,P1591,10-Sep-2025,6,Damaged,4620
R18533,SO47710,P1804,22-Apr-2025,14,Not Required,879900
R18534,SO25124,P1930,28-Dec-2025,4,Not Required,209040
R18535,SO37637,P1658,01-Sep-2025,9,Damaged,320580
R18536,SO69997,P1635,18-Jul-2025,1,Quality Issue,67860
R18537,SO17362,P1950,19-Jan-2025,5,Late Delivery,191800
R18538,SO24431,P1902,03-Dec-2025,8,Size Issue,456480
R18539,SO28376,P1707,20-Feb-2025,2,Damaged,3500
R18540,SO23564,P1107,10-Dec-2025,15,Not Required,28350
R18541,SO27474,P1931,14-May-2025,2,Damaged,13820
R18542,SO54707,P1875,21-Nov-2025,2,Size Issue,70680
R18543,SO30468,P1709,03-Jan-2026,10,Late Delivery,154800
R18544,SO50369,P1184,13-Feb-2025,14,Size Issue,997360
R18545,SO30125,P1537,25-Oct-2025,4,Quality Issue,103040
R18546,SO21005,P1324,15-Jun-2025,7,Wrong Item,469560
R18547,SO20233,P1140,18-Dec-2025,2,Damaged,70580
R18548,SO15880,P1069,04-Dec-2025,4,Size Issue,50640
R18549,SO33209,P1160,03-Aug-2025,12,Damaged,225120
R18550,SO57349,P1911,30-Nov-2025,2,Damaged,96060
R18551,SO10940,P1030,28-Mar-2025,6,Defective,130200
R18552,SO40133,P1176,27-Mar-2025,8,Damaged,308080
R18553,SO35925,P1279,21-Oct-2025,1,Not Required,3260
R18554,SO69041,P1911,07-Jan-2026,5,Damaged,240150
R18555,SO59097,P1442,23-Dec-2025,17,Late Delivery,337960
R18556,SO11831,P1437,24-Nov-2025,10,Size Issue,614900
R18557,SO31658,P1024,17-Mar-2025,1,Wrong Item,67470
R18558,SO56810,P1040,12-Sep-2025,2,Wrong Item,35040
R18559,SO56469,P1039,26-Sep-2025,10,Size Issue,313100
R18560,SO61675,P1092,07-Mar-2025,2,Wrong Item,146120
R18561,SO35401,P1666,17-Mar-2025,9,Wrong Item,17820
R18562,SO49856,P1799,06-Jan-2026,2,Quality Issue,75240
R18563,SO59910,P1867,25-Oct-2025,4,Wrong Item,139160
R18564,SO26043,P1094,15-Jun-2025,1,Quality Issue,32560
R18565,SO47212,P1799,05-Apr-2025,2,Size Issue,75240
R18566,SO68167,P1531,22-May-2025,9,Size Issue,45450
R18567,SO28901,P1281,15-Oct-2025,2,Quality Issue,2380
R18568,SO64965,P1344,14-Jan-2026,12,Damaged,644880
R18569,SO35469,P1595,29-Jul-2025,2,Quality Issue,139580
R18570,SO23391,P1453,12-May-2025,7,Not Required,590730
R18571,SO58076,P1393,20-Feb-2025,3,Damaged,60450
R18572,SO40520,P1491,03-Nov-2025,1,Defective,76420
R18573,SO28211,P1530,13-Jan-2025,1,Late Delivery,28930
R18574,SO44033,P1020,07-Dec-2025,2,Late Delivery,124340
R18575,SO59263,P1021,24-Dec-2025,3,Quality Issue,60840
R18576,SO35269,P1314,11-Oct-2025,3,Wrong Item,14940
R18577,SO68234,P1386,18-Aug-2025,2,Size Issue,77200
R18578,SO56586,P1928,10-Mar-2025,2,Damaged,41280
R18579,SO52616,P1555,05-Dec-2025,7,Wrong Item,244860
R18580,SO58216,P1190,06-Sep-2025,2,Late Delivery,70700
R18581,SO12145,P1048,17-Mar-2025,8,Quality Issue,397280
R18582,SO63240,P1604,31-Mar-2025,3,Defective,71460
R18583,SO43717,P1780,15-Mar-2025,2,Late Delivery,43920
R18584,SO62488,P1696,09-Mar-2025,8,Size Issue,369760
R18585,SO11971,P1249,24-Oct-2025,7,Not Required,33040
R18586,SO63650,P1140,20-Jan-2025,6,Defective,211740
R18587,SO66322,P1908,06-Jan-2026,15,Not Required,40800
R18588,SO59949,P1834,08-Jun-2025,4,Not Required,192400
R18589,SO36916,P1954,17-Oct-2025,2,Defective,133760
R18590,SO11384,P1701,10-Sep-2025,3,Defective,194160
R18591,SO45145,P1597,10-Aug-2025,4,Size Issue,274560
R18592,SO30094,P1972,10-Aug-2025,7,Size Issue,388570
R18593,SO45710,P1942,19-Aug-2025,7,Late Delivery,229810
R18594,SO16436,P1572,16-Jul-2025,13,Late Delivery,670020
R18595,SO55756,P1546,17-Feb-2025,3,Defective,141900
R18596,SO29928,P1067,12-Dec-2025,2,Size Issue,64760
R18597,SO14293,P1389,18-Dec-2025,11,Late Delivery,204490
R18598,SO65688,P1377,23-Aug-2025,7,Defective,70000
R18599,SO32467,P1404,12-May-2025,7,Quality Issue,507360
R18600,SO14509,P1831,30-Sep-2025,15,Size Issue,656250
R18601,SO31703,P1390,17-Oct-2025,2,Damaged,95400
R18602,SO34323,P1678,10-Jan-2026,4,Not Required,101640
R18603,SO57824,P1061,04-Feb-2025,7,Damaged,268870
R18604,SO18765,P1605,01-Apr-2025,5,Quality Issue,190500
R18605,SO16653,P1577,08-Apr-2025,2,Quality Issue,6260
R18606,SO22733,P1341,31-Aug-2025,2,Size Issue,48420
R18607,SO69418,P1168,02-Dec-2025,8,Damaged,445600
R18608,SO64107,P1203,16-Mar-2025,5,Size Issue,88100
R18609,SO50617,P1754,22-Feb-2025,11,Wrong Item,9460
R18610,SO53895,P1531,17-Jan-2025,8,Size Issue,40400
R18611,SO37219,P1373,26-Nov-2025,4,Damaged,266800
R18612,SO26582,P1840,08-Feb-2025,13,Wrong Item,924300
R18613,SO16878,P1604,08-Jan-2026,1,Wrong Item,23820
R18614,SO53168,P1676,14-Mar-2025,1,Quality Issue,69770
R18615,SO35274,P1721,14-Mar-2025,3,Late Delivery,186900
R18616,SO22887,P1385,18-Apr-2025,4,Size Issue,85040
R18617,SO48246,P1330,03-May-2025,6,Damaged,289380
R18618,SO61812,P1183,06-Jan-2026,1,Damaged,13060
R18619,SO57207,P1595,08-Jul-2025,5,Quality Issue,348950
R18620,SO38265,P1373,11-Dec-2025,6,Not Required,400200
R18621,SO51777,P1864,22-May-2025,3,Damaged,144990
R18622,SO26890,P1445,07-Feb-2025,2,Damaged,4980
R18623,SO34566,P1782,01-Mar-2025,8,Quality Issue,83840
R18624,SO64711,P1080,22-Oct-2025,3,Quality Issue,134160
R18625,SO12780,P1243,24-Apr-2025,2,Size Issue,155080
R18626,SO45599,P1021,23-Aug-2025,5,Wrong Item,101400
R18627,SO53389,P1730,29-Nov-2025,3,Damaged,69600
R18628,SO66493,P1114,02-Mar-2025,12,Size Issue,630240
R18629,SO44178,P1225,10-Jan-2025,1,Size Issue,31510
R18630,SO18629,P1307,26-Jul-2025,1,Wrong Item,65390
R18631,SO16811,P1222,24-Jan-2025,11,Not Required,260370
R18632,SO43852,P1501,28-Apr-2025,6,Size Issue,60180
R18633,SO26130,P1157,03-Apr-2025,5,Late Delivery,31700
R18634,SO12706,P1708,28-Jun-2025,1,Not Required,23100
R18635,SO53945,P1498,27-Sep-2025,2,Late Delivery,135720
R18636,SO18496,P1667,02-Oct-2025,3,Damaged,16800
R18637,SO42075,P1271,29-Jan-2025,7,Late Delivery,304570
R18638,SO33046,P1411,27-Jun-2025,6,Wrong Item,398040
R18639,SO30114,P1321,23-Dec-2025,12,Not Required,771840
R18640,SO10368,P1881,25-Aug-2025,11,Size Issue,272580
R18641,SO12190,P1482,26-Aug-2025,4,Size Issue,276480
R18642,SO25150,P1023,04-Mar-2025,1,Size Issue,22570
R18643,SO57628,P1651,30-Apr-2025,1,Not Required,14770
R18644,SO62019,P1163,09-May-2025,8,Quality Issue,153360
R18645,SO10258,P1476,29-Dec-2025,7,Damaged,145180
R18646,SO25724,P1701,26-Jun-2025,2,Wrong Item,129440
R18647,SO27756,P1931,19-Jun-2025,2,Late Delivery,13820
R18648,SO29053,P1571,04-Jan-2026,2,Wrong Item,127580
R18649,SO37301,P1714,10-Mar-2025,5,Not Required,199250
R18650,SO47636,P1740,24-Jan-2025,2,Quality Issue,71340
R18651,SO42094,P1762,15-Nov-2025,1,Defective,24420
R18652,SO55600,P1291,19-Mar-2025,1,Not Required,29650
R18653,SO10842,P1646,13-Jun-2025,5,Size Issue,260500
R18654,SO10745,P1203,25-May-2025,3,Defective,52860
R18655,SO22286,P1693,11-May-2025,3,Wrong Item,196290
R18656,SO41040,P1282,06-Aug-2025,4,Not Required,102160
R18657,SO38847,P1075,09-Dec-2025,1,Quality Issue,68180
R18658,SO56081,P1233,14-Nov-2025,4,Damaged,48280
R18659,SO45023,P1170,14-Apr-2025,8,Defective,483280
R18660,SO13363,P1286,05-Dec-2025,2,Late Delivery,170720
R18661,SO18576,P1413,18-Jul-2025,2,Wrong Item,14620
R18662,SO26685,P1277,18-Apr-2025,6,Late Delivery,35280
R18663,SO46598,P1666,01-Mar-2025,5,Damaged,9900
R18664,SO56711,P1674,13-Feb-2025,13,Size Issue,507260
R18665,SO12075,P1589,19-Sep-2025,9,Not Required,151020
R18666,SO43005,P1784,06-Mar-2025,5,Quality Issue,249300
R18667,SO16978,P1313,25-Nov-2025,5,Size Issue,18600
R18668,SO34771,P1444,08-Nov-2025,2,Size Issue,129840
R18669,SO12856,P1257,20-Jun-2025,1,Damaged,46040
R18670,SO30563,P1291,15-Jun-2025,4,Size Issue,118600
R18671,SO22936,P1814,14-May-2025,9,Not Required,389160
R18672,SO28270,P1499,23-Apr-2025,7,Defective,158970
R18673,SO12802,P1325,10-Aug-2025,2,Late Delivery,154800
R18674,SO19540,P1295,03-Mar-2025,5,Defective,27000
R18675,SO69318,P1609,07-Dec-2025,9,Size Issue,65880
R18676,SO34347,P1626,29-Oct-2025,10,Defective,392000
R18677,SO51691,P1654,17-Apr-2025,2,Quality Issue,63100
R18678,SO59199,P1025,17-Jan-2025,3,Wrong Item,114570
R18679,SO32370,P1600,22-Dec-2025,13,Quality Issue,30290
R18680,SO64538,P1001,03-Jan-2026,5,Size Issue,236800
R18681,SO67371,P1046,22-Jan-2025,1,Quality Issue,36780
R18682,SO23353,P1243,30-Jan-2025,5,Late Delivery,387700
R18683,SO45741,P1943,15-Jun-2025,1,Size Issue,42710
R18684,SO43311,P1658,25-Jun-2025,1,Damaged,35620
R18685,SO28753,P1816,01-Mar-2025,4,Damaged,80920
R18686,SO20459,P1919,03-Jan-2026,1,Damaged,5500
R18687,SO41933,P1023,28-Oct-2025,2,Damaged,45140
R18688,SO62238,P1718,30-Mar-2025,7,Wrong Item,333620
R18689,SO46067,P1528,25-Jun-2025,2,Quality Issue,77300
R18690,SO19348,P1608,12-Nov-2025,2,Wrong Item,164100
R18691,SO32660,P1956,03-Nov-2025,14,Late Delivery,954800
R18692,SO39898,P1587,26-May-2025,2,Wrong Item,85940
R18693,SO63628,P1440,29-Oct-2025,2,Wrong Item,46800
R18694,SO52732,P1334,21-Mar-2025,6,Damaged,45060
R18695,SO46759,P1193,26-Jul-2025,1,Damaged,18770
R18696,SO15887,P1747,16-Sep-2025,6,Not Required,6540
R18697,SO68175,P1714,14-Apr-2025,3,Damaged,119550
R18698,SO45431,P1350,22-Jan-2025,11,Wrong Item,552860
R18699,SO14144,P1242,07-Nov-2025,2,Not Required,23580
R18700,SO56671,P1984,10-Oct-2025,5,Size Issue,1200
R18701,SO40027,P1610,10-Nov-2025,1,Defective,56320
R18702,SO12742,P1037,11-Nov-2025,3,Size Issue,127770
R18703,SO67157,P1205,30-Dec-2025,8,Wrong Item,30800
R18704,SO49248,P1337,11-Jun-2025,5,Wrong Item,220100
R18705,SO69230,P1653,17-Jul-2025,1,Damaged,71630
R18706,SO59859,P1671,15-Jun-2025,1,Damaged,16230
R18707,SO65334,P1991,15-Jan-2026,18,Not Required,807480
R18708,SO24082,P1599,17-Oct-2025,2,Size Issue,21640
R18709,SO31095,P1635,02-Sep-2025,5,Quality Issue,339300
R18710,SO14456,P1031,14-Apr-2025,4,Late Delivery,244960
R18711,SO15159,P1350,23-May-2025,4,Quality Issue,201040
R18712,SO65024,P1735,04-Mar-2025,5,Damaged,115750
R18713,SO12711,P1901,14-Feb-2025,3,Not Required,9480
R18714,SO21073,P1372,23-Jul-2025,2,Late Delivery,11820
R18715,SO63639,P1086,22-Nov-2025,7,Not Required,446600
R18716,SO37643,P1223,15-Oct-2025,2,Late Delivery,114900
R18717,SO39826,P1145,13-Jun-2025,1,Damaged,4890
R18718,SO58338,P1521,14-Sep-2025,8,Damaged,3040
R18719,SO44246,P1084,13-Oct-2025,3,Wrong Item,227400
R18720,SO65277,P1091,26-Mar-2025,3,Quality Issue,52890
R18721,SO68114,P1240,21-Feb-2025,5,Quality Issue,105200
R18722,SO11498,P1590,28-Jan-2025,3,Damaged,105570
R18723,SO19118,P1303,16-Dec-2025,1,Quality Issue,12370
R18724,SO31193,P1082,09-Jun-2025,3,Quality Issue,94980
R18725,SO25534,P1106,30-Dec-2025,11,Wrong Item,492910
R18726,SO17804,P1107,17-Sep-2025,2,Size Issue,3780
R18727,SO38174,P1383,24-Dec-2025,11,Wrong Item,547250
R18728,SO46749,P1174,14-Feb-2025,1,Damaged,15490
R18729,SO68294,P1891,01-Nov-2025,2,Damaged,21680
R18730,SO31487,P1758,23-Jan-2025,12,Not Required,422760
R18731,SO57749,P1696,21-Feb-2025,8,Late Delivery,369760
R18732,SO31199,P1794,24-Dec-2025,1,Not Required,6020
R18733,SO35289,P1134,20-Jun-2025,9,Quality Issue,282330
R18734,SO37489,P1405,02-Apr-2025,1,Defective,61570
R18735,SO40059,P1264,14-Apr-2025,2,Quality Issue,132440
R18736,SO34601,P1004,12-Aug-2025,1,Size Issue,47920
R18737,SO38362,P1975,26-Jun-2025,8,Damaged,190880
R18738,SO33804,P1448,19-Apr-2025,5,Defective,245750
R18739,SO13290,P1566,26-Apr-2025,1,Damaged,22980
R18740,SO44692,P1017,15-Oct-2025,2,Late Delivery,53160
R18741,SO41530,P1189,21-Jan-2025,2,Damaged,20800
R18742,SO25191,P1139,07-May-2025,8,Damaged,44400
R18743,SO25005,P1752,15-Aug-2025,7,Quality Issue,213220
R18744,SO34539,P1678,10-Mar-2025,3,Defective,76230
R18745,SO64001,P1276,27-Dec-2025,4,Wrong Item,17920
R18746,SO50332,P1283,18-Jun-2025,10,Not Required,510900
R18747,SO18840,P1566,18-Dec-2025,10,Not Required,229800
R18748,SO29711,P1011,21-Apr-2025,13,Defective,445380
R18749,SO44308,P1127,12-Sep-2025,3,Not Required,42120
R18750,SO37018,P1814,19-Feb-2025,1,Defective,43240
R18751,SO40993,P1568,17-Apr-2025,11,Damaged,85140
R18752,SO32244,P1589,01-Jun-2025,4,Size Issue,67120
R18753,SO67378,P1421,02-Nov-2025,4,Size Issue,182960
R18754,SO26601,P1075,14-May-2025,2,Defective,136360
R18755,SO28859,P1407,26-Jan-2025,3,Damaged,186120
R18756,SO67911,P1342,24-Feb-2025,5,Damaged,397450
R18757,SO40199,P1060,04-Jun-2025,6,Quality Issue,177720
R18758,SO64252,P1970,05-Mar-2025,11,Size Issue,564080
R18759,SO49267,P1040,01-Jul-2025,2,Defective,35040
R18760,SO19270,P1012,13-Oct-2025,3,Size Issue,189930
R18761,SO13573,P1838,11-Feb-2025,1,Quality Issue,4030
R18762,SO36269,P1541,14-Mar-2025,5,Wrong Item,361100
R18763,SO42725,P1060,29-Jul-2025,8,Late Delivery,236960
R18764,SO30598,P1246,03-Jul-2025,2,Quality Issue,54360
R18765,SO21569,P1481,06-Jan-2026,5,Late Delivery,232150
R18766,SO28590,P1183,08-Jun-2025,11,Quality Issue,143660
R18767,SO31221,P1866,02-Aug-2025,4,Not Required,280120
R18768,SO22735,P1728,16-Oct-2025,1,Wrong Item,43070
R18769,SO23520,P1840,02-May-2025,6,Late Delivery,426600
R18770,SO35528,P1310,17-Oct-2025,4,Wrong Item,62280
R18771,SO18467,P1672,11-Jan-2025,4,Late Delivery,115040
R18772,SO25444,P1681,01-May-2025,13,Size Issue,200980
R18773,SO58811,P1103,23-Jun-2025,4,Damaged,152400
R18774,SO35406,P1852,19-Mar-2025,2,Size Issue,74320
R18775,SO35778,P1873,28-Jun-2025,1,Wrong Item,77450
R18776,SO57517,P1409,23-Jul-2025,14,Defective,579880
R18777,SO24281,P1313,08-Apr-2025,3,Size Issue,11160
R18778,SO41876,P1808,22-Sep-2025,15,Quality Issue,1023300
R18779,SO23660,P1938,18-Jun-2025,4,Not Required,91120
R18780,SO34391,P1591,15-Jan-2025,13,Quality Issue,10010
R18781,SO24312,P1197,07-Feb-2025,11,Size Issue,506660
R18782,SO59259,P1781,04-May-2025,12,Damaged,729360
R18783,SO28765,P1610,10-Nov-2025,4,Defective,225280
R18784,SO25663,P1719,25-May-2025,11,Defective,166540
R18785,SO27331,P1493,08-Dec-2025,7,Wrong Item,146440
R18786,SO22310,P1075,07-Oct-2025,4,Late Delivery,272720
R18787,SO34882,P1886,30-Jul-2025,2,Quality Issue,7040
R18788,SO10364,P1949,21-Mar-2025,4,Damaged,118640
R18789,SO37451,P1831,04-Nov-2025,5,Damaged,218750
R18790,SO33356,P1779,02-Dec-2025,2,Late Delivery,21280
R18791,SO36145,P1468,05-Mar-2025,1,Size Issue,7230
R18792,SO21170,P1032,24-Sep-2025,2,Size Issue,98280
R18793,SO48917,P1004,24-Feb-2025,1,Quality Issue,47920
R18794,SO27638,P1076,27-Feb-2025,16,Quality Issue,7040
R18795,SO68035,P1786,15-Mar-2025,4,Wrong Item,279800
R18796,SO10499,P1862,24-Aug-2025,1,Wrong Item,44330
R18797,SO56337,P1069,13-Aug-2025,2,Late Delivery,25320
R18798,SO28173,P1503,09-May-2025,11,Wrong Item,475200
R18799,SO53769,P1927,29-Jul-2025,4,Not Required,112000
R18800,SO51510,P1133,01-Oct-2025,6,Defective,437520
R18801,SO27235,P1372,16-Aug-2025,9,Late Delivery,53190
R18802,SO30117,P1794,23-Mar-2025,1,Quality Issue,6020
R18803,SO22261,P1795,11-Mar-2025,5,Defective,305000
R18804,SO30981,P1986,06-Feb-2025,3,Late Delivery,190170
R18805,SO51961,P1678,25-Sep-2025,15,Quality Issue,381150
R18806,SO26829,P1867,17-Nov-2025,1,Defective,34790
R18807,SO22116,P1036,22-Mar-2025,2,Wrong Item,15380
R18808,SO14476,P1213,19-May-2025,7,Wrong Item,352660
R18809,SO11365,P1731,18-Mar-2025,1,Damaged,59700
R18810,SO28908,P1014,27-Nov-2025,19,Defective,969950
R18811,SO23767,P1981,27-Sep-2025,1,Wrong Item,22760
R18812,SO63271,P1018,18-Jan-2025,14,Defective,81060
R18813,SO48559,P1066,27-Nov-2025,4,Quality Issue,85120
R18814,SO16382,P1795,14-Jan-2025,1,Late Delivery,61000
R18815,SO61797,P1661,28-Apr-2025,1,Defective,5350
R18816,SO61850,P1558,05-Sep-2025,3,Wrong Item,83850
R18817,SO19433,P1734,01-Feb-2025,10,Size Issue,575700
R18818,SO13925,P1632,24-Dec-2025,7,Wrong Item,36400
R18819,SO69585,P1912,06-May-2025,11,Quality Issue,602030
R18820,SO15292,P1219,13-Jul-2025,2,Damaged,4180
R18821,SO35357,P1704,06-Sep-2025,4,Quality Issue,37400
R18822,SO54699,P1373,25-Aug-2025,6,Size Issue,400200
R18823,SO33815,P1523,14-Aug-2025,3,Not Required,35670
R18824,SO15609,P1734,23-Jul-2025,7,Not Required,402990
R18825,SO36363,P1459,24-Nov-2025,11,Not Required,270380
R18826,SO52600,P1936,04-Jun-2025,1,Defective,23910
R18827,SO48547,P1492,07-Nov-2025,4,Damaged,170560
R18828,SO26862,P1892,12-Jul-2025,4,Late Delivery,111520
R18829,SO51014,P1185,06-Oct-2025,16,Not Required,206720
R18830,SO19819,P1485,25-Jul-2025,2,Late Delivery,108020
R18831,SO37357,P1804,05-Jan-2026,13,Wrong Item,817050
R18832,SO42325,P1551,23-Mar-2025,5,Late Delivery,239100
R18833,SO35843,P1135,06-Jul-2025,11,Quality Issue,570460
R18834,SO37426,P1478,12-May-2025,16,Not Required,407040
R18835,SO44553,P1548,08-Nov-2025,15,Damaged,785850
R18836,SO10343,P1620,14-Sep-2025,1,Late Delivery,5620
R18837,SO59061,P1288,01-Sep-2025,2,Size Issue,9180
R18838,SO64061,P1594,20-Oct-2025,5,Size Issue,273700
R18839,SO57236,P1023,04-Feb-2025,1,Wrong Item,22570
R18840,SO16796,P1129,22-Dec-2025,5,Wrong Item,128950
R18841,SO18952,P1012,16-Dec-2025,5,Damaged,316550
R18842,SO40283,P1114,09-Dec-2025,2,Quality Issue,105040
R18843,SO60526,P1377,18-Jan-2026,3,Not Required,30000
R18844,SO41714,P1294,27-Mar-2025,3,Wrong Item,158310
R18845,SO31687,P1228,06-Nov-2025,2,Defective,96520
R18846,SO26021,P1408,21-Jun-2025,9,Damaged,496170
R18847,SO61696,P1496,20-May-2025,12,Not Required,666600
R18848,SO29268,P1474,18-Oct-2025,3,Size Issue,207660
R18849,SO39449,P1833,05-Sep-2025,2,Quality Issue,61160
R18850,SO12460,P1015,12-Jan-2025,2,Defective,91440
R18851,SO60026,P1381,19-Oct-2025,4,Quality Issue,95480
R18852,SO15972,P1779,28-Aug-2025,1,Defective,10640
R18853,SO66175,P1790,01-Dec-2025,17,Damaged,1005890
R18854,SO32103,P1291,18-Nov-2025,3,Late Delivery,88950
R18855,SO66712,P1925,31-Jan-2025,4,Defective,111280
R18856,SO38297,P1606,07-Apr-2025,12,Wrong Item,217680
R18857,SO42863,P1236,09-Mar-2025,14,Defective,816200
R18858,SO26114,P1910,21-Aug-2025,1,Wrong Item,71280
R18859,SO54031,P1479,21-Aug-2025,10,Late Delivery,558800
R18860,SO49473,P1076,25-Jan-2025,1,Size Issue,440
R18861,SO68092,P1633,12-May-2025,3,Late Delivery,44430
R18862,SO55187,P1173,07-Nov-2025,14,Defective,967820
R18863,SO58478,P1832,21-Jun-2025,1,Late Delivery,19990
R18864,SO59667,P1618,23-Jun-2025,7,Quality Issue,355180
R18865,SO13021,P1516,18-Jun-2025,7,Quality Issue,170800
R18866,SO23639,P1224,06-Dec-2025,2,Wrong Item,39280
R18867,SO14563,P1654,23-Dec-2025,5,Late Delivery,157750
R18868,SO16618,P1870,11-Feb-2025,3,Size Issue,17670
R18869,SO38266,P1444,12-Feb-2025,2,Damaged,129840
R18870,SO59085,P1223,05-Jul-2025,4,Defective,229800
R18871,SO46626,P1405,28-Nov-2025,9,Quality Issue,554130
R18872,SO63285,P1216,27-Jun-2025,18,Damaged,977580
R18873,SO25247,P1009,24-May-2025,1,Size Issue,5740
R18874,SO25440,P1056,23-Oct-2025,8,Damaged,573520
R18875,SO52906,P1102,07-Jul-2025,2,Not Required,126500
R18876,SO36946,P1231,26-Apr-2025,5,Damaged,204200
R18877,SO64617,P1149,10-Aug-2025,17,Size Issue,121550
R18878,SO21386,P1031,15-Oct-2025,12,Quality Issue,734880
R18879,SO30999,P1748,18-Aug-2025,6,Wrong Item,68220
R18880,SO68322,P1842,06-Aug-2025,3,Size Issue,183990
R18881,SO53058,P1008,23-May-2025,16,Defective,997440
R18882,SO68659,P1131,16-Feb-2025,4,Defective,20360
R18883,SO62492,P1822,26-Oct-2025,3,Defective,156030
R18884,SO67845,P1626,19-Feb-2025,7,Damaged,274400
R18885,SO56117,P1411,30-Apr-2025,8,Not Required,530720
R18886,SO29944,P1013,10-Dec-2025,2,Wrong Item,114080
R18887,SO43523,P1473,03-Feb-2025,1,Size Issue,35200
R18888,SO15591,P1357,10-Mar-2025,1,Damaged,58270
R18889,SO56714,P1779,18-Jun-2025,5,Quality Issue,53200
R18890,SO59372,P1756,12-Feb-2025,7,Late Delivery,450310
R18891,SO56792,P1597,21-Aug-2025,7,Wrong Item,480480
R18892,SO60715,P1510,11-Dec-2025,14,Size Issue,42700
R18893,SO68267,P1116,12-Apr-2025,9,Wrong Item,111780
R18894,SO68602,P1358,21-Jul-2025,6,Damaged,2400
R18895,SO14769,P1622,20-Feb-2025,13,Quality Issue,1011660
R18896,SO69064,P1102,28-Mar-2025,7,Defective,442750
R18897,SO15123,P1084,26-Feb-2025,17,Wrong Item,1288600
R18898,SO54975,P1118,21-Oct-2025,4,Wrong Item,62160
R18899,SO28761,P1024,15-Feb-2025,1,Not Required,67470
R18900,SO52460,P1485,14-Sep-2025,15,Not Required,810150
R18901,SO21712,P1921,07-Jul-2025,12,Quality Issue,230760
R18902,SO10609,P1172,09-Sep-2025,2,Wrong Item,50700
R18903,SO24639,P1796,07-Jan-2026,1,Size Issue,8460
R18904,SO63435,P1576,09-Jun-2025,9,Quality Issue,289530
R18905,SO48070,P1675,08-Jul-2025,2,Not Required,93700
R18906,SO63411,P1441,17-Apr-2025,14,Late Delivery,822920
R18907,SO46257,P1428,07-May-2025,5,Not Required,247800
R18908,SO60286,P1936,10-Dec-2025,6,Quality Issue,143460
R18909,SO21292,P1117,06-Sep-2025,1,Quality Issue,63780
R18910,SO60466,P1098,18-Mar-2025,9,Not Required,701910
R18911,SO58762,P1399,13-Feb-2025,3,Not Required,121920
R18912,SO52992,P1250,04-Aug-2025,1,Wrong Item,13870
R18913,SO21896,P1613,30-Jan-2025,11,Size Issue,840730
R18914,SO22314,P1946,03-Jul-2025,2,Not Required,85380
R18915,SO68822,P1189,08-Aug-2025,2,Late Delivery,20800
R18916,SO32020,P1123,19-Jun-2025,11,Wrong Item,680790
R18917,SO46767,P1539,20-May-2025,4,Wrong Item,98760
R18918,SO18029,P1144,19-Oct-2025,6,Wrong Item,417480
R18919,SO63396,P1518,04-Jan-2026,9,Quality Issue,392760
R18920,SO47585,P1536,18-Apr-2025,7,Quality Issue,406630
R18921,SO36658,P1930,21-Aug-2025,6,Late Delivery,313560
R18922,SO63198,P1517,12-Jul-2025,1,Quality Issue,20180
R18923,SO25862,P1582,08-Dec-2025,4,Damaged,104480
R18924,SO42739,P1882,27-May-2025,6,Defective,118680
R18925,SO17902,P1008,11-May-2025,2,Size Issue,124680
R18926,SO42680,P1396,09-Apr-2025,2,Not Required,15200
R18927,SO51153,P1794,01-Jul-2025,2,Not Required,12040
R18928,SO55046,P1017,05-Oct-2025,10,Damaged,265800
R18929,SO50193,P1125,23-Apr-2025,8,Damaged,90400
R18930,SO46432,P1989,20-Aug-2025,1,Not Required,27430
R18931,SO15711,P1828,29-Jun-2025,4,Wrong Item,18160
R18932,SO44704,P1671,11-Feb-2025,2,Wrong Item,32460
R18933,SO39241,P1198,12-Dec-2025,2,Not Required,36080
R18934,SO48965,P1947,29-Mar-2025,9,Damaged,319950
R18935,SO42001,P1850,15-Nov-2025,9,Defective,117090
R18936,SO19082,P1849,02-Dec-2025,4,Not Required,108560
R18937,SO39807,P1558,27-Jan-2025,8,Wrong Item,223600
R18938,SO55446,P1407,30-Nov-2025,6,Late Delivery,372240
R18939,SO16991,P1370,14-Jun-2025,2,Size Issue,9060
R18940,SO46347,P1718,02-Sep-2025,5,Late Delivery,238300
R18941,SO25275,P1772,09-Oct-2025,9,Defective,478800
R18942,SO37030,P1183,25-Nov-2025,8,Late Delivery,104480
R18943,SO59194,P1911,11-Feb-2025,1,Not Required,48030
R18944,SO21648,P1312,07-Mar-2025,1,Late Delivery,23750
R18945,SO24517,P1930,04-Jan-2026,3,Quality Issue,156780
R18946,SO54490,P1794,08-Jun-2025,11,Quality Issue,66220
R18947,SO53737,P1802,28-Jul-2025,6,Not Required,34200
R18948,SO47722,P1530,04-Apr-2025,11,Defective,318230
R18949,SO16625,P1854,07-Aug-2025,6,Quality Issue,36540
R18950,SO21706,P1916,04-Apr-2025,2,Late Delivery,149720
R18951,SO29779,P1889,22-May-2025,3,Quality Issue,25230
R18952,SO61331,P1911,23-Feb-2025,1,Quality Issue,48030
R18953,SO59843,P1716,23-Oct-2025,3,Defective,104400
R18954,SO48620,P1582,20-Jun-2025,16,Wrong Item,417920
R18955,SO41741,P1800,19-Jun-2025,3,Late Delivery,158280
R18956,SO38974,P1747,28-Feb-2025,5,Late Delivery,5450
R18957,SO61231,P1880,01-Jun-2025,1,Defective,41440
R18958,SO51417,P1703,17-Jun-2025,4,Size Issue,149120
R18959,SO30213,P1352,13-Apr-2025,1,Damaged,3030
R18960,SO55372,P1308,18-Apr-2025,13,Not Required,130000
R18961,SO23191,P1385,03-Sep-2025,5,Defective,106300
R18962,SO45175,P1522,02-May-2025,7,Not Required,40600
R18963,SO35858,P1335,06-Feb-2025,8,Size Issue,40000
R18964,SO67610,P1329,27-Feb-2025,14,Wrong Item,94220
R18965,SO63340,P1550,28-Jun-2025,1,Wrong Item,57700
R18966,SO59829,P1896,11-May-2025,4,Quality Issue,232800
R18967,SO15542,P1647,24-Jul-2025,3,Late Delivery,29730
R18968,SO49973,P1063,03-Apr-2025,5,Size Issue,161400
R18969,SO14943,P1996,16-Mar-2025,5,Size Issue,286100
R18970,SO25620,P1747,06-Apr-2025,1,Late Delivery,1090
R18971,SO16855,P1896,18-Aug-2025,14,Not Required,814800
R18972,SO34595,P1134,28-Aug-2025,7,Late Delivery,219590
R18973,SO26946,P1862,07-May-2025,2,Not Required,88660
R18974,SO51263,P1643,17-Nov-2025,5,Wrong Item,338500
R18975,SO62410,P1023,23-May-2025,5,Wrong Item,112850
R18976,SO31322,P1772,31-Mar-2025,8,Damaged,425600
R18977,SO48898,P2000,03-Apr-2025,1,Defective,70800
R18978,SO27731,P1151,16-Aug-2025,11,Size Issue,10010
R18979,SO63266,P1343,30-Aug-2025,6,Not Required,319200
R18980,SO69926,P1491,03-Jul-2025,6,Not Required,458520
R18981,SO44015,P1327,18-Nov-2025,1,Size Issue,4100
R18982,SO28309,P1881,12-Dec-2025,14,Late Delivery,346920
R18983,SO47898,P1882,17-Apr-2025,8,Damaged,158240
R18984,SO28783,P1896,26-Nov-2025,15,Size Issue,873000
R18985,SO15357,P1529,30-Nov-2025,12,Size Issue,782880
R18986,SO54685,P1502,03-Dec-2025,1,Wrong Item,73270
R18987,SO26889,P1391,05-Oct-2025,1,Defective,54400
R18988,SO32501,P1591,01-Jul-2025,1,Wrong Item,770
R18989,SO36528,P1687,10-Sep-2025,8,Size Issue,109200
R18990,SO20815,P1652,26-Oct-2025,15,Late Delivery,999600
R18991,SO19198,P1385,11-Apr-2025,7,Quality Issue,148820
R18992,SO46834,P1702,09-Jun-2025,18,Quality Issue,50580
R18993,SO54440,P1141,23-Dec-2025,7,Not Required,164290
R18994,SO44595,P1040,16-Jun-2025,6,Quality Issue,105120
R18995,SO42461,P1582,03-Dec-2025,2,Size Issue,52240
R18996,SO60499,P1441,19-Jun-2025,2,Quality Issue,117560
R18997,SO65237,P1797,10-Feb-2025,2,Not Required,11900
R18998,SO39259,P1133,11-Feb-2025,6,Late Delivery,437520
R18999,SO31379,P1932,26-Jun-2025,6,Wrong Item,405660
R19000,SO58528,P1249,21-Feb-2025,14,Late Delivery,66080
R19001,SO25000,P1181,04-Jul-2025,4,Damaged,128720
R19002,SO52304,P1503,03-Dec-2025,5,Wrong Item,216000
R19003,SO55927,P1618,19-Apr-2025,6,Wrong Item,304440
R19004,SO29865,P1364,08-Mar-2025,4,Defective,77560
R19005,SO59666,P1047,27-Aug-2025,1,Quality Issue,8810
R19006,SO10760,P1726,06-Sep-2025,2,Quality Issue,99200
R19007,SO51742,P1139,03-Jan-2026,4,Quality Issue,22200
R19008,SO59092,P1813,01-Jan-2026,7,Wrong Item,212800
R19009,SO64022,P1079,21-Apr-2025,2,Damaged,95160
R19010,SO10764,P1254,21-Dec-2025,14,Wrong Item,626360
R19011,SO44114,P1653,14-May-2025,10,Size Issue,716300
R19012,SO14068,P1168,17-Sep-2025,2,Size Issue,111400
R19013,SO69992,P1332,26-Mar-2025,1,Damaged,55390
R19014,SO26433,P1844,09-May-2025,1,Wrong Item,25100
R19015,SO10301,P1005,22-Dec-2025,8,Defective,306640
R19016,SO44924,P1086,12-Jul-2025,5,Quality Issue,319000
R19017,SO65736,P1634,02-Nov-2025,11,Defective,634480
R19018,SO11490,P1671,24-Mar-2025,3,Not Required,48690
R19019,SO67288,P1914,29-Oct-2025,1,Not Required,67240
R19020,SO54710,P1127,29-May-2025,6,Size Issue,84240
R19021,SO60995,P1982,24-Nov-2025,2,Not Required,94700
R19022,SO65806,P1022,19-Nov-2025,12,Not Required,298080
R19023,SO41382,P1935,23-Oct-2025,12,Late Delivery,371280
R19024,SO31799,P1536,05-Sep-2025,13,Not Required,755170
R19025,SO23552,P1449,07-Dec-2025,1,Damaged,16000
R19026,SO57199,P1605,11-Oct-2025,1,Damaged,38100
R19027,SO33721,P1359,11-May-2025,2,Damaged,6200
R19028,SO22714,P1411,12-Sep-2025,12,Not Required,796080
R19029,SO58792,P1599,19-Jul-2025,4,Not Required,43280
R19030,SO32486,P1098,27-Oct-2025,6,Damaged,467940
R19031,SO21848,P1854,19-Jun-2025,10,Damaged,60900
R19032,SO57466,P1303,03-Mar-2025,1,Not Required,12370
R19033,SO41420,P1549,23-May-2025,3,Not Required,129060
R19034,SO32219,P1079,15-Apr-2025,2,Size Issue,95160
R19035,SO19089,P1819,16-Jun-2025,8,Late Delivery,488320
R19036,SO58206,P1878,26-Jun-2025,1,Wrong Item,570
R19037,SO54533,P1288,23-Jan-2025,13,Late Delivery,59670
R19038,SO12982,P1570,23-Mar-2025,1,Quality Issue,13830
R19039,SO66185,P1451,24-Nov-2025,3,Not Required,181320
R19040,SO34668,P1479,22-Apr-2025,7,Wrong Item,391160
R19041,SO39366,P1269,11-Oct-2025,15,Size Issue,333450
R19042,SO53766,P1189,11-Dec-2025,14,Size Issue,145600
R19043,SO13015,P1788,10-Aug-2025,5,Damaged,10600
R19044,SO10461,P1956,13-Nov-2025,1,Defective,68200
R19045,SO22216,P1685,12-Jul-2025,4,Damaged,128200
R19046,SO17073,P1325,07-Jun-2025,7,Size Issue,541800
R19047,SO56103,P1436,14-Feb-2025,6,Wrong Item,6120
R19048,SO42119,P1210,07-Apr-2025,9,Wrong Item,474480
R19049,SO57588,P1550,15-Jan-2026,6,Damaged,346200
R19050,SO14602,P1263,20-Sep-2025,3,Late Delivery,49680
R19051,SO32091,P1913,19-May-2025,12,Late Delivery,292680
R19052,SO15558,P1966,20-Nov-2025,3,Size Issue,180420
R19053,SO63333,P1352,02-Dec-2025,3,Late Delivery,9090
R19054,SO39689,P1371,14-May-2025,15,Late Delivery,1124700
R19055,SO53901,P1153,24-Jan-2025,4,Wrong Item,196280
R19056,SO49711,P1966,23-Jul-2025,8,Damaged,481120
R19057,SO63557,P1545,09-Nov-2025,3,Wrong Item,40530
R19058,SO56483,P1692,11-Oct-2025,4,Quality Issue,220520
R19059,SO26659,P1620,12-Jul-2025,1,Defective,5620
R19060,SO40874,P1247,16-Aug-2025,1,Defective,58140
R19061,SO36089,P1863,23-Mar-2025,18,Wrong Item,262260
R19062,SO59412,P1563,04-Oct-2025,2,Damaged,68300
R19063,SO52297,P1440,04-Feb-2025,4,Damaged,93600
R19064,SO48569,P1651,27-Jun-2025,4,Damaged,59080
R19065,SO23233,P1594,30-Sep-2025,17,Defective,930580
R19066,SO24251,P1829,10-Sep-2025,1,Damaged,39840
R19067,SO28314,P1115,25-Aug-2025,3,Wrong Item,47550
R19068,SO62276,P1967,26-May-2025,11,Defective,715660
R19069,SO38408,P1893,04-Mar-2025,1,Quality Issue,1680
R19070,SO67262,P2000,07-Mar-2025,2,Defective,141600
R19071,SO29666,P1898,18-Dec-2025,3,Not Required,81450
R19072,SO20637,P1898,01-Jul-2025,3,Size Issue,81450
R19073,SO11866,P1343,14-Jun-2025,4,Not Required,212800
R19074,SO55530,P1961,12-Aug-2025,13,Size Issue,282880
R19075,SO42128,P1454,15-Jan-2026,3,Not Required,166380
R19076,SO16106,P1588,01-Jul-2025,2,Damaged,78820
R19077,SO44668,P1266,20-Jun-2025,1,Damaged,8240
R19078,SO67045,P1663,26-Oct-2025,10,Quality Issue,408400
R19079,SO38074,P1214,11-Feb-2025,1,Quality Issue,27420
R19080,SO40948,P1115,11-Mar-2025,1,Defective,15850
R19081,SO12700,P1231,28-Oct-2025,7,Not Required,285880
R19082,SO18837,P1973,26-Oct-2025,2,Late Delivery,35380
R19083,SO32677,P1361,29-May-2025,2,Defective,96860
R19084,SO14211,P1290,14-Aug-2025,9,Damaged,607230
R19085,SO24484,P1742,18-Oct-2025,4,Damaged,299640
R19086,SO66530,P1081,04-Jul-2025,4,Quality Issue,297360
R19087,SO56276,P1538,04-Jun-2025,2,Quality Issue,160320
R19088,SO48934,P1407,18-Feb-2025,1,Not Required,62040
R19089,SO36457,P1416,19-Nov-2025,3,Defective,14160
R19090,SO45693,P1154,24-Apr-2025,9,Not Required,221040
R19091,SO54071,P1575,08-May-2025,4,Not Required,38200
R19092,SO59858,P1392,30-Aug-2025,1,Not Required,31450
R19093,SO23557,P1591,06-Nov-2025,14,Size Issue,10780
R19094,SO12421,P1120,04-Jan-2026,2,Wrong Item,46720
R19095,SO31392,P1450,14-Jul-2025,2,Quality Issue,20760
R19096,SO12694,P1810,21-Dec-2025,1,Not Required,70500
R19097,SO36371,P1683,16-Oct-2025,3,Defective,181620
R19098,SO34378,P1366,18-May-2025,11,Not Required,404910
R19099,SO47672,P1198,30-Mar-2025,9,Late Delivery,162360
R19100,SO66112,P1380,04-Feb-2025,3,Damaged,66330
R19101,SO55506,P1934,11-Jun-2025,1,Defective,46930
R19102,SO54046,P1986,28-Apr-2025,3,Not Required,190170
R19103,SO45104,P1436,25-Apr-2025,3,Defective,3060
R19104,SO11520,P1220,09-Apr-2025,6,Defective,436380
R19105,SO42716,P1814,27-Oct-2025,1,Defective,43240
R19106,SO36686,P1153,28-Nov-2025,5,Size Issue,245350
R19107,SO43996,P1477,15-Apr-2025,6,Damaged,102180
R19108,SO60272,P1715,31-Aug-2025,9,Damaged,666630
R19109,SO17466,P1316,13-Jul-2025,3,Not Required,13170
R19110,SO57693,P1696,19-Apr-2025,8,Defective,369760
R19111,SO52180,P1284,18-Sep-2025,10,Wrong Item,126900
R19112,SO64424,P1343,28-Aug-2025,5,Defective,266000
R19113,SO42171,P1219,06-Jul-2025,1,Damaged,2090
R19114,SO26514,P1997,21-Sep-2025,1,Quality Issue,26430
R19115,SO26923,P1658,19-Nov-2025,4,Quality Issue,142480
R19116,SO68697,P1038,27-Nov-2025,3,Late Delivery,78090
R19117,SO69107,P1762,02-Feb-2025,4,Defective,97680
R19118,SO38636,P1035,06-Sep-2025,4,Damaged,81480
R19119,SO10941,P1296,08-Sep-2025,13,Late Delivery,747370
R19120,SO53357,P1504,23-Jun-2025,1,Not Required,40580
R19121,SO17906,P1815,27-Jul-2025,1,Size Issue,25520
R19122,SO55054,P1396,02-Mar-2025,1,Quality Issue,7600
R19123,SO59567,P1237,29-May-2025,2,Wrong Item,119420
R19124,SO52452,P1317,09-Jul-2025,6,Quality Issue,360300
R19125,SO26844,P1049,26-Apr-2025,5,Defective,62450
R19126,SO52209,P1601,25-Oct-2025,9,Size Issue,91170
R19127,SO44906,P1880,25-Sep-2025,9,Damaged,372960
R19128,SO30802,P1257,16-Jun-2025,6,Late Delivery,276240
R19129,SO59789,P1295,07-Jan-2026,12,Defective,64800
R19130,SO27940,P1053,16-Jun-2025,9,Defective,263880
R19131,SO16893,P1403,18-Aug-2025,8,Defective,202720
R19132,SO26980,P1334,24-Jun-2025,8,Late Delivery,60080
R19133,SO65563,P1859,21-Dec-2025,3,Quality Issue,99930
R19134,SO60738,P1737,26-Jan-2025,4,Wrong Item,121040
R19135,SO69769,P1901,20-Mar-2025,12,Quality Issue,37920
R19136,SO18435,P1636,16-Oct-2025,2,Damaged,14220
R19137,SO52135,P1531,29-Sep-2025,2,Damaged,10100
R19138,SO13067,P1508,12-Mar-2025,12,Damaged,421320
R19139,SO46131,P1314,06-Oct-2025,4,Quality Issue,19920
R19140,SO38177,P1089,29-Jul-2025,11,Not Required,355740
R19141,SO27772,P1050,21-May-2025,9,Size Issue,238860
R19142,SO62077,P1118,01-Dec-2025,9,Quality Issue,139860
R19143,SO68923,P1025,03-May-2025,1,Quality Issue,38190
R19144,SO47664,P1727,10-Jun-2025,6,Damaged,413880
R19145,SO12137,P1240,13-Dec-2025,4,Defective,84160
R19146,SO62035,P1237,10-Dec-2025,3,Quality Issue,179130
R19147,SO63033,P1694,18-Jun-2025,3,Damaged,200610
R19148,SO37421,P1730,12-Oct-2025,9,Defective,208800
R19149,SO67330,P1680,15-Dec-2025,8,Defective,355120
R19150,SO20702,P1475,18-Sep-2025,15,Defective,255750
R19151,SO30220,P1418,18-May-2025,2,Defective,17380
R19152,SO44141,P1604,30-Sep-2025,3,Size Issue,71460
R19153,SO34626,P1912,24-May-2025,4,Damaged,218920
R19154,SO68099,P1084,03-Feb-2025,7,Damaged,530600
R19155,SO54641,P1748,23-Jan-2025,6,Defective,68220
R19156,SO58693,P1023,30-Jan-2025,4,Wrong Item,90280
R19157,SO30335,P1070,04-May-2025,6,Size Issue,440580
R19158,SO20950,P1639,28-Apr-2025,2,Defective,129480
R19159,SO10719,P1989,13-Dec-2025,5,Damaged,137150
R19160,SO12083,P1655,04-Jun-2025,3,Wrong Item,22230
R19161,SO14853,P1443,08-Apr-2025,1,Size Issue,39080
R19162,SO42014,P1345,15-Aug-2025,8,Damaged,120480
R19163,SO46418,P1760,19-May-2025,4,Late Delivery,282560
R19164,SO52554,P1584,05-Jul-2025,6,Late Delivery,322440
R19165,SO60692,P1022,14-Feb-2025,9,Size Issue,223560
R19166,SO65216,P1687,24-Feb-2025,2,Size Issue,27300
R19167,SO22864,P1530,03-Sep-2025,2,Damaged,57860
R19168,SO21439,P1764,12-Dec-2025,4,Late Delivery,290080
R19169,SO47492,P1521,19-Mar-2025,1,Not Required,380
R19170,SO65968,P1726,26-Jan-2025,6,Wrong Item,297600
R19171,SO57467,P1302,09-Jul-2025,12,Late Delivery,1440
R19172,SO45393,P1103,08-Sep-2025,6,Late Delivery,228600
R19173,SO53273,P1054,04-Mar-2025,2,Quality Issue,41920
R19174,SO26758,P1332,14-Nov-2025,1,Quality Issue,55390
R19175,SO37687,P1197,24-Mar-2025,4,Not Required,184240
R19176,SO55437,P1570,24-Jan-2025,1,Not Required,13830
R19177,SO51697,P1659,01-Aug-2025,2,Defective,89380
R19178,SO67351,P1291,26-Jul-2025,5,Wrong Item,148250
R19179,SO11830,P1124,13-Sep-2025,2,Size Issue,74340
R19180,SO24617,P1305,23-Oct-2025,13,Late Delivery,271700
R19181,SO11108,P1475,02-Aug-2025,7,Size Issue,119350
R19182,SO55709,P1291,13-Jan-2026,4,Defective,118600
R19183,SO39858,P1489,14-Mar-2025,7,Late Delivery,80710
R19184,SO44572,P1336,06-Jul-2025,1,Damaged,14560
R19185,SO43834,P1103,25-Sep-2025,5,Defective,190500
R19186,SO64589,P1171,24-Jan-2025,2,Wrong Item,81500
R19187,SO17935,P1158,20-Dec-2025,11,Quality Issue,512600
R19188,SO29958,P1251,28-Nov-2025,3,Size Issue,144660
R19189,SO24707,P1104,16-Nov-2025,1,Late Delivery,7170
R19190,SO38453,P1229,14-Jul-2025,1,Damaged,450
R19191,SO57188,P1579,15-Dec-2025,2,Quality Issue,19140
R19192,SO19758,P1457,05-Mar-2025,2,Not Required,51360
R19193,SO27891,P1377,10-Jun-2025,3,Late Delivery,30000
R19194,SO45865,P1788,18-Jul-2025,1,Not Required,2120
R19195,SO24079,P1115,01-Jan-2026,6,Not Required,95100
R19196,SO33952,P1434,07-Mar-2025,13,Quality Issue,321750
R19197,SO57988,P1962,29-Aug-2025,5,Damaged,169200
R19198,SO15553,P1626,05-Sep-2025,6,Damaged,235200
R19199,SO27640,P1106,15-Aug-2025,8,Defective,358480
R19200,SO69003,P1319,03-Mar-2025,1,Size Issue,37930
R19201,SO24582,P1594,13-Jul-2025,4,Size Issue,218960
R19202,SO41505,P1493,01-Nov-2025,4,Size Issue,83680
R19203,SO59218,P1302,25-Mar-2025,2,Damaged,240
R19204,SO56329,P1267,26-Jul-2025,5,Quality Issue,270800
R19205,SO52750,P1610,10-Aug-2025,1,Quality Issue,56320
R19206,SO42126,P1988,25-Nov-2025,10,Defective,433400
R19207,SO50320,P1383,05-Apr-2025,2,Not Required,99500
R19208,SO11851,P1676,18-Jan-2025,15,Damaged,1046550
R19209,SO54458,P1020,17-Jan-2025,1,Quality Issue,62170
R19210,SO25465,P1842,03-Dec-2025,2,Quality Issue,122660
R19211,SO63700,P1099,16-Oct-2025,4,Late Delivery,271920
R19212,SO19168,P1896,26-Mar-2025,18,Quality Issue,1047600
R19213,SO11803,P1352,04-Apr-2025,3,Not Required,9090
R19214,SO39830,P1576,06-Oct-2025,15,Quality Issue,482550
R19215,SO60710,P1830,06-Feb-2025,7,Size Issue,179760
R19216,SO49533,P1852,06-Feb-2025,2,Defective,74320
R19217,SO40995,P1011,19-Aug-2025,1,Size Issue,34260
R19218,SO38526,P1254,02-Jan-2026,9,Not Required,402660
R19219,SO23511,P1447,03-May-2025,12,Wrong Item,252600
R19220,SO11948,P1981,18-Oct-2025,4,Defective,91040
R19221,SO55905,P1549,30-Nov-2025,8,Damaged,344160
R19222,SO36186,P1851,06-Mar-2025,6,Wrong Item,153240
R19223,SO47444,P1688,08-Jan-2025,7,Quality Issue,52080
R19224,SO68598,P1575,15-May-2025,8,Wrong Item,76400
R19225,SO11598,P1398,05-Sep-2025,6,Damaged,70860
R19226,SO20077,P1350,11-Jun-2025,10,Quality Issue,502600
R19227,SO64139,P1407,17-Jul-2025,10,Wrong Item,620400
R19228,SO31384,P1099,10-Jun-2025,2,Not Required,135960
R19229,SO53222,P1220,22-Jun-2025,8,Late Delivery,581840
R19230,SO28655,P1324,15-Jan-2025,5,Quality Issue,335400
R19231,SO49616,P1810,10-Apr-2025,12,Not Required,846000
R19232,SO29617,P1862,16-Oct-2025,6,Wrong Item,265980
R19233,SO50585,P1854,29-Nov-2025,4,Late Delivery,24360
R19234,SO66709,P1289,09-Dec-2025,6,Late Delivery,122820
R19235,SO36797,P1179,10-Apr-2025,2,Not Required,118360
R19236,SO40045,P1206,06-Sep-2025,1,Wrong Item,68840
R19237,SO38744,P1051,28-Jul-2025,6,Late Delivery,210720
R19238,SO13611,P1957,16-Mar-2025,12,Wrong Item,149400
R19239,SO37829,P1947,21-Nov-2025,4,Size Issue,142200
R19240,SO40234,P1176,18-Jun-2025,13,Not Required,500630
R19241,SO13162,P1181,04-Sep-2025,4,Damaged,128720
R19242,SO52815,P1587,16-Jul-2025,1,Wrong Item,42970
R19243,SO37246,P1302,20-Mar-2025,5,Defective,600
R19244,SO16207,P1089,14-Mar-2025,5,Not Required,161700
R19245,SO41992,P1458,26-Jan-2025,3,Wrong Item,167370
R19246,SO50756,P1554,25-Feb-2025,4,Size Issue,149200
R19247,SO29644,P1016,24-Mar-2025,3,Size Issue,27630
R19248,SO43438,P1605,20-May-2025,10,Not Required,381000
R19249,SO22555,P1918,29-Nov-2025,1,Late Delivery,1470
R19250,SO66659,P1278,30-Sep-2025,7,Defective,382970
R19251,SO29549,P1659,27-Sep-2025,2,Late Delivery,89380
R19252,SO21302,P1414,17-Aug-2025,1,Not Required,340
R19253,SO16133,P1236,15-Jan-2025,10,Wrong Item,583000
R19254,SO54192,P1709,26-Jan-2025,1,Not Required,15480
R19255,SO52619,P1239,02-May-2025,5,Not Required,415600
R19256,SO41398,P1695,10-Aug-2025,5,Damaged,51050
R19257,SO51962,P1183,25-Oct-2025,1,Wrong Item,13060
R19258,SO48040,P1599,28-Mar-2025,2,Not Required,21640
R19259,SO33985,P1767,20-Oct-2025,4,Late Delivery,203920
R19260,SO32247,P1614,15-Jun-2025,3,Size Issue,14670
R19261,SO42419,P1042,04-Oct-2025,3,Wrong Item,93090
R19262,SO29662,P1822,10-Sep-2025,1,Wrong Item,52010
R19263,SO56952,P1462,22-Jun-2025,4,Quality Issue,125480
R19264,SO49330,P1612,30-Jul-2025,1,Not Required,4040
R19265,SO24599,P1848,26-Dec-2025,4,Late Delivery,136720
R19266,SO20191,P1914,31-May-2025,9,Quality Issue,605160
R19267,SO19563,P1530,01-Aug-2025,11,Late Delivery,318230
R19268,SO30416,P1590,14-Apr-2025,6,Size Issue,211140
R19269,SO29190,P1234,04-Sep-2025,4,Defective,50880
R19270,SO23396,P1969,19-Aug-2025,5,Wrong Item,237850
R19271,SO14753,P1057,05-Apr-2025,4,Late Delivery,1680
R19272,SO55609,P1467,27-Oct-2025,3,Not Required,85830
R19273,SO62581,P1805,02-Jan-2026,3,Damaged,91530
R19274,SO57243,P1507,03-Nov-2025,13,Quality Issue,960700
R19275,SO61524,P1061,14-Apr-2025,4,Late Delivery,153640
R19276,SO69432,P1877,10-May-2025,1,Quality Issue,36170
R19277,SO56366,P1507,25-Nov-2025,4,Not Required,295600
R19278,SO18899,P1614,04-Feb-2025,1,Not Required,4890
R19279,SO18508,P1077,10-Dec-2025,1,Quality Issue,25310
R19280,SO32108,P1645,25-Oct-2025,9,Not Required,556650
R19281,SO39747,P1115,01-Jul-2025,18,Defective,285300
R19282,SO10123,P1164,03-Dec-2025,3,Late Delivery,27930
R19283,SO17283,P1699,18-Jan-2025,2,Wrong Item,47620
R19284,SO31465,P1738,09-Mar-2025,1,Size Issue,11490
R19285,SO49580,P1936,06-Aug-2025,4,Late Delivery,95640
R19286,SO54647,P1542,03-Sep-2025,12,Defective,950880
R19287,SO46249,P1850,04-Aug-2025,3,Late Delivery,39030
R19288,SO50840,P1596,30-May-2025,2,Late Delivery,74420
R19289,SO30235,P1684,25-Sep-2025,7,Quality Issue,447160
R19290,SO16001,P1945,02-Sep-2025,15,Defective,844950
R19291,SO57719,P1379,14-May-2025,8,Late Delivery,319520
R19292,SO57511,P1162,09-Jan-2026,12,Quality Issue,228000
R19293,SO52142,P1342,05-Apr-2025,4,Damaged,317960
R19294,SO61370,P1151,14-Jan-2025,14,Damaged,12740
R19295,SO21550,P1977,16-Oct-2025,6,Defective,373380
R19296,SO50835,P1639,12-Aug-2025,13,Size Issue,841620
R19297,SO49702,P1437,04-Nov-2025,7,Defective,430430
R19298,SO63420,P1625,29-Jul-2025,6,Damaged,277080
R19299,SO24902,P1104,03-Jul-2025,6,Quality Issue,43020
R19300,SO38527,P1426,24-May-2025,1,Not Required,62540
R19301,SO33932,P1974,05-Jun-2025,9,Quality Issue,424620
R19302,SO42915,P1774,12-Jan-2025,11,Defective,510730
R19303,SO30151,P1388,17-Oct-2025,6,Quality Issue,354120
R19304,SO45691,P1347,26-Jan-2025,10,Defective,459800
R19305,SO35537,P1714,21-May-2025,2,Late Delivery,79700
R19306,SO24169,P1027,03-Sep-2025,13,Wrong Item,414440
R19307,SO26443,P1724,21-Oct-2025,1,Size Issue,24880
R19308,SO66291,P1758,29-Aug-2025,3,Wrong Item,105690
R19309,SO41098,P1821,17-Aug-2025,2,Damaged,132320
R19310,SO67836,P1113,24-Jan-2025,7,Wrong Item,258790
R19311,SO66978,P1896,28-May-2025,10,Defective,582000
R19312,SO33762,P1953,01-Jul-2025,9,Defective,586440
R19313,SO59866,P1704,22-Oct-2025,1,Defective,9350
R19314,SO63814,P1820,29-Dec-2025,8,Quality Issue,61840
R19315,SO22580,P1383,23-Dec-2025,2,Quality Issue,99500
R19316,SO59504,P1673,19-Jan-2025,6,Late Delivery,174420
R19317,SO38159,P1742,12-Dec-2025,4,Late Delivery,299640
R19318,SO21536,P1625,24-Mar-2025,6,Quality Issue,277080
R19319,SO17024,P1854,05-Jun-2025,8,Quality Issue,48720
R19320,SO44879,P1605,24-Apr-2025,2,Not Required,76200
R19321,SO52031,P1256,14-Apr-2025,5,Defective,48700
R19322,SO42788,P1326,13-Jun-2025,1,Quality Issue,11290
R19323,SO25684,P1068,18-Jan-2025,3,Damaged,53790
R19324,SO22390,P1817,21-Feb-2025,8,Late Delivery,601120
R19325,SO18638,P1313,26-Nov-2025,12,Wrong Item,44640
R19326,SO39728,P1702,16-Jul-2025,4,Size Issue,11240
R19327,SO29528,P1009,28-Mar-2025,1,Defective,5740
R19328,SO43897,P1516,04-Jan-2025,8,Not Required,195200
R19329,SO26135,P1785,10-Nov-2025,1,Late Delivery,20540
R19330,SO58814,P1697,05-May-2025,1,Late Delivery,62770
R19331,SO18888,P1439,21-Jul-2025,1,Size Issue,5900
R19332,SO43723,P1079,07-Aug-2025,1,Wrong Item,47580
R19333,SO40905,P1744,07-Mar-2025,1,Wrong Item,2900
R19334,SO22582,P1049,28-Nov-2025,4,Quality Issue,49960
R19335,SO37281,P1289,09-Dec-2025,2,Defective,40940
R19336,SO49573,P1583,05-Feb-2025,2,Damaged,101920
R19337,SO50277,P1216,02-Oct-2025,6,Wrong Item,325860
R19338,SO27309,P1927,19-Dec-2025,13,Wrong Item,364000
R19339,SO43075,P1797,09-Oct-2025,12,Wrong Item,71400
R19340,SO50142,P1627,06-Sep-2025,1,Quality Issue,61590
R19341,SO31564,P1198,31-May-2025,2,Late Delivery,36080
R19342,SO65106,P1725,29-Aug-2025,3,Late Delivery,60300
R19343,SO20676,P1379,18-Dec-2025,4,Defective,159760
R19344,SO10554,P1327,24-May-2025,8,Size Issue,32800
R19345,SO36900,P1080,17-Sep-2025,4,Defective,178880
R19346,SO68916,P1199,21-Nov-2025,17,Defective,188190
R19347,SO56932,P1321,29-Jul-2025,9,Wrong Item,578880
R19348,SO50380,P1589,23-Apr-2025,1,Defective,16780
R19349,SO11045,P2000,08-Apr-2025,13,Defective,920400
R19350,SO20689,P1429,22-Dec-2025,7,Not Required,337260
R19351,SO21840,P1126,15-Feb-2025,1,Defective,19390
R19352,SO44210,P1390,20-May-2025,1,Wrong Item,47700
R19353,SO48879,P1421,02-Feb-2025,9,Late Delivery,411660
R19354,SO21147,P1676,27-May-2025,5,Wrong Item,348850
R19355,SO63043,P1873,27-Sep-2025,6,Damaged,464700
R19356,SO29391,P1724,20-Feb-2025,3,Not Required,74640
R19357,SO18136,P1008,23-Mar-2025,2,Quality Issue,124680
R19358,SO46400,P1587,02-Apr-2025,6,Late Delivery,257820
R19359,SO10782,P1216,26-Aug-2025,11,Quality Issue,597410
R19360,SO30988,P1725,10-Jun-2025,1,Size Issue,20100
R19361,SO65784,P1614,28-Apr-2025,3,Late Delivery,14670
R19362,SO67355,P1826,23-Apr-2025,1,Size Issue,40370
R19363,SO50189,P1290,18-Sep-2025,8,Late Delivery,539760
R19364,SO20757,P1434,07-Feb-2025,1,Wrong Item,24750
R19365,SO57486,P1847,25-Sep-2025,11,Not Required,100650
R19366,SO64129,P1577,09-Jul-2025,9,Damaged,28170
R19367,SO63805,P1746,07-Jan-2026,10,Late Delivery,630700
R19368,SO67489,P1755,06-Feb-2025,1,Size Issue,55490
R19369,SO68013,P1898,07-Nov-2025,7,Late Delivery,190050
R19370,SO28171,P1632,21-Jul-2025,3,Size Issue,15600
R19371,SO45596,P1878,06-Apr-2025,8,Not Required,4560
R19372,SO32815,P1232,03-Apr-2025,7,Late Delivery,377930
R19373,SO12193,P1056,11-Dec-2025,2,Not Required,143380
R19374,SO39736,P1537,14-Mar-2025,1,Late Delivery,25760
R19375,SO29020,P1293,10-Sep-2025,1,Not Required,2410
R19376,SO59096,P1592,20-May-2025,17,Not Required,1359660
R19377,SO45302,P1836,11-Jun-2025,2,Quality Issue,110600
R19378,SO61556,P1257,25-Jul-2025,2,Wrong Item,92080
R19379,SO18374,P1821,17-Dec-2025,9,Size Issue,595440
R19380,SO19303,P1019,02-Mar-2025,11,Not Required,657140
R19381,SO16311,P1579,12-May-2025,2,Quality Issue,19140
R19382,SO53926,P1304,10-Sep-2025,2,Defective,86480
R19383,SO26806,P1414,05-Apr-2025,5,Not Required,1700
R19384,SO24608,P1524,21-Sep-2025,7,Wrong Item,415520
R19385,SO42653,P1582,09-Feb-2025,7,Quality Issue,182840
R19386,SO33082,P1474,06-Oct-2025,14,Size Issue,969080
R19387,SO59299,P1411,05-Mar-2025,7,Not Required,464380
R19388,SO33057,P1184,04-Oct-2025,10,Late Delivery,712400
R19389,SO34262,P1978,18-May-2025,6,Wrong Item,92040
R19390,SO66680,P1149,13-Sep-2025,6,Wrong Item,42900
R19391,SO34220,P1651,16-Jun-2025,1,Defective,14770
R19392,SO11213,P1802,03-Jan-2026,3,Damaged,17100
R19393,SO29141,P1315,06-Sep-2025,12,Defective,785160
R19394,SO29248,P1884,16-Mar-2025,1,Wrong Item,14610
R19395,SO44226,P1157,11-Jul-2025,1,Wrong Item,6340
R19396,SO25952,P1728,26-Jan-2025,5,Late Delivery,215350
R19397,SO54166,P1495,30-Aug-2025,5,Quality Issue,103400
R19398,SO21230,P1183,04-Dec-2025,7,Damaged,91420
R19399,SO53791,P1724,07-Jul-2025,1,Quality Issue,24880
R19400,SO29596,P1954,01-Apr-2025,1,Quality Issue,66880
R19401,SO48974,P1121,15-Jun-2025,5,Late Delivery,92650
R19402,SO59220,P1532,12-Sep-2025,3,Quality Issue,51720
R19403,SO14140,P1048,01-Jan-2026,2,Size Issue,99320
R19404,SO46590,P1290,19-Mar-2025,1,Wrong Item,67470
R19405,SO54038,P1131,17-Jul-2025,2,Size Issue,10180
R19406,SO22589,P1720,29-Jan-2025,6,Damaged,325560
R19407,SO23312,P1671,11-Nov-2025,10,Size Issue,162300
R19408,SO63714,P1986,22-Apr-2025,3,Wrong Item,190170
R19409,SO58377,P1531,22-Dec-2025,9,Not Required,45450
R19410,SO36926,P1378,22-Sep-2025,8,Size Issue,99280
R19411,SO43397,P1502,12-Mar-2025,6,Not Required,439620
R19412,SO56424,P1108,05-Jun-2025,3,Damaged,172500
R19413,SO13028,P1281,17-Aug-2025,2,Size Issue,2380
R19414,SO15934,P1636,16-Feb-2025,5,Not Required,35550
R19415,SO30687,P1125,15-Mar-2025,7,Not Required,79100
R19416,SO11898,P1650,18-Dec-2025,4,Quality Issue,184960
R19417,SO29866,P1914,21-Sep-2025,1,Quality Issue,67240
R19418,SO58369,P1948,02-Feb-2025,1,Defective,31900
R19419,SO25068,P1527,27-May-2025,4,Quality Issue,4920
R19420,SO15186,P1024,25-Aug-2025,10,Damaged,674700
R19421,SO56082,P1443,05-Feb-2025,12,Defective,468960
R19422,SO24458,P1900,19-Jul-2025,5,Size Issue,341100
R19423,SO43218,P1847,09-Dec-2025,1,Damaged,9150
R19424,SO38017,P1933,01-May-2025,4,Size Issue,23920
R19425,SO24534,P1154,04-Oct-2025,1,Not Required,24560
R19426,SO25293,P1356,05-Oct-2025,12,Late Delivery,319680
R19427,SO34722,P1540,14-Aug-2025,8,Not Required,94400
R19428,SO33288,P1290,30-Apr-2025,9,Quality Issue,607230
R19429,SO61212,P1780,31-Jul-2025,2,Not Required,43920
R19430,SO29926,P1157,03-Oct-2025,8,Late Delivery,50720
R19431,SO62477,P1567,24-Jun-2025,1,Late Delivery,7650
R19432,SO20660,P1365,15-Mar-2025,6,Size Issue,421080
R19433,SO46695,P1895,18-Dec-2025,1,Late Delivery,52790
R19434,SO51062,P1319,09-Aug-2025,2,Size Issue,75860
R19435,SO35720,P1688,02-May-2025,12,Quality Issue,89280
R19436,SO39477,P1140,20-Dec-2025,9,Late Delivery,317610
R19437,SO60483,P1322,03-Jun-2025,2,Defective,157740
R19438,SO64939,P1179,01-May-2025,12,Late Delivery,710160
R19439,SO50818,P1054,13-Sep-2025,11,Size Issue,230560
R19440,SO52958,P1281,20-Sep-2025,4,Defective,4760
R19441,SO36793,P1507,15-Dec-2025,10,Not Required,739000
R19442,SO17128,P1211,17-Aug-2025,9,Late Delivery,46170
R19443,SO55302,P1059,12-Oct-2025,14,Not Required,719600
R19444,SO53312,P1695,30-Aug-2025,15,Quality Issue,153150
R19445,SO25294,P1023,08-Jun-2025,1,Damaged,22570
R19446,SO33062,P1262,12-Nov-2025,4,Defective,128000
R19447,SO22490,P1875,31-Dec-2025,2,Damaged,70680
R19448,SO28682,P1668,20-Oct-2025,2,Late Delivery,37120
R19449,SO58742,P1038,03-Jan-2026,6,Size Issue,156180
R19450,SO21592,P1326,24-Oct-2025,1,Size Issue,11290
R19451,SO20724,P1130,11-Jun-2025,11,Wrong Item,298210
R19452,SO37047,P1010,30-Nov-2025,2,Not Required,12620
R19453,SO14009,P1903,22-Feb-2025,1,Wrong Item,56370
R19454,SO43660,P1169,22-Dec-2025,1,Damaged,62150
R19455,SO43585,P1964,12-Jul-2025,1,Not Required,60990
R19456,SO11404,P1803,21-May-2025,12,Size Issue,550800
R19457,SO31495,P1813,17-Feb-2025,3,Damaged,91200
R19458,SO22769,P1626,12-Apr-2025,5,Wrong Item,196000
R19459,SO53574,P1556,13-Jun-2025,12,Size Issue,539880
R19460,SO20315,P1624,08-Jun-2025,4,Quality Issue,284600
R19461,SO35430,P1854,02-Dec-2025,14,Size Issue,85260
R19462,SO56120,P1631,03-Jul-2025,8,Late Delivery,319360
R19463,SO43535,P1312,19-Dec-2025,12,Late Delivery,285000
R19464,SO61906,P1579,08-Jul-2025,4,Not Required,38280
R19465,SO26774,P1524,04-Nov-2025,3,Not Required,178080
R19466,SO61420,P1017,19-Aug-2025,9,Not Required,239220
R19467,SO50397,P1919,12-Mar-2025,11,Defective,60500
R19468,SO25020,P1282,30-May-2025,2,Defective,51080
R19469,SO35102,P1972,25-Jun-2025,8,Quality Issue,444080
R19470,SO27798,P1503,06-Oct-2025,1,Quality Issue,43200
R19471,SO56338,P1599,15-Apr-2025,6,Quality Issue,64920
R19472,SO54228,P1659,27-Aug-2025,12,Damaged,536280
R19473,SO45853,P1786,19-Jan-2025,4,Defective,279800
R19474,SO37937,P1052,25-Feb-2025,9,Damaged,100890
R19475,SO34342,P1335,02-Aug-2025,1,Not Required,5000
R19476,SO60419,P1414,05-Mar-2025,14,Quality Issue,4760
R19477,SO37009,P1815,27-Jan-2025,2,Not Required,51040
R19478,SO14241,P1635,11-Jan-2026,9,Size Issue,610740
R19479,SO18149,P1520,18-Apr-2025,14,Damaged,50260
R19480,SO30927,P1489,21-Dec-2025,6,Defective,69180
R19481,SO27184,P1323,24-Oct-2025,8,Damaged,76240
R19482,SO66171,P1899,18-Jul-2025,1,Wrong Item,67380
R19483,SO60880,P1833,21-Sep-2025,3,Late Delivery,91740
R19484,SO33875,P1767,08-Sep-2025,6,Damaged,305880
R19485,SO23002,P1296,18-Oct-2025,10,Damaged,574900
R19486,SO31827,P1270,08-May-2025,1,Size Issue,57980
R19487,SO30561,P1900,09-Jan-2025,2,Not Required,136440
R19488,SO30579,P1063,03-Jan-2026,2,Late Delivery,64560
R19489,SO57191,P1271,10-Mar-2025,10,Quality Issue,435100
R19490,SO31528,P1115,09-Mar-2025,7,Quality Issue,110950
R19491,SO24246,P1057,16-Feb-2025,2,Defective,840
R19492,SO35297,P1073,16-Apr-2025,6,Wrong Item,321000
R19493,SO35239,P1500,17-Aug-2025,3,Quality Issue,102510
R19494,SO69018,P1463,28-May-2025,12,Late Delivery,233400
R19495,SO27494,P1654,24-Oct-2025,5,Damaged,157750
R19496,SO31011,P1147,12-Nov-2025,1,Defective,40630
R19497,SO36040,P1641,07-Oct-2025,1,Wrong Item,24890
R19498,SO21515,P1925,19-Apr-2025,1,Quality Issue,27820
R19499,SO37157,P1352,15-Mar-2025,1,Not Required,3030
R19500,SO34451,P1536,14-Mar-2025,18,Wrong Item,1045620
R19501,SO47398,P1905,04-Oct-2025,3,Quality Issue,148710
R19502,SO38371,P1683,11-Jan-2026,5,Late Delivery,302700
R19503,SO24649,P1432,21-Feb-2025,1,Damaged,59510
R19504,SO51449,P1456,08-Jun-2025,3,Damaged,46740
R19505,SO42551,P1380,01-May-2025,1,Quality Issue,22110
R19506,SO27735,P1572,12-Sep-2025,2,Quality Issue,103080
R19507,SO43794,P1733,17-Mar-2025,4,Wrong Item,192880
R19508,SO46727,P1873,28-Sep-2025,7,Not Required,542150
R19509,SO24794,P1301,21-Apr-2025,12,Wrong Item,280320
R19510,SO57407,P1401,27-Nov-2025,4,Not Required,153880
R19511,SO11824,P1683,09-Mar-2025,12,Size Issue,726480
R19512,SO17575,P1758,15-Mar-2025,1,Not Required,35230
R19513,SO19990,P1021,25-Aug-2025,6,Wrong Item,121680
R19514,SO38267,P1822,23-Jun-2025,3,Defective,156030
R19515,SO54466,P1007,11-Jun-2025,1,Damaged,21930
R19516,SO40710,P1618,06-Feb-2025,4,Size Issue,202960
R19517,SO58736,P1625,17-Mar-2025,1,Late Delivery,46180
R19518,SO52458,P1254,23-Aug-2025,3,Not Required,134220
R19519,SO56668,P1492,24-Jan-2025,3,Not Required,127920
R19520,SO49920,P1116,11-Mar-2025,3,Size Issue,37260
R19521,SO45427,P1229,23-Feb-2025,1,Size Issue,450
R19522,SO18868,P1221,30-Nov-2025,11,Wrong Item,249590
R19523,SO48930,P1136,13-Jan-2025,5,Quality Issue,64000
R19524,SO38509,P1848,05-Jun-2025,16,Defective,546880
R19525,SO55808,P1511,07-Jul-2025,5,Quality Issue,101950
R19526,SO20844,P1249,08-Sep-2025,3,Not Required,14160
R19527,SO35864,P1570,21-Jun-2025,4,Quality Issue,55320
R19528,SO26488,P1490,10-Oct-2025,4,Quality Issue,40200
R19529,SO16191,P1429,13-Jun-2025,1,Wrong Item,48180
R19530,SO35559,P1384,31-Dec-2025,6,Wrong Item,12840
R19531,SO42922,P1266,26-May-2025,4,Not Required,32960
R19532,SO60339,P1304,14-Jun-2025,15,Quality Issue,648600
R19533,SO49750,P1903,05-Oct-2025,1,Not Required,56370
R19534,SO63350,P1662,23-Sep-2025,1,Not Required,69910
R19535,SO22006,P1567,28-Jun-2025,1,Late Delivery,7650
R19536,SO38169,P1562,31-May-2025,13,Not Required,705900
R19537,SO50480,P1634,22-Jun-2025,3,Defective,173040
R19538,SO60992,P1753,13-Jul-2025,5,Damaged,221450
R19539,SO21174,P1266,31-May-2025,12,Size Issue,98880
R19540,SO34238,P1820,15-Dec-2025,5,Defective,38650
R19541,SO50704,P1354,07-Feb-2025,3,Size Issue,197790
R19542,SO13357,P1771,30-Jul-2025,12,Size Issue,586920
R19543,SO11188,P1576,22-Jan-2025,1,Damaged,32170
R19544,SO60772,P1367,17-Jan-2025,3,Wrong Item,196170
R19545,SO37721,P1738,13-Nov-2025,3,Damaged,34470
R19546,SO20869,P1880,22-Jan-2025,1,Defective,41440
R19547,SO29461,P1543,30-Jan-2025,4,Defective,89480
R19548,SO53396,P1832,09-Nov-2025,8,Late Delivery,159920
R19549,SO46155,P1090,15-May-2025,5,Size Issue,278400
R19550,SO65499,P1695,24-Sep-2025,3,Late Delivery,30630
R19551,SO18176,P1624,09-Feb-2025,10,Not Required,711500
R19552,SO59063,P1070,28-Apr-2025,12,Not Required,881160
R19553,SO58114,P1193,25-Sep-2025,1,Damaged,18770
R19554,SO22399,P1028,10-Nov-2025,1,Size Issue,50120
R19555,SO41657,P1980,06-Oct-2025,6,Not Required,258780
R19556,SO19533,P1485,10-Feb-2025,15,Not Required,810150
R19557,SO17240,P1471,13-Feb-2025,1,Quality Issue,1400
R19558,SO55317,P1527,11-Aug-2025,7,Damaged,8610
R19559,SO57380,P1123,28-Feb-2025,5,Late Delivery,309450
R19560,SO68172,P1547,14-Mar-2025,16,Damaged,810240
R19561,SO63647,P1341,14-Jan-2026,2,Damaged,48420
R19562,SO56438,P1788,17-Mar-2025,5,Size Issue,10600
R19563,SO10741,P1840,23-Aug-2025,2,Damaged,142200
R19564,SO53356,P1649,01-May-2025,1,Defective,42310
R19565,SO34887,P1367,21-May-2025,16,Not Required,1046240
R19566,SO19975,P1732,30-Sep-2025,2,Damaged,46040
R19567,SO61407,P1151,15-Jun-2025,7,Wrong Item,6370
R19568,SO47142,P1147,22-Jan-2025,4,Size Issue,162520
R19569,SO34883,P1273,08-Sep-2025,6,Wrong Item,278640
R19570,SO12643,P1014,21-Feb-2025,3,Late Delivery,153150
R19571,SO18919,P1358,22-Apr-2025,3,Damaged,1200
R19572,SO20079,P1492,28-May-2025,5,Late Delivery,213200
R19573,SO53064,P1060,06-Sep-2025,1,Not Required,29620
R19574,SO47991,P1134,03-Jan-2026,5,Not Required,156850
R19575,SO10334,P1862,26-Oct-2025,2,Late Delivery,88660
R19576,SO10731,P1085,14-Aug-2025,16,Defective,920640
R19577,SO50021,P1097,13-Jul-2025,3,Wrong Item,172920
R19578,SO66477,P1790,13-Nov-2025,4,Quality Issue,236680
R19579,SO28649,P1058,10-Apr-2025,4,Defective,206520
R19580,SO36218,P1291,11-Mar-2025,5,Damaged,148250
R19581,SO36622,P1059,10-May-2025,11,Size Issue,565400
R19582,SO57625,P1921,04-Dec-2025,1,Quality Issue,19230
R19583,SO45795,P1244,03-Jan-2026,3,Damaged,78090
R19584,SO42160,P1121,20-Jul-2025,2,Size Issue,37060
R19585,SO58262,P1588,17-Nov-2025,2,Late Delivery,78820
R19586,SO59282,P1917,22-Dec-2025,1,Not Required,2480
R19587,SO41195,P1810,05-Jan-2026,1,Not Required,70500
R19588,SO34754,P1921,23-Feb-2025,12,Size Issue,230760
R19589,SO18760,P1382,28-Oct-2025,15,Late Delivery,250950
R19590,SO56327,P1829,19-Oct-2025,2,Size Issue,79680
R19591,SO67973,P1211,22-Feb-2025,2,Not Required,10260
R19592,SO25404,P1879,18-Sep-2025,7,Late Delivery,354620
R19593,SO52667,P1342,06-Nov-2025,1,Defective,79490
R19594,SO38300,P1364,04-Jul-2025,6,Size Issue,116340
R19595,SO43512,P1201,13-Nov-2025,13,Quality Issue,1035710
R19596,SO22712,P1520,21-Sep-2025,4,Size Issue,14360
R19597,SO15784,P1955,18-Mar-2025,1,Damaged,33720
R19598,SO10959,P1722,29-Mar-2025,16,Not Required,353120
R19599,SO56806,P1422,25-Sep-2025,1,Wrong Item,29800
R19600,SO58748,P1933,19-Oct-2025,10,Not Required,59800
R19601,SO38684,P1442,03-Jan-2026,1,Not Required,19880
R19602,SO66357,P1833,30-Mar-2025,3,Damaged,91740
R19603,SO60924,P1568,07-Jun-2025,6,Size Issue,46440
R19604,SO57563,P1145,22-Jun-2025,4,Quality Issue,19560
R19605,SO13278,P1722,04-May-2025,11,Late Delivery,242770
R19606,SO35146,P1388,28-Oct-2025,1,Late Delivery,59020
R19607,SO68921,P1110,21-Jun-2025,1,Quality Issue,44930
R19608,SO69065,P1357,06-Mar-2025,16,Late Delivery,932320
R19609,SO32399,P1184,24-Jul-2025,5,Wrong Item,356200
R19610,SO14377,P1382,21-Jul-2025,13,Defective,217490
R19611,SO34859,P1056,05-May-2025,2,Damaged,143380
R19612,SO19509,P1372,19-Nov-2025,6,Late Delivery,35460
R19613,SO32532,P1950,16-Aug-2025,9,Not Required,345240
R19614,SO68165,P1948,30-Apr-2025,2,Defective,63800
R19615,SO54329,P1655,10-Mar-2025,9,Size Issue,66690
R19616,SO32388,P1212,19-Jul-2025,2,Wrong Item,111800
R19617,SO69358,P1432,04-Mar-2025,3,Not Required,178530
R19618,SO33850,P1890,20-Jun-2025,10,Quality Issue,698600
R19619,SO51280,P1540,05-Nov-2025,6,Late Delivery,70800
R19620,SO24354,P1731,10-Apr-2025,2,Size Issue,119400
R19621,SO37838,P1319,02-Jul-2025,3,Quality Issue,113790
R19622,SO38438,P1114,22-Mar-2025,11,Quality Issue,577720
R19623,SO25624,P1930,08-Nov-2025,14,Not Required,731640
R19624,SO16953,P1488,23-May-2025,3,Damaged,69780
R19625,SO22388,P1747,09-Aug-2025,1,Size Issue,1090
R19626,SO18146,P1324,23-Aug-2025,4,Quality Issue,268320
R19627,SO57924,P1630,15-Nov-2025,12,Size Issue,299520
R19628,SO53122,P1332,24-Nov-2025,14,Defective,775460
R19629,SO41638,P1808,28-Jun-2025,2,Damaged,136440
R19630,SO23416,P1672,04-Feb-2025,4,Late Delivery,115040
R19631,SO65780,P1775,02-Oct-2025,5,Late Delivery,341800
R19632,SO69707,P1416,11-Apr-2025,3,Not Required,14160
R19633,SO28856,P1890,24-Apr-2025,12,Late Delivery,838320
R19634,SO64747,P1435,06-Mar-2025,8,Late Delivery,381120
R19635,SO24557,P1553,25-Nov-2025,8,Damaged,113680
R19636,SO54771,P1939,30-Jun-2025,14,Late Delivery,826280
R19637,SO39006,P1642,10-Jan-2025,8,Not Required,8320
R19638,SO23758,P1802,17-Aug-2025,10,Not Required,57000
R19639,SO35873,P1628,17-Aug-2025,2,Quality Issue,95780
R19640,SO21427,P1602,06-Sep-2025,12,Damaged,914520
R19641,SO13218,P1076,27-Feb-2025,1,Wrong Item,440
R19642,SO23254,P1293,22-Dec-2025,5,Not Required,12050
R19643,SO32126,P1040,16-Oct-2025,5,Late Delivery,87600
R19644,SO40320,P1783,24-Feb-2025,1,Defective,31840
R19645,SO51899,P1634,20-Apr-2025,3,Damaged,173040
R19646,SO43855,P1480,16-Jul-2025,6,Quality Issue,156300
R19647,SO64087,P1125,11-Mar-2025,2,Defective,22600
R19648,SO62535,P1756,27-Nov-2025,1,Size Issue,64330
R19649,SO60077,P1594,22-Aug-2025,1,Wrong Item,54740
R19650,SO68212,P1743,18-Aug-2025,7,Late Delivery,286860
R19651,SO61725,P1137,13-Dec-2025,3,Not Required,36120
R19652,SO34752,P1269,22-Mar-2025,1,Damaged,22230
R19653,SO17881,P1281,22-Feb-2025,14,Defective,16660
R19654,SO56953,P1558,02-Jun-2025,10,Size Issue,279500
R19655,SO11254,P1367,21-Mar-2025,13,Late Delivery,850070
R19656,SO57411,P1687,28-Nov-2025,3,Size Issue,40950
R19657,SO48679,P1669,04-Jan-2026,3,Size Issue,106440
R19658,SO10249,P1133,01-Sep-2025,10,Wrong Item,729200
R19659,SO66484,P1288,02-Feb-2025,8,Damaged,36720
R19660,SO19550,P1755,19-Nov-2025,5,Not Required,277450
R19661,SO47211,P1318,22-Sep-2025,1,Defective,67820
R19662,SO15753,P1402,14-Feb-2025,4,Quality Issue,254680
R19663,SO67650,P1409,11-Feb-2025,7,Late Delivery,289940
R19664,SO22272,P1833,28-May-2025,11,Defective,336380
R19665,SO61343,P1321,20-Jul-2025,2,Late Delivery,128640
R19666,SO20075,P1713,01-Dec-2025,19,Wrong Item,828020
R19667,SO27312,P1860,12-Jan-2025,1,Late Delivery,67670
R19668,SO24543,P1838,10-Dec-2025,5,Defective,20150
R19669,SO53521,P1761,27-Sep-2025,1,Damaged,2930
R19670,SO13296,P1220,28-Jun-2025,8,Size Issue,581840
R19671,SO59122,P1403,04-Aug-2025,13,Late Delivery,329420
R19672,SO40456,P1542,18-Jun-2025,15,Quality Issue,1188600
R19673,SO29483,P1688,18-Feb-2025,6,Late Delivery,44640
R19674,SO60153,P1123,14-Jan-2026,5,Not Required,309450
R19675,SO46129,P1982,07-Apr-2025,1,Not Required,47350
R19676,SO37511,P1714,13-Jul-2025,6,Damaged,239100
R19677,SO26382,P1504,03-Aug-2025,15,Wrong Item,608700
R19678,SO14260,P1437,17-Jun-2025,2,Quality Issue,122980
R19679,SO35879,P1718,17-Mar-2025,5,Not Required,238300
R19680,SO47879,P1765,17-Mar-2025,1,Defective,39290
R19681,SO11772,P1844,06-Dec-2025,10,Wrong Item,251000
R19682,SO47318,P1453,01-Apr-2025,9,Quality Issue,759510
R19683,SO16859,P1056,09-Nov-2025,2,Damaged,143380
R19684,SO57230,P1117,17-Oct-2025,3,Defective,191340
R19685,SO32462,P1453,21-Dec-2025,5,Size Issue,421950
R19686,SO16488,P1727,13-Dec-2025,17,Not Required,1172660
R19687,SO49398,P1035,30-Mar-2025,14,Wrong Item,285180
R19688,SO69658,P1633,01-Jun-2025,2,Not Required,29620
R19689,SO21656,P1460,24-Feb-2025,2,Late Delivery,73680
R19690,SO48119,P1581,30-Nov-2025,7,Late Delivery,245490
R19691,SO17450,P1470,17-Feb-2025,15,Late Delivery,177150
R19692,SO53473,P1584,09-Oct-2025,9,Late Delivery,483660
R19693,SO20931,P1543,17-Feb-2025,14,Late Delivery,313180
R19694,SO32662,P1767,14-Nov-2025,8,Defective,407840
R19695,SO45649,P1218,21-Dec-2025,9,Quality Issue,140670
R19696,SO69922,P1455,27-Feb-2025,14,Damaged,458500
R19697,SO66106,P1955,01-Apr-2025,1,Damaged,33720
R19698,SO41262,P1592,15-Jul-2025,4,Late Delivery,319920
R19699,SO51206,P1254,03-Jun-2025,5,Defective,223700
R19700,SO65166,P1975,16-Mar-2025,4,Defective,95440
R19701,SO38758,P1719,21-Jul-2025,8,Size Issue,121120
R19702,SO17311,P1190,15-Sep-2025,1,Size Issue,35350
R19703,SO12071,P1376,04-Jul-2025,14,Size Issue,924560
R19704,SO37164,P1181,18-Jun-2025,1,Wrong Item,32180
R19705,SO35488,P1519,23-Jan-2025,4,Not Required,55200
R19706,SO59953,P1710,07-Jun-2025,19,Defective,684380
R19707,SO27526,P1637,29-Aug-2025,1,Size Issue,7620
R19708,SO62664,P1461,20-Nov-2025,3,Damaged,37800
R19709,SO49755,P1523,19-Oct-2025,5,Late Delivery,59450
R19710,SO62515,P1437,23-May-2025,5,Defective,307450
R19711,SO58970,P1860,15-Jun-2025,1,Damaged,67670
R19712,SO46588,P1225,01-Oct-2025,2,Defective,63020
R19713,SO52024,P1971,19-Nov-2025,1,Size Issue,17040
R19714,SO21108,P1326,21-Feb-2025,3,Late Delivery,33870
R19715,SO56629,P1599,05-Apr-2025,7,Wrong Item,75740
R19716,SO21718,P1227,05-Aug-2025,1,Not Required,51420
R19717,SO63109,P1363,01-May-2025,3,Late Delivery,185010
R19718,SO37500,P1494,25-Sep-2025,7,Quality Issue,181230
R19719,SO59050,P1458,18-Sep-2025,2,Wrong Item,111580
R19720,SO67151,P1205,25-Dec-2025,1,Late Delivery,3850
R19721,SO30835,P1254,04-May-2025,6,Wrong Item,268440
R19722,SO12251,P1814,02-Mar-2025,9,Late Delivery,389160
R19723,SO21346,P1444,31-Oct-2025,7,Wrong Item,454440
R19724,SO51700,P1574,13-Feb-2025,10,Not Required,453600
R19725,SO42634,P1040,28-Aug-2025,4,Defective,70080
R19726,SO21031,P1720,19-Dec-2025,2,Defective,108520
R19727,SO52403,P1308,14-Feb-2025,1,Wrong Item,10000
R19728,SO61719,P1201,17-Nov-2025,2,Wrong Item,159340
R19729,SO50412,P1282,05-Sep-2025,5,Not Required,127700
R19730,SO46378,P1336,27-Sep-2025,7,Wrong Item,101920
R19731,SO55812,P1752,07-Oct-2025,2,Quality Issue,60920
R19732,SO44366,P1372,23-Dec-2025,1,Defective,5910
R19733,SO48290,P1407,28-Jun-2025,13,Damaged,806520
R19734,SO49078,P1645,08-Jul-2025,11,Defective,680350
R19735,SO28795,P1085,02-Apr-2025,8,Wrong Item,460320
R19736,SO26236,P1362,29-Dec-2025,9,Not Required,586170
R19737,SO17743,P1498,06-Jan-2025,9,Not Required,610740
R19738,SO38166,P1838,08-Mar-2025,7,Late Delivery,28210
R19739,SO28527,P1584,16-Dec-2025,1,Not Required,53740
R19740,SO47557,P1417,28-Apr-2025,8,Defective,132960
R19741,SO15963,P1988,11-Jan-2026,6,Damaged,260040
R19742,SO49591,P1804,14-Aug-2025,8,Not Required,502800
R19743,SO51861,P1030,22-Feb-2025,11,Quality Issue,238700
R19744,SO62956,P1922,31-Aug-2025,7,Quality Issue,228410
R19745,SO56632,P1661,05-Nov-2025,5,Size Issue,26750
R19746,SO28976,P1155,01-Feb-2025,3,Size Issue,1770
R19747,SO27818,P1150,30-Jan-2025,18,Size Issue,1321560
R19748,SO57973,P1136,22-Jan-2025,19,Damaged,243200
R19749,SO10886,P1927,16-Jul-2025,2,Quality Issue,56000
R19750,SO43633,P1856,10-May-2025,1,Quality Issue,71560
R19751,SO39007,P1494,29-Jul-2025,2,Size Issue,51780
R19752,SO30735,P1320,28-Jan-2025,4,Late Delivery,105240
R19753,SO28360,P1042,08-Oct-2025,9,Late Delivery,279270
R19754,SO65003,P1370,05-Sep-2025,1,Damaged,4530
R19755,SO24095,P1489,11-Aug-2025,1,Not Required,11530
R19756,SO33709,P1748,31-Dec-2025,7,Quality Issue,79590
R19757,SO40697,P1964,16-Sep-2025,3,Late Delivery,182970
R19758,SO27355,P1317,26-Feb-2025,7,Defective,420350
R19759,SO62090,P1849,18-Jun-2025,13,Not Required,352820
R19760,SO38913,P1247,27-Jul-2025,4,Defective,232560
R19761,SO61610,P1998,28-May-2025,15,Wrong Item,458550
R19762,SO39358,P1336,13-Mar-2025,1,Size Issue,14560
R19763,SO65964,P1191,23-Jul-2025,12,Defective,754440
R19764,SO66172,P1493,04-Aug-2025,3,Damaged,62760
R19765,SO63039,P1980,21-Jan-2025,2,Late Delivery,86260
R19766,SO32405,P1640,27-May-2025,2,Not Required,51960
R19767,SO41977,P1961,09-Jun-2025,8,Not Required,174080
R19768,SO65317,P1116,14-Mar-2025,4,Size Issue,49680
R19769,SO48224,P1119,15-Aug-2025,5,Damaged,188700
R19770,SO32498,P1978,30-Sep-2025,7,Quality Issue,107380
R19771,SO52422,P1600,12-May-2025,5,Quality Issue,11650
R19772,SO36660,P1140,13-Jan-2026,3,Not Required,105870
R19773,SO30369,P1974,02-Nov-2025,6,Defective,283080
R19774,SO55845,P1644,01-Dec-2025,1,Late Delivery,32980
R19775,SO51480,P1596,04-Aug-2025,2,Late Delivery,74420
R19776,SO51394,P1177,17-Sep-2025,11,Wrong Item,613580
R19777,SO21595,P1010,08-Oct-2025,13,Not Required,82030
R19778,SO57653,P1075,08-Jan-2026,3,Wrong Item,204540
R19779,SO55407,P1077,23-May-2025,3,Late Delivery,75930
R19780,SO28641,P1013,26-Jun-2025,7,Not Required,399280
R19781,SO20871,P1550,27-Dec-2025,2,Damaged,115400
R19782,SO42442,P1873,24-Jul-2025,5,Not Required,387250
R19783,SO10530,P1359,19-May-2025,4,Not Required,12400
R19784,SO12981,P1081,03-Sep-2025,13,Quality Issue,966420
R19785,SO34016,P1950,01-Mar-2025,2,Quality Issue,76720
R19786,SO29273,P1647,25-Mar-2025,4,Not Required,39640
R19787,SO38269,P1778,29-Jun-2025,2,Quality Issue,74240
R19788,SO21087,P1752,26-Nov-2025,7,Late Delivery,213220
R19789,SO12023,P1995,25-Mar-2025,7,Not Required,386960
R19790,SO45954,P1169,30-Nov-2025,5,Quality Issue,310750
R19791,SO66198,P1006,04-May-2025,13,Defective,252720
R19792,SO40023,P1568,04-Jul-2025,1,Not Required,7740
R19793,SO28804,P1809,25-Apr-2025,1,Wrong Item,4350
R19794,SO25377,P1035,25-Sep-2025,3,Late Delivery,61110
R19795,SO65375,P1606,31-May-2025,2,Not Required,36280
R19796,SO67879,P1493,01-Nov-2025,12,Defective,251040
R19797,SO57817,P1454,14-Apr-2025,14,Damaged,776440
R19798,SO36071,P1084,13-Nov-2025,2,Damaged,151600
R19799,SO28530,P1270,12-Mar-2025,3,Size Issue,173940
R19800,SO32519,P1134,01-Feb-2025,8,Damaged,250960
R19801,SO55284,P1570,07-Feb-2025,15,Not Required,207450
R19802,SO41362,P1952,17-May-2025,11,Wrong Item,411950
R19803,SO31486,P1596,15-Jan-2026,2,Defective,74420
R19804,SO68458,P1931,06-Nov-2025,1,Size Issue,6910
R19805,SO25792,P1584,12-Sep-2025,17,Damaged,913580
R19806,SO29533,P1278,25-Jun-2025,5,Quality Issue,273550
R19807,SO65210,P1841,11-Sep-2025,2,Quality Issue,40480
R19808,SO48096,P1058,21-Mar-2025,4,Not Required,206520
R19809,SO30312,P1175,30-Oct-2025,16,Late Delivery,619200
R19810,SO34865,P1738,04-May-2025,11,Damaged,126390
R19811,SO62737,P1628,19-Jun-2025,5,Size Issue,239450
R19812,SO34224,P1554,27-Jun-2025,2,Quality Issue,74600
R19813,SO15953,P1429,19-Aug-2025,3,Defective,144540
R19814,SO43328,P1186,14-May-2025,3,Damaged,180360
R19815,SO63529,P1937,19-May-2025,13,Size Issue,527540
R19816,SO41187,P1097,06-Mar-2025,4,Damaged,230560
R19817,SO45190,P1105,08-Feb-2025,6,Wrong Item,424980
R19818,SO51288,P1705,18-Jul-2025,10,Defective,737500
R19819,SO65140,P1536,01-Aug-2025,6,Late Delivery,348540
R19820,SO56837,P1119,14-Jan-2025,1,Defective,37740
R19821,SO32739,P1885,14-Oct-2025,9,Wrong Item,36270
R19822,SO62422,P1174,15-Apr-2025,1,Damaged,15490
R19823,SO30888,P1121,15-Nov-2025,4,Damaged,74120
R19824,SO36714,P1707,20-May-2025,1,Late Delivery,1750
R19825,SO41021,P1918,16-May-2025,7,Defective,10290
R19826,SO57222,P1257,04-Mar-2025,5,Wrong Item,230200
R19827,SO56502,P1469,13-Mar-2025,1,Not Required,39520
R19828,SO45280,P1975,01-Aug-2025,9,Not Required,214740
R19829,SO18642,P1022,31-Oct-2025,15,Defective,372600
R19830,SO25466,P1810,19-Jan-2025,3,Damaged,211500
R19831,SO21065,P1651,07-Dec-2025,1,Late Delivery,14770
R19832,SO10540,P1705,02-Jul-2025,1,Size Issue,73750
R19833,SO65899,P1273,21-Jul-2025,10,Defective,464400
R19834,SO13912,P1847,24-Mar-2025,3,Not Required,27450
R19835,SO59264,P1879,23-Sep-2025,14,Late Delivery,709240
R19836,SO28039,P1108,31-Dec-2025,1,Size Issue,57500
R19837,SO24881,P1043,25-Nov-2025,3,Size Issue,89460
R19838,SO40642,P1046,02-Jun-2025,3,Damaged,110340
R19839,SO61337,P1253,04-Sep-2025,6,Not Required,127680
R19840,SO12523,P1097,09-Jul-2025,13,Size Issue,749320
R19841,SO38365,P1175,03-Aug-2025,4,Defective,154800
R19842,SO31806,P1571,07-May-2025,5,Quality Issue,318950
R19843,SO33064,P1795,15-May-2025,10,Quality Issue,610000
R19844,SO61164,P1043,27-Nov-2025,1,Defective,29820
R19845,SO27419,P1303,26-Apr-2025,6,Late Delivery,74220
R19846,SO15418,P1190,01-Jan-2026,17,Not Required,600950
R19847,SO14453,P1435,09-Apr-2025,2,Damaged,95280
R19848,SO55328,P1084,28-Aug-2025,11,Size Issue,833800
R19849,SO48453,P1869,30-Nov-2025,2,Damaged,107140
R19850,SO28787,P1046,16-Dec-2025,2,Quality Issue,73560
R19851,SO18598,P1821,14-Dec-2025,2,Late Delivery,132320
R19852,SO18699,P1525,14-Jul-2025,1,Not Required,24880
R19853,SO27631,P1904,08-Oct-2025,11,Size Issue,454960
R19854,SO41238,P1588,29-Apr-2025,1,Quality Issue,39410
R19855,SO23325,P1647,13-Jul-2025,2,Damaged,19820
R19856,SO54718,P1436,21-Oct-2025,6,Damaged,6120
R19857,SO40693,P1331,02-Aug-2025,2,Late Delivery,10160
R19858,SO63058,P1412,25-Mar-2025,2,Size Issue,64700
R19859,SO32787,P1128,30-May-2025,1,Not Required,71610
R19860,SO59366,P1256,26-Jun-2025,1,Late Delivery,9740
R19861,SO29678,P1246,08-May-2025,2,Late Delivery,54360
R19862,SO19934,P1756,17-Sep-2025,7,Not Required,450310
R19863,SO33298,P1720,26-Apr-2025,5,Late Delivery,271300
R19864,SO36046,P1416,09-Jul-2025,1,Size Issue,4720
R19865,SO34216,P1900,16-Sep-2025,3,Wrong Item,204660
R19866,SO64878,P1516,11-Jun-2025,15,Late Delivery,366000
R19867,SO41552,P1015,18-Oct-2025,3,Late Delivery,137160
R19868,SO58309,P1876,24-Oct-2025,10,Damaged,232700
R19869,SO45173,P1162,19-Jul-2025,4,Quality Issue,76000
R19870,SO68391,P1661,05-Nov-2025,2,Damaged,10700
R19871,SO17975,P1243,03-Feb-2025,1,Late Delivery,77540
R19872,SO67187,P1101,19-Nov-2025,1,Not Required,15380
R19873,SO46967,P1158,19-Mar-2025,1,Quality Issue,46600
R19874,SO17806,P1568,12-Aug-2025,3,Late Delivery,23220
R19875,SO33494,P1262,23-May-2025,12,Defective,384000
R19876,SO41395,P1207,01-Jan-2026,6,Defective,317700
R19877,SO67080,P1733,27-Apr-2025,1,Wrong Item,48220
R19878,SO26908,P1026,23-Feb-2025,6,Damaged,351180
R19879,SO21126,P1766,22-Sep-2025,9,Not Required,649350
R19880,SO61154,P1739,14-Feb-2025,1,Not Required,29320
R19881,SO17459,P1020,30-May-2025,9,Quality Issue,559530
R19882,SO18273,P1033,28-May-2025,1,Wrong Item,59650
R19883,SO19649,P1574,19-Jan-2025,9,Damaged,408240
R19884,SO26936,P1739,16-Aug-2025,7,Damaged,205240
R19885,SO31860,P1233,09-Oct-2025,4,Wrong Item,48280
R19886,SO28054,P1093,10-May-2025,2,Quality Issue,29500
R19887,SO15661,P1790,19-Feb-2025,7,Defective,414190
R19888,SO38465,P1883,06-Jun-2025,2,Damaged,111300
R19889,SO27198,P1598,27-Mar-2025,11,Late Delivery,423060
R19890,SO10089,P1294,03-May-2025,1,Wrong Item,52770
R19891,SO40947,P1279,27-Mar-2025,3,Defective,9780
R19892,SO39207,P1250,11-Oct-2025,5,Defective,69350
R19893,SO17707,P1214,27-Jul-2025,14,Damaged,383880
R19894,SO14595,P1969,17-Jun-2025,5,Not Required,237850
R19895,SO37324,P1041,04-May-2025,3,Wrong Item,101730
R19896,SO47882,P1852,24-Jun-2025,4,Not Required,148640
R19897,SO14020,P1945,05-Jan-2026,10,Defective,563300
R19898,SO41308,P1856,16-Sep-2025,2,Late Delivery,143120
R19899,SO45977,P1407,05-Aug-2025,1,Wrong Item,62040
R19900,SO62497,P1121,22-Mar-2025,8,Defective,148240
R19901,SO22122,P1520,23-Oct-2025,7,Damaged,25130
R19902,SO29997,P1888,01-Oct-2025,4,Quality Issue,104760
R19903,SO22202,P1335,12-Mar-2025,1,Wrong Item,5000
R19904,SO67809,P1849,29-Aug-2025,6,Quality Issue,162840
R19905,SO17346,P1874,11-Mar-2025,2,Quality Issue,47420
R19906,SO54065,P1306,14-Feb-2025,5,Defective,127300
R19907,SO13653,P1103,28-Jun-2025,15,Late Delivery,571500
R19908,SO61540,P1960,19-Feb-2025,3,Defective,142020
R19909,SO16638,P1430,14-Feb-2025,4,Damaged,50240
R19910,SO13030,P1570,01-Jun-2025,8,Size Issue,110640
R19911,SO60611,P1185,18-Sep-2025,5,Quality Issue,64600
R19912,SO56112,P1172,05-Dec-2025,1,Defective,25350
R19913,SO10711,P1156,04-Dec-2025,6,Wrong Item,258540
R19914,SO11146,P1307,29-Jun-2025,1,Late Delivery,65390
R19915,SO53634,P1812,10-Feb-2025,7,Damaged,474250
R19916,SO30350,P1760,06-Oct-2025,6,Late Delivery,423840
R19917,SO14591,P1684,01-May-2025,1,Defective,63880
R19918,SO47786,P1779,09-Jun-2025,6,Damaged,63840
R19919,SO47587,P1458,12-Oct-2025,5,Not Required,278950
R19920,SO39812,P1491,16-May-2025,1,Quality Issue,76420
R19921,SO61922,P1554,24-Jul-2025,7,Wrong Item,261100
R19922,SO25679,P1008,03-Jun-2025,1,Defective,62340
R19923,SO42182,P1699,30-Dec-2025,4,Wrong Item,95240
R19924,SO52383,P1780,25-Apr-2025,3,Quality Issue,65880
R19925,SO27439,P1473,05-Mar-2025,6,Damaged,211200
R19926,SO33756,P1914,20-Oct-2025,4,Late Delivery,268960
R19927,SO47548,P1771,22-Apr-2025,4,Defective,195640
R19928,SO46339,P1393,06-May-2025,16,Quality Issue,322400
R19929,SO63668,P1990,17-Dec-2025,5,Defective,51050
R19930,SO21083,P1568,10-May-2025,6,Late Delivery,46440
R19931,SO39040,P1179,02-Jun-2025,1,Quality Issue,59180
R19932,SO53152,P1986,24-Jan-2025,1,Late Delivery,63390
R19933,SO10778,P1199,09-Aug-2025,3,Size Issue,33210
R19934,SO24334,P1461,21-May-2025,8,Wrong Item,100800
R19935,SO37577,P1560,18-Nov-2025,14,Wrong Item,123760
R19936,SO45367,P1890,27-Jan-2025,7,Quality Issue,489020
R19937,SO47749,P1961,09-May-2025,3,Wrong Item,65280
R19938,SO44596,P1922,03-Dec-2025,1,Damaged,32630
R19939,SO44959,P1387,12-Mar-2025,1,Not Required,42250
R19940,SO64530,P1844,02-Jun-2025,13,Not Required,326300
R19941,SO55177,P1415,21-Apr-2025,3,Not Required,53460
R19942,SO43820,P1867,30-Aug-2025,1,Wrong Item,34790
R19943,SO24428,P1389,01-Oct-2025,3,Not Required,55770
R19944,SO42735,P1323,06-Jan-2025,12,Late Delivery,114360
R19945,SO12020,P1232,06-Feb-2025,1,Damaged,53990
R19946,SO36846,P1732,27-May-2025,3,Defective,69060
R19947,SO40107,P1260,11-Jul-2025,6,Not Required,407640
R19948,SO29568,P1970,16-Jul-2025,1,Defective,51280
R19949,SO54033,P1827,02-Sep-2025,2,Damaged,75500
R19950,SO16706,P1218,22-Oct-2025,6,Not Required,93780
R19951,SO58955,P1855,24-Jun-2025,3,Damaged,222660
R19952,SO23335,P1066,10-Jan-2026,1,Defective,21280
R19953,SO24550,P1260,20-Jul-2025,7,Not Required,475580
R19954,SO45961,P1519,23-Aug-2025,1,Not Required,13800
R19955,SO16816,P1079,25-Aug-2025,12,Wrong Item,570960
R19956,SO35456,P1863,31-Oct-2025,1,Not Required,14570
R19957,SO17429,P1486,12-Sep-2025,5,Damaged,323050
R19958,SO45540,P1832,30-Dec-2025,2,Late Delivery,39980
R19959,SO61656,P1396,12-Apr-2025,3,Defective,22800
R19960,SO46111,P1538,20-Jun-2025,3,Not Required,240480
R19961,SO22752,P1201,13-Sep-2025,5,Quality Issue,398350
R19962,SO19331,P1595,24-Feb-2025,1,Damaged,69790
R19963,SO55085,P1766,13-Mar-2025,5,Wrong Item,360750
R19964,SO14969,P1447,22-Dec-2025,4,Defective,84200
R19965,SO29908,P1490,29-May-2025,5,Defective,50250
R19966,SO27302,P1975,10-Jan-2026,10,Quality Issue,238600
R19967,SO52663,P1045,16-Mar-2025,10,Damaged,444400
R19968,SO16117,P1300,28-Aug-2025,1,Quality Issue,13640
R19969,SO10093,P1823,23-Apr-2025,13,Not Required,1039220
R19970,SO21716,P1397,04-Jun-2025,18,Defective,759240
R19971,SO26458,P1514,19-Jul-2025,2,Quality Issue,14260
R19972,SO21374,P1599,05-Jul-2025,3,Defective,32460
R19973,SO12616,P1898,05-Mar-2025,1,Late Delivery,27150
R19974,SO67519,P1507,08-Feb-2025,1,Size Issue,73900
R19975,SO26725,P1035,20-Mar-2025,4,Size Issue,81480
R19976,SO30431,P1410,17-Mar-2025,6,Quality Issue,466500
R19977,SO39098,P1298,14-Apr-2025,17,Wrong Item,1211590
R19978,SO46001,P1511,13-Jul-2025,4,Size Issue,81560
R19979,SO63734,P1790,12-Jun-2025,1,Not Required,59170
R19980,SO51433,P1350,04-Oct-2025,5,Damaged,251300
R19981,SO22932,P1560,15-Aug-2025,5,Not Required,44200
R19982,SO62986,P1580,23-Mar-2025,9,Quality Issue,301050
R19983,SO56035,P1905,22-Sep-2025,5,Late Delivery,247850
R19984,SO64643,P1903,09-Nov-2025,5,Wrong Item,281850
R19985,SO66545,P1552,02-Aug-2025,3,Size Issue,199350
R19986,SO19768,P1446,11-Aug-2025,1,Size Issue,64510
R19987,SO57473,P1541,20-Apr-2025,4,Not Required,288880
R19988,SO18182,P1948,13-May-2025,6,Wrong Item,191400
R19989,SO44747,P1793,15-Jun-2025,1,Quality Issue,59890
R19990,SO64973,P1721,31-Aug-2025,10,Size Issue,623000
R19991,SO26561,P1631,30-Nov-2025,11,Wrong Item,439120
R19992,SO22365,P1971,07-Jul-2025,3,Quality Issue,51120
R19993,SO62947,P1661,29-May-2025,2,Late Delivery,10700
R19994,SO52800,P1229,16-Aug-2025,4,Wrong Item,1800
R19995,SO16969,P1944,20-Apr-2025,14,Not Required,535220
R19996,SO34529,P1421,18-Jun-2025,13,Quality Issue,594620
R19997,SO42412,P1744,24-Jan-2025,5,Not Required,14500
R19998,SO41002,P1144,29-Aug-2025,4,Damaged,278320
R19999,SO29977,P1002,22-Jun-2025,4,Not Required,262960
R20000,SO38059,P1876,26-Apr-2025,2,Late Delivery,46540
